hostname,timestamp_iso,timestamp_ms,records_sent,recs_per_sec,mb_per_sec,avg_latency,max_latency,p50,p95,p99,p999
producer-1.pitur-265048.isolateedinburgh-pg0.utah.cloudlab.us,2025-08-12T23:51:07.075493043Z,1755042667075,49927,9983.4,4.76,42.5,3246.0,42,93,117,127
producer-1.pitur-265048.isolateedinburgh-pg0.utah.cloudlab.us,2025-08-12T23:51:12.114162992Z,1755042672114,50354,10068.8,4.80,10.1,66.0,6,28,37,52
producer-1.pitur-265048.isolateedinburgh-pg0.utah.cloudlab.us,2025-08-12T23:51:17.129103197Z,1755042677129,50127,10025.4,4.78,10.0,58.0,5,29,35,47
producer-1.pitur-265048.isolateedinburgh-pg0.utah.cloudlab.us,2025-08-12T23:51:22.153314293Z,1755042682153,50191,10014.2,4.78,10.0,50.0,5,29,36,42
producer-1.pitur-265048.isolateedinburgh-pg0.utah.cloudlab.us,2025-08-12T23:51:27.163796120Z,1755042687163,50140,10026.0,4.78,9.7,47.0,5,28,35,42
producer-1.pitur-265048.isolateedinburgh-pg0.utah.cloudlab.us,2025-08-12T23:51:32.173018482Z,1755042692173,50153,10030.6,4.78,10.0,42.0,5,29,33,39
producer-1.pitur-265048.isolateedinburgh-pg0.utah.cloudlab.us,2025-08-12T23:51:37.181049767Z,1755042697181,50107,10021.4,4.78,9.9,61.0,5,29,35,47
producer-1.pitur-265048.isolateedinburgh-pg0.utah.cloudlab.us,2025-08-12T23:51:42.191041769Z,1755042702191,50142,10024.4,4.78,10.0,62.0,5,29,35,50
producer-1.pitur-265048.isolateedinburgh-pg0.utah.cloudlab.us,2025-08-12T23:51:47.200913020Z,1755042707200,50062,10012.4,4.77,9.8,44.0,5,29,34,42
producer-1.pitur-265048.isolateedinburgh-pg0.utah.cloudlab.us,2025-08-12T23:51:52.208815045Z,1755042712208,50034,10006.8,4.77,10.0,57.0,5,29,35,46
producer-1.pitur-265048.isolateedinburgh-pg0.utah.cloudlab.us,2025-08-12T23:51:57.217988281Z,1755042717217,50133,10026.6,4.78,9.7,48.0,5,28,34,43
producer-1.pitur-265048.isolateedinburgh-pg0.utah.cloudlab.us,2025-08-12T23:52:02.225860321Z,1755042722225,50086,10017.2,4.78,9.8,53.0,5,28,34,42
producer-1.pitur-265048.isolateedinburgh-pg0.utah.cloudlab.us,2025-08-12T23:52:07.232446388Z,1755042727232,50058,10011.6,4.77,9.7,52.0,5,28,34,44
producer-1.pitur-265048.isolateedinburgh-pg0.utah.cloudlab.us,2025-08-12T23:52:12.239332265Z,1755042732239,49948,9989.6,4.76,10.0,48.0,5,29,34,43
producer-1.pitur-265048.isolateedinburgh-pg0.utah.cloudlab.us,2025-08-12T23:52:17.248107437Z,1755042737248,50026,10001.2,4.77,10.6,117.0,5,30,39,103
producer-1.pitur-265048.isolateedinburgh-pg0.utah.cloudlab.us,2025-08-12T23:52:22.257592005Z,1755042742257,50197,10037.4,4.79,10.5,72.0,5,30,37,60
producer-1.pitur-265048.isolateedinburgh-pg0.utah.cloudlab.us,2025-08-12T23:52:27.266175899Z,1755042747266,50170,10032.0,4.78,10.0,52.0,5,29,36,47
producer-1.pitur-265048.isolateedinburgh-pg0.utah.cloudlab.us,2025-08-12T23:52:32.275261414Z,1755042752275,49983,9992.6,4.76,10.1,44.0,5,29,34,39
producer-1.pitur-265048.isolateedinburgh-pg0.utah.cloudlab.us,2025-08-12T23:52:37.282103915Z,1755042757282,50173,10034.6,4.78,10.2,52.0,5,30,36,43
producer-1.pitur-265048.isolateedinburgh-pg0.utah.cloudlab.us,2025-08-12T23:52:42.289004261Z,1755042762288,49991,9998.2,4.77,10.1,44.0,5,29,35,40
producer-1.pitur-265048.isolateedinburgh-pg0.utah.cloudlab.us,2025-08-12T23:52:47.296662934Z,1755042767296,50139,10027.8,4.78,9.5,73.0,4,28,33,61
producer-1.pitur-265048.isolateedinburgh-pg0.utah.cloudlab.us,2025-08-12T23:52:52.303474071Z,1755042772303,50034,10006.8,4.77,9.6,74.0,4,29,38,62
producer-1.pitur-265048.isolateedinburgh-pg0.utah.cloudlab.us,2025-08-12T23:52:57.310012156Z,1755042777310,50052,10010.4,4.77,9.8,69.0,5,29,36,57
producer-1.pitur-265048.isolateedinburgh-pg0.utah.cloudlab.us,2025-08-12T23:53:02.317429218Z,1755042782317,50007,10001.4,4.77,9.4,46.0,4,29,34,41
producer-1.pitur-265048.isolateedinburgh-pg0.utah.cloudlab.us,2025-08-12T23:53:07.325425840Z,1755042787325,50105,10019.0,4.78,10.0,57.0,5,29,37,47
producer-1.pitur-265048.isolateedinburgh-pg0.utah.cloudlab.us,2025-08-12T23:53:12.331888145Z,1755042792331,50056,10011.2,4.77,9.6,43.0,4,28,34,40
producer-1.pitur-265048.isolateedinburgh-pg0.utah.cloudlab.us,2025-08-12T23:53:17.339447109Z,1755042797339,50213,10042.6,4.79,9.4,49.0,4,29,35,42
producer-1.pitur-265048.isolateedinburgh-pg0.utah.cloudlab.us,2025-08-12T23:53:22.347289096Z,1755042802347,49998,9997.6,4.77,9.8,98.0,4,29,41,87
producer-1.pitur-265048.isolateedinburgh-pg0.utah.cloudlab.us,2025-08-12T23:53:27.356570652Z,1755042807356,50103,10020.6,4.78,10.1,65.0,5,30,36,50
producer-1.pitur-265048.isolateedinburgh-pg0.utah.cloudlab.us,2025-08-12T23:53:32.366287041Z,1755042812366,49988,9995.6,4.77,9.8,45.0,5,29,35,42
producer-1.pitur-265048.isolateedinburgh-pg0.utah.cloudlab.us,2025-08-12T23:53:37.373477415Z,1755042817373,50124,10024.8,4.78,9.8,54.0,5,29,36,46
producer-1.pitur-265048.isolateedinburgh-pg0.utah.cloudlab.us,2025-08-12T23:53:42.385124104Z,1755042822385,50161,10026.2,4.78,9.3,48.0,4,28,35,43
producer-1.pitur-265048.isolateedinburgh-pg0.utah.cloudlab.us,2025-08-12T23:53:47.393676249Z,1755042827393,50010,10000.0,4.77,9.2,53.0,4,28,35,47
producer-1.pitur-265048.isolateedinburgh-pg0.utah.cloudlab.us,2025-08-12T23:53:52.399790811Z,1755042832399,50195,10039.0,4.79,9.3,55.0,4,28,35,47
producer-1.pitur-265048.isolateedinburgh-pg0.utah.cloudlab.us,2025-08-12T23:53:57.408542190Z,1755042837408,49905,9981.0,4.76,9.4,62.0,4,28,35,51
producer-1.pitur-265048.isolateedinburgh-pg0.utah.cloudlab.us,2025-08-12T23:54:02.416263172Z,1755042842416,50134,10026.8,4.78,9.5,46.0,4,29,35,42
producer-1.pitur-265048.isolateedinburgh-pg0.utah.cloudlab.us,2025-08-12T23:54:07.426961166Z,1755042847426,50170,10034.0,4.78,9.7,45.0,4,28,35,42
producer-1.pitur-265048.isolateedinburgh-pg0.utah.cloudlab.us,2025-08-12T23:54:12.434339258Z,1755042852434,50109,10021.8,4.78,9.9,46.0,5,29,36,43
producer-1.pitur-265048.isolateedinburgh-pg0.utah.cloudlab.us,2025-08-12T23:54:17.441923170Z,1755042857441,50077,10015.4,4.78,9.5,46.0,4,29,35,41
producer-1.pitur-265048.isolateedinburgh-pg0.utah.cloudlab.us,2025-08-12T23:54:22.449589295Z,1755042862449,50139,10027.8,4.78,9.7,68.0,4,29,38,55
producer-1.pitur-265048.isolateedinburgh-pg0.utah.cloudlab.us,2025-08-12T23:54:27.458108410Z,1755042867458,50076,10013.2,4.77,9.6,47.0,4,28,34,40
producer-1.pitur-265048.isolateedinburgh-pg0.utah.cloudlab.us,2025-08-12T23:54:32.466114318Z,1755042872466,49944,9984.8,4.76,9.7,74.0,4,29,38,62
producer-1.pitur-265048.isolateedinburgh-pg0.utah.cloudlab.us,2025-08-12T23:54:37.473871234Z,1755042877473,50213,10040.6,4.79,9.4,48.0,4,28,34,43
producer-1.pitur-265048.isolateedinburgh-pg0.utah.cloudlab.us,2025-08-12T23:54:42.481860022Z,1755042882481,50008,9999.6,4.77,9.5,53.0,4,28,35,44
producer-1.pitur-265048.isolateedinburgh-pg0.utah.cloudlab.us,2025-08-12T23:54:47.489585339Z,1755042887489,50002,10000.4,4.77,9.5,48.0,4,28,34,43
producer-1.pitur-265048.isolateedinburgh-pg0.utah.cloudlab.us,2025-08-12T23:54:52.497257870Z,1755042892497,50181,10036.2,4.79,9.6,50.0,4,28,34,43
producer-1.pitur-265048.isolateedinburgh-pg0.utah.cloudlab.us,2025-08-12T23:54:57.514559590Z,1755042897514,50023,9982.6,4.76,9.9,66.0,4,29,37,55
producer-1.pitur-265048.isolateedinburgh-pg0.utah.cloudlab.us,2025-08-12T23:55:02.521631577Z,1755042902521,50106,10021.2,4.78,9.9,92.0,4,29,36,80
producer-1.pitur-265048.isolateedinburgh-pg0.utah.cloudlab.us,2025-08-12T23:55:07.529207596Z,1755042907529,50208,10039.6,4.79,9.7,59.0,4,29,36,46
producer-1.pitur-265048.isolateedinburgh-pg0.utah.cloudlab.us,2025-08-12T23:55:12.537986491Z,1755042912537,50057,10011.4,4.77,9.4,54.0,4,28,37,50
producer-1.pitur-265048.isolateedinburgh-pg0.utah.cloudlab.us,2025-08-12T23:55:17.545312951Z,1755042917545,50025,10003.0,4.77,9.3,50.0,4,28,35,40
producer-1.pitur-265048.isolateedinburgh-pg0.utah.cloudlab.us,2025-08-12T23:55:22.552547141Z,1755042922552,50043,10008.6,4.77,9.6,57.0,4,29,35,48
producer-1.pitur-265048.isolateedinburgh-pg0.utah.cloudlab.us,2025-08-12T23:55:27.562598177Z,1755042927562,50179,10031.8,4.78,10.1,60.0,5,30,36,55
producer-1.pitur-265048.isolateedinburgh-pg0.utah.cloudlab.us,2025-08-12T23:55:32.571919998Z,1755042932571,50073,10012.6,4.77,10.1,84.0,5,30,38,72
producer-1.pitur-265048.isolateedinburgh-pg0.utah.cloudlab.us,2025-08-12T23:55:37.579451460Z,1755042937579,50056,10009.2,4.77,9.4,54.0,4,28,35,45
producer-1.pitur-265048.isolateedinburgh-pg0.utah.cloudlab.us,2025-08-12T23:55:42.588269940Z,1755042942588,50197,10039.4,4.79,9.8,48.0,4,29,35,43
producer-1.pitur-265048.isolateedinburgh-pg0.utah.cloudlab.us,2025-08-12T23:55:47.602047877Z,1755042947602,49945,9975.0,4.76,9.5,63.0,4,29,35,52
producer-1.pitur-265048.isolateedinburgh-pg0.utah.cloudlab.us,2025-08-12T23:55:52.607422824Z,1755042952607,50121,10024.2,4.78,9.2,46.0,4,27,33,40
producer-1.pitur-265048.isolateedinburgh-pg0.utah.cloudlab.us,2025-08-12T23:55:57.615911581Z,1755042957615,50187,10037.4,4.79,9.5,50.0,4,29,35,45
producer-1.pitur-265048.isolateedinburgh-pg0.utah.cloudlab.us,2025-08-12T23:56:02.622011415Z,1755042962622,50047,10009.4,4.77,9.8,48.0,5,29,36,43
producer-1.pitur-265048.isolateedinburgh-pg0.utah.cloudlab.us,2025-08-12T23:56:07.630683975Z,1755042967630,50104,10018.8,4.78,10.2,72.0,5,30,38,58
producer-1.pitur-265048.isolateedinburgh-pg0.utah.cloudlab.us,2025-08-12T23:56:12.637019156Z,1755042972637,50075,10015.0,4.78,9.5,53.0,4,29,35,42
producer-1.pitur-265048.isolateedinburgh-pg0.utah.cloudlab.us,2025-08-12T23:56:17.644670965Z,1755042977644,49976,9993.2,4.77,9.8,59.0,5,28,34,48
producer-1.pitur-265048.isolateedinburgh-pg0.utah.cloudlab.us,2025-08-12T23:56:22.656712812Z,1755042982656,50104,10016.8,4.78,10.1,53.0,5,30,37,46
producer-1.pitur-265048.isolateedinburgh-pg0.utah.cloudlab.us,2025-08-12T23:56:27.665781701Z,1755042987665,50201,10038.2,4.79,9.6,46.0,4,28,35,42
producer-1.pitur-265048.isolateedinburgh-pg0.utah.cloudlab.us,2025-08-12T23:56:32.673032306Z,1755042992673,50020,10002.0,4.77,9.6,58.0,4,29,36,49
producer-1.pitur-265048.isolateedinburgh-pg0.utah.cloudlab.us,2025-08-12T23:56:37.681911891Z,1755042997681,50090,10018.0,4.78,9.5,77.0,4,28,36,62
producer-1.pitur-265048.isolateedinburgh-pg0.utah.cloudlab.us,2025-08-12T23:56:42.689463500Z,1755043002689,49956,9991.2,4.76,9.7,52.0,4,29,35,47
producer-1.pitur-265048.isolateedinburgh-pg0.utah.cloudlab.us,2025-08-12T23:56:47.694312034Z,1755043007694,50167,10033.4,4.78,9.8,46.0,4,29,35,42
producer-1.pitur-265048.isolateedinburgh-pg0.utah.cloudlab.us,2025-08-12T23:56:52.703121402Z,1755043012703,50049,10005.8,4.77,9.5,51.0,4,29,35,44
producer-1.pitur-265048.isolateedinburgh-pg0.utah.cloudlab.us,2025-08-12T23:56:57.711968353Z,1755043017711,50160,10030.0,4.78,9.9,67.0,5,29,36,57
producer-1.pitur-265048.isolateedinburgh-pg0.utah.cloudlab.us,2025-08-12T23:57:02.720690408Z,1755043022720,50043,10008.6,4.77,10.1,93.0,5,29,39,77
producer-1.pitur-265048.isolateedinburgh-pg0.utah.cloudlab.us,2025-08-12T23:57:07.729128182Z,1755043027729,50120,10024.0,4.78,9.9,57.0,5,29,35,47
producer-1.pitur-265048.isolateedinburgh-pg0.utah.cloudlab.us,2025-08-12T23:57:12.735746087Z,1755043032735,50111,10022.2,4.78,9.6,57.0,4,29,35,47
producer-1.pitur-265048.isolateedinburgh-pg0.utah.cloudlab.us,2025-08-12T23:57:17.748223176Z,1755043037748,49909,9971.8,4.75,9.5,50.0,4,28,34,43
producer-1.pitur-265048.isolateedinburgh-pg0.utah.cloudlab.us,2025-08-12T23:57:22.755709341Z,1755043042755,50285,10057.0,4.80,9.7,50.0,4,29,36,43
producer-1.pitur-265048.isolateedinburgh-pg0.utah.cloudlab.us,2025-08-12T23:57:27.761200411Z,1755043047761,50007,10001.4,4.77,9.7,47.0,4,29,35,42
producer-1.pitur-265048.isolateedinburgh-pg0.utah.cloudlab.us,2025-08-12T23:57:32.768576034Z,1755043052768,50018,10003.6,4.77,9.8,79.0,4,29,36,67
producer-1.pitur-265048.isolateedinburgh-pg0.utah.cloudlab.us,2025-08-12T23:57:37.778077130Z,1755043057778,50015,9995.0,4.77,9.8,48.0,4,29,35,42
producer-1.pitur-265048.isolateedinburgh-pg0.utah.cloudlab.us,2025-08-12T23:57:42.785174096Z,1755043062785,50203,10038.6,4.79,9.8,44.0,4,29,35,42
producer-1.pitur-265048.isolateedinburgh-pg0.utah.cloudlab.us,2025-08-12T23:57:47.793345910Z,1755043067793,50001,10000.2,4.77,9.5,68.0,4,28,35,56
producer-1.pitur-265048.isolateedinburgh-pg0.utah.cloudlab.us,2025-08-12T23:57:52.800945822Z,1755043072800,50049,10009.8,4.77,9.5,47.0,4,28,35,43
producer-1.pitur-265048.isolateedinburgh-pg0.utah.cloudlab.us,2025-08-12T23:57:57.811692471Z,1755043077811,50208,10039.6,4.79,9.1,65.0,3,28,34,53
producer-1.pitur-265048.isolateedinburgh-pg0.utah.cloudlab.us,2025-08-12T23:58:02.821247425Z,1755043082821,50159,10029.8,4.78,9.9,61.0,4,29,37,49
producer-1.pitur-265048.isolateedinburgh-pg0.utah.cloudlab.us,2025-08-12T23:58:07.827664969Z,1755043087827,50026,10005.2,4.77,9.8,52.0,4,29,35,43
producer-1.pitur-265048.isolateedinburgh-pg0.utah.cloudlab.us,2025-08-12T23:58:12.835834064Z,1755043092835,50023,10002.6,4.77,9.6,55.0,4,28,34,45
producer-1.pitur-265048.isolateedinburgh-pg0.utah.cloudlab.us,2025-08-12T23:58:17.843515745Z,1755043097843,50048,10009.6,4.77,9.5,42.0,4,28,34,41
producer-1.pitur-265048.isolateedinburgh-pg0.utah.cloudlab.us,2025-08-12T23:58:22.850392291Z,1755043102850,50197,10039.4,4.79,9.7,62.0,4,29,36,53
producer-1.pitur-265048.isolateedinburgh-pg0.utah.cloudlab.us,2025-08-12T23:58:27.857260094Z,1755043107857,49968,9993.6,4.77,9.4,51.0,4,28,35,44
producer-1.pitur-265048.isolateedinburgh-pg0.utah.cloudlab.us,2025-08-12T23:58:32.865483623Z,1755043112865,50002,9998.4,4.77,9.5,67.0,4,28,36,54
producer-1.pitur-265048.isolateedinburgh-pg0.utah.cloudlab.us,2025-08-12T23:58:37.873794685Z,1755043117873,50146,10027.2,4.78,9.7,63.0,4,29,37,50
producer-1.pitur-265048.isolateedinburgh-pg0.utah.cloudlab.us,2025-08-12T23:58:42.884261086Z,1755043122884,50108,10017.6,4.78,9.9,68.0,4,30,37,56
producer-1.pitur-265048.isolateedinburgh-pg0.utah.cloudlab.us,2025-08-12T23:58:47.890508592Z,1755043127890,49971,9994.2,4.77,9.6,68.0,4,29,37,59
producer-1.pitur-265048.isolateedinburgh-pg0.utah.cloudlab.us,2025-08-12T23:58:52.896041735Z,1755043132896,50277,10055.4,4.79,9.4,49.0,4,29,35,42
producer-1.pitur-265048.isolateedinburgh-pg0.utah.cloudlab.us,2025-08-12T23:58:57.899422013Z,1755043137899,49797,9959.4,4.75,9.3,46.0,4,28,34,40
producer-1.pitur-265048.isolateedinburgh-pg0.utah.cloudlab.us,2025-08-12T23:59:02.905779767Z,1755043142905,50171,10034.2,4.78,9.6,56.0,4,28,35,49
producer-1.pitur-265048.isolateedinburgh-pg0.utah.cloudlab.us,2025-08-12T23:59:07.912019916Z,1755043147912,50136,10025.2,4.78,9.8,71.0,4,29,36,57
producer-1.pitur-265048.isolateedinburgh-pg0.utah.cloudlab.us,2025-08-12T23:59:12.920796790Z,1755043152920,50047,10009.4,4.77,9.7,65.0,4,29,37,54
producer-1.pitur-265048.isolateedinburgh-pg0.utah.cloudlab.us,2025-08-12T23:59:17.929035346Z,1755043157929,50152,10028.4,4.78,9.5,47.0,4,28,33,41
producer-1.pitur-265048.isolateedinburgh-pg0.utah.cloudlab.us,2025-08-12T23:59:22.936265525Z,1755043162936,50038,10007.6,4.77,9.4,45.0,4,28,34,40
producer-1.pitur-265048.isolateedinburgh-pg0.utah.cloudlab.us,2025-08-12T23:59:27.942928812Z,1755043167942,50027,10005.4,4.77,10.1,50.0,5,30,36,45
producer-1.pitur-265048.isolateedinburgh-pg0.utah.cloudlab.us,2025-08-12T23:59:32.949261480Z,1755043172949,50099,10019.8,4.78,9.3,49.0,4,28,34,43
producer-1.pitur-265048.isolateedinburgh-pg0.utah.cloudlab.us,2025-08-12T23:59:37.958944485Z,1755043177958,49913,9982.6,4.76,9.5,54.0,4,28,34,48
producer-1.pitur-265048.isolateedinburgh-pg0.utah.cloudlab.us,2025-08-12T23:59:42.966529727Z,1755043182966,50196,10039.2,4.79,9.9,82.0,5,29,40,71
producer-1.pitur-265048.isolateedinburgh-pg0.utah.cloudlab.us,2025-08-12T23:59:47.973567127Z,1755043187973,50138,10025.6,4.78,9.8,73.0,4,29,36,63
producer-1.pitur-265048.isolateedinburgh-pg0.utah.cloudlab.us,2025-08-12T23:59:52.981912905Z,1755043192981,49949,9989.8,4.76,8.8,65.0,4,27,34,53
producer-1.pitur-265048.isolateedinburgh-pg0.utah.cloudlab.us,2025-08-12T23:59:57.989755085Z,1755043197989,50127,10023.4,4.78,9.6,48.0,4,28,34,43
producer-1.pitur-265048.isolateedinburgh-pg0.utah.cloudlab.us,2025-08-13T00:00:02.996361293Z,1755043202996,50148,10027.6,4.78,9.6,48.0,4,28,35,42
producer-1.pitur-265048.isolateedinburgh-pg0.utah.cloudlab.us,2025-08-13T00:00:08.003363274Z,1755043208003,50105,10021.0,4.78,9.8,60.0,5,29,36,53
producer-1.pitur-265048.isolateedinburgh-pg0.utah.cloudlab.us,2025-08-13T00:00:13.010756837Z,1755043213010,50089,10017.8,4.78,9.5,73.0,4,29,37,64
producer-1.pitur-265048.isolateedinburgh-pg0.utah.cloudlab.us,2025-08-13T00:00:18.017811778Z,1755043218017,50009,9999.8,4.77,9.6,70.0,4,29,36,61
producer-1.pitur-265048.isolateedinburgh-pg0.utah.cloudlab.us,2025-08-13T00:00:23.024016228Z,1755043223024,50007,10001.4,4.77,9.4,54.0,4,28,35,47
producer-1.pitur-265048.isolateedinburgh-pg0.utah.cloudlab.us,2025-08-13T00:00:28.031626731Z,1755043228031,50153,10030.6,4.78,9.7,59.0,4,29,35,50
producer-1.pitur-265048.isolateedinburgh-pg0.utah.cloudlab.us,2025-08-13T00:00:33.041176877Z,1755043233041,49977,9995.4,4.77,9.8,64.0,4,30,37,55
producer-1.pitur-265048.isolateedinburgh-pg0.utah.cloudlab.us,2025-08-13T00:00:38.049564716Z,1755043238049,50156,10031.2,4.78,9.4,44.0,4,28,34,40
producer-1.pitur-265048.isolateedinburgh-pg0.utah.cloudlab.us,2025-08-13T00:00:43.056711219Z,1755043243056,50127,10025.4,4.78,10.0,81.0,4,30,38,71
producer-1.pitur-265048.isolateedinburgh-pg0.utah.cloudlab.us,2025-08-13T00:00:48.063536088Z,1755043248063,49969,9993.8,4.77,10.0,69.0,5,29,38,56
producer-1.pitur-265048.isolateedinburgh-pg0.utah.cloudlab.us,2025-08-13T00:00:53.070822792Z,1755043253070,50120,10024.0,4.78,9.8,60.0,4,29,36,55
producer-1.pitur-265048.isolateedinburgh-pg0.utah.cloudlab.us,2025-08-13T00:00:58.076373454Z,1755043258076,50126,10025.2,4.78,9.9,52.0,5,29,37,46
producer-1.pitur-265048.isolateedinburgh-pg0.utah.cloudlab.us,2025-08-13T00:01:03.083343308Z,1755043263083,50065,10011.0,4.77,9.8,49.0,5,29,35,43
producer-1.pitur-265048.isolateedinburgh-pg0.utah.cloudlab.us,2025-08-13T00:01:08.090256732Z,1755043268090,49928,9985.6,4.76,9.9,63.0,5,29,36,49
producer-1.pitur-265048.isolateedinburgh-pg0.utah.cloudlab.us,2025-08-13T00:01:13.098688878Z,1755043273098,50167,10033.4,4.78,10.0,63.0,4,29,39,58
producer-1.pitur-265048.isolateedinburgh-pg0.utah.cloudlab.us,2025-08-13T00:01:18.106399685Z,1755043278106,50148,10027.6,4.78,9.7,58.0,4,29,38,52
producer-1.pitur-265048.isolateedinburgh-pg0.utah.cloudlab.us,2025-08-13T00:01:23.118736301Z,1755043283118,49949,9977.8,4.76,9.6,47.0,5,29,35,42
producer-1.pitur-265048.isolateedinburgh-pg0.utah.cloudlab.us,2025-08-13T00:01:28.126036305Z,1755043288126,50172,10034.4,4.78,9.9,52.0,5,29,34,42
producer-1.pitur-265048.isolateedinburgh-pg0.utah.cloudlab.us,2025-08-13T00:01:33.135216116Z,1755043293135,50095,10015.0,4.78,9.7,55.0,5,29,36,48
producer-1.pitur-265048.isolateedinburgh-pg0.utah.cloudlab.us,2025-08-13T00:01:38.144067820Z,1755043298144,50170,10034.0,4.78,9.5,61.0,4,28,34,52
producer-1.pitur-265048.isolateedinburgh-pg0.utah.cloudlab.us,2025-08-13T00:01:43.156941543Z,1755043303156,49909,9967.8,4.75,9.9,57.0,5,29,36,46
producer-1.pitur-265048.isolateedinburgh-pg0.utah.cloudlab.us,2025-08-13T00:01:48.164969563Z,1755043308164,50223,10042.6,4.79,9.4,51.0,4,28,35,45
producer-1.pitur-265048.isolateedinburgh-pg0.utah.cloudlab.us,2025-08-13T00:01:53.173713890Z,1755043313173,50135,10027.0,4.78,9.5,78.0,4,28,36,69
producer-1.pitur-265048.isolateedinburgh-pg0.utah.cloudlab.us,2025-08-13T00:01:58.180588982Z,1755043318180,50063,10012.6,4.77,9.4,53.0,4,28,35,45
producer-1.pitur-265048.isolateedinburgh-pg0.utah.cloudlab.us,2025-08-13T00:02:03.189284598Z,1755043323189,50054,10010.8,4.77,9.3,47.0,4,27,33,40
producer-1.pitur-265048.isolateedinburgh-pg0.utah.cloudlab.us,2025-08-13T00:02:08.196027434Z,1755043328196,50043,10006.6,4.77,9.3,46.0,4,28,34,42
producer-1.pitur-265048.isolateedinburgh-pg0.utah.cloudlab.us,2025-08-13T00:02:13.203192087Z,1755043333203,50070,10014.0,4.78,9.6,49.0,4,29,35,41
producer-1.pitur-265048.isolateedinburgh-pg0.utah.cloudlab.us,2025-08-13T00:02:18.212050692Z,1755043338212,50087,10017.4,4.78,9.3,50.0,4,28,35,43
producer-1.pitur-265048.isolateedinburgh-pg0.utah.cloudlab.us,2025-08-13T00:02:23.219621958Z,1755043343219,50063,10012.6,4.77,9.4,82.0,4,28,35,71
producer-1.pitur-265048.isolateedinburgh-pg0.utah.cloudlab.us,2025-08-13T00:02:28.227732010Z,1755043348227,50114,10020.8,4.78,9.5,52.0,5,28,34,43
producer-1.pitur-265048.isolateedinburgh-pg0.utah.cloudlab.us,2025-08-13T00:02:33.246207067Z,1755043353246,50035,9983.0,4.76,9.5,46.0,4,28,35,42
producer-1.pitur-265048.isolateedinburgh-pg0.utah.cloudlab.us,2025-08-13T00:02:38.252743891Z,1755043358252,50198,10039.6,4.79,9.6,64.0,4,29,36,50
producer-1.pitur-265048.isolateedinburgh-pg0.utah.cloudlab.us,2025-08-13T00:02:43.263490403Z,1755043363263,50130,10024.0,4.78,9.8,66.0,4,29,36,54
producer-1.pitur-265048.isolateedinburgh-pg0.utah.cloudlab.us,2025-08-13T00:02:48.272001775Z,1755043368271,50043,10008.6,4.77,9.9,57.0,5,29,37,52
producer-1.pitur-265048.isolateedinburgh-pg0.utah.cloudlab.us,2025-08-13T00:02:53.278480798Z,1755043373278,50051,10010.2,4.77,9.4,43.0,4,29,34,41
producer-1.pitur-265048.isolateedinburgh-pg0.utah.cloudlab.us,2025-08-13T00:02:58.285814455Z,1755043378285,50029,10005.8,4.77,9.8,61.0,5,29,36,49
producer-1.pitur-265048.isolateedinburgh-pg0.utah.cloudlab.us,2025-08-13T00:03:03.294323853Z,1755043383294,50067,10011.4,4.77,9.6,52.0,4,28,35,45
producer-1.pitur-265048.isolateedinburgh-pg0.utah.cloudlab.us,2025-08-13T00:03:08.300286999Z,1755043388300,50178,10035.6,4.79,9.4,51.0,4,28,34,43
producer-1.pitur-265048.isolateedinburgh-pg0.utah.cloudlab.us,2025-08-13T00:03:13.309248907Z,1755043393309,50008,9995.6,4.77,9.7,45.0,5,29,34,41
