hostname,timestamp_iso,timestamp_ms,records_sent,recs_per_sec,mb_per_sec,avg_latency,max_latency,p50,p95,p99,p999
producer-1.pitur-265048.isolateedinburgh-pg0.utah.cloudlab.us,2025-08-12T23:51:07.170630192Z,1755042667170,49926,9983.2,4.76,37.7,3169.0,30,106,153,181
producer-1.pitur-265048.isolateedinburgh-pg0.utah.cloudlab.us,2025-08-12T23:51:12.203624552Z,1755042672203,50349,10067.8,4.80,7.3,71.0,2,26,35,57
producer-1.pitur-265048.isolateedinburgh-pg0.utah.cloudlab.us,2025-08-12T23:51:17.218564219Z,1755042677218,50186,10035.2,4.79,7.1,47.0,2,27,33,39
producer-1.pitur-265048.isolateedinburgh-pg0.utah.cloudlab.us,2025-08-12T23:51:22.228011099Z,1755042682228,50074,10014.8,4.78,6.9,46.0,2,26,33,40
producer-1.pitur-265048.isolateedinburgh-pg0.utah.cloudlab.us,2025-08-12T23:51:27.237126746Z,1755042687237,50061,10012.2,4.77,6.6,41.0,2,26,31,37
producer-1.pitur-265048.isolateedinburgh-pg0.utah.cloudlab.us,2025-08-12T23:51:32.245872080Z,1755042692245,50133,10026.6,4.78,6.6,41.0,2,26,32,39
producer-1.pitur-265048.isolateedinburgh-pg0.utah.cloudlab.us,2025-08-12T23:51:37.252150788Z,1755042697252,49990,9998.0,4.77,6.8,45.0,2,26,31,37
producer-1.pitur-265048.isolateedinburgh-pg0.utah.cloudlab.us,2025-08-12T23:51:42.260741635Z,1755042702260,50162,10030.4,4.78,6.7,41.0,2,26,31,37
producer-1.pitur-265048.isolateedinburgh-pg0.utah.cloudlab.us,2025-08-12T23:51:47.268263250Z,1755042707268,50088,10017.6,4.78,6.8,45.0,2,26,32,38
producer-1.pitur-265048.isolateedinburgh-pg0.utah.cloudlab.us,2025-08-12T23:51:52.276293957Z,1755042712276,49957,9987.4,4.76,7.3,49.0,2,28,36,43
producer-1.pitur-265048.isolateedinburgh-pg0.utah.cloudlab.us,2025-08-12T23:51:57.282257571Z,1755042717282,50102,10020.4,4.78,6.8,44.0,2,26,32,37
producer-1.pitur-265048.isolateedinburgh-pg0.utah.cloudlab.us,2025-08-12T23:52:02.289010821Z,1755042722289,50134,10024.8,4.78,6.8,67.0,2,26,31,53
producer-1.pitur-265048.isolateedinburgh-pg0.utah.cloudlab.us,2025-08-12T23:52:07.294045185Z,1755042727294,50010,10002.0,4.77,7.1,46.0,2,28,35,41
producer-1.pitur-265048.isolateedinburgh-pg0.utah.cloudlab.us,2025-08-12T23:52:12.300804423Z,1755042732300,50110,10022.0,4.78,6.7,41.0,2,26,31,37
producer-1.pitur-265048.isolateedinburgh-pg0.utah.cloudlab.us,2025-08-12T23:52:17.308011565Z,1755042737308,50067,10013.4,4.77,7.2,91.0,2,27,33,80
producer-1.pitur-265048.isolateedinburgh-pg0.utah.cloudlab.us,2025-08-12T23:52:22.316309633Z,1755042742316,49985,9997.0,4.77,7.2,74.0,2,27,35,62
producer-1.pitur-265048.isolateedinburgh-pg0.utah.cloudlab.us,2025-08-12T23:52:27.323929211Z,1755042747323,50188,10037.6,4.79,7.2,49.0,2,27,34,44
producer-1.pitur-265048.isolateedinburgh-pg0.utah.cloudlab.us,2025-08-12T23:52:32.331525190Z,1755042752331,50002,9998.4,4.77,6.6,44.0,2,26,31,39
producer-1.pitur-265048.isolateedinburgh-pg0.utah.cloudlab.us,2025-08-12T23:52:37.338102331Z,1755042757338,50122,10022.4,4.78,7.1,70.0,2,27,34,58
producer-1.pitur-265048.isolateedinburgh-pg0.utah.cloudlab.us,2025-08-12T23:52:42.344144056Z,1755042762344,50040,10008.0,4.77,6.8,49.0,2,26,32,42
producer-1.pitur-265048.isolateedinburgh-pg0.utah.cloudlab.us,2025-08-12T23:52:47.352022268Z,1755042767352,50026,10003.2,4.77,7.0,61.0,2,26,33,52
producer-1.pitur-265048.isolateedinburgh-pg0.utah.cloudlab.us,2025-08-12T23:52:52.358051681Z,1755042772358,49987,9997.4,4.77,7.3,52.0,2,27,35,47
producer-1.pitur-265048.isolateedinburgh-pg0.utah.cloudlab.us,2025-08-12T23:52:57.366251846Z,1755042777366,50099,10017.8,4.78,7.1,64.0,2,27,34,54
producer-1.pitur-265048.isolateedinburgh-pg0.utah.cloudlab.us,2025-08-12T23:53:02.372487186Z,1755042782372,50129,10025.8,4.78,7.0,69.0,2,27,34,59
producer-1.pitur-265048.isolateedinburgh-pg0.utah.cloudlab.us,2025-08-12T23:53:07.378113301Z,1755042787378,50106,10021.2,4.78,6.8,47.0,2,26,31,38
producer-1.pitur-265048.isolateedinburgh-pg0.utah.cloudlab.us,2025-08-12T23:53:12.384735391Z,1755042792384,50068,10013.6,4.77,7.3,50.0,2,28,36,43
producer-1.pitur-265048.isolateedinburgh-pg0.utah.cloudlab.us,2025-08-12T23:53:17.390292883Z,1755042797390,50094,10018.8,4.78,7.3,70.0,2,28,37,56
producer-1.pitur-265048.isolateedinburgh-pg0.utah.cloudlab.us,2025-08-12T23:53:22.399339479Z,1755042802399,49994,9996.8,4.77,7.3,109.0,2,27,36,95
producer-1.pitur-265048.isolateedinburgh-pg0.utah.cloudlab.us,2025-08-12T23:53:27.406706097Z,1755042807406,50139,10027.8,4.78,6.8,46.0,2,26,33,40
producer-1.pitur-265048.isolateedinburgh-pg0.utah.cloudlab.us,2025-08-12T23:53:32.414203128Z,1755042812414,50040,10006.0,4.77,6.8,52.0,2,26,32,46
producer-1.pitur-265048.isolateedinburgh-pg0.utah.cloudlab.us,2025-08-12T23:53:37.422802291Z,1755042817422,50029,10001.8,4.77,7.0,44.0,2,27,34,41
producer-1.pitur-265048.isolateedinburgh-pg0.utah.cloudlab.us,2025-08-12T23:53:42.429275745Z,1755042822429,50165,10031.0,4.78,7.1,51.0,2,27,34,47
producer-1.pitur-265048.isolateedinburgh-pg0.utah.cloudlab.us,2025-08-12T23:53:47.436069529Z,1755042827436,50040,10006.0,4.77,7.3,54.0,2,28,35,45
producer-1.pitur-265048.isolateedinburgh-pg0.utah.cloudlab.us,2025-08-12T23:53:52.443647260Z,1755042832443,50018,10001.6,4.77,7.0,65.0,2,27,34,56
producer-1.pitur-265048.isolateedinburgh-pg0.utah.cloudlab.us,2025-08-12T23:53:57.452121884Z,1755042837452,50118,10023.6,4.78,7.2,49.0,2,27,33,43
producer-1.pitur-265048.isolateedinburgh-pg0.utah.cloudlab.us,2025-08-12T23:54:02.458269179Z,1755042842458,50101,10020.2,4.78,7.1,46.0,2,27,34,42
producer-1.pitur-265048.isolateedinburgh-pg0.utah.cloudlab.us,2025-08-12T23:54:07.465400153Z,1755042847465,50063,10010.6,4.77,7.3,42.0,2,27,34,39
producer-1.pitur-265048.isolateedinburgh-pg0.utah.cloudlab.us,2025-08-12T23:54:12.472954144Z,1755042852472,50007,10001.4,4.77,7.0,49.0,2,27,34,42
producer-1.pitur-265048.isolateedinburgh-pg0.utah.cloudlab.us,2025-08-12T23:54:17.479270601Z,1755042857479,50129,10023.8,4.78,7.2,51.0,2,28,36,44
producer-1.pitur-265048.isolateedinburgh-pg0.utah.cloudlab.us,2025-08-12T23:54:22.484245382Z,1755042862484,50084,10016.8,4.78,7.2,71.0,2,27,37,59
producer-1.pitur-265048.isolateedinburgh-pg0.utah.cloudlab.us,2025-08-12T23:54:27.490628867Z,1755042867490,50070,10014.0,4.78,7.4,61.0,2,28,34,47
producer-1.pitur-265048.isolateedinburgh-pg0.utah.cloudlab.us,2025-08-12T23:54:32.498011216Z,1755042872498,49985,9997.0,4.77,7.0,64.0,2,27,35,52
producer-1.pitur-265048.isolateedinburgh-pg0.utah.cloudlab.us,2025-08-12T23:54:37.504738025Z,1755042877504,50040,10008.0,4.77,6.9,50.0,2,26,33,40
producer-1.pitur-265048.isolateedinburgh-pg0.utah.cloudlab.us,2025-08-12T23:54:42.510028171Z,1755042882510,50149,10029.8,4.78,7.0,57.0,2,26,33,46
producer-1.pitur-265048.isolateedinburgh-pg0.utah.cloudlab.us,2025-08-12T23:54:47.517601289Z,1755042887517,50026,10003.2,4.77,6.7,46.0,2,26,32,41
producer-1.pitur-265048.isolateedinburgh-pg0.utah.cloudlab.us,2025-08-12T23:54:52.523221247Z,1755042892523,50029,10005.8,4.77,6.7,44.0,2,26,32,39
producer-1.pitur-265048.isolateedinburgh-pg0.utah.cloudlab.us,2025-08-12T23:54:57.529061569Z,1755042897529,50109,10021.8,4.78,7.0,52.0,2,27,33,43
producer-1.pitur-265048.isolateedinburgh-pg0.utah.cloudlab.us,2025-08-12T23:55:02.535381672Z,1755042902535,50035,10005.0,4.77,6.8,81.0,2,26,33,69
producer-1.pitur-265048.isolateedinburgh-pg0.utah.cloudlab.us,2025-08-12T23:55:07.543027542Z,1755042907543,50045,10007.0,4.77,7.0,42.0,2,27,33,38
producer-1.pitur-265048.isolateedinburgh-pg0.utah.cloudlab.us,2025-08-12T23:55:12.551936940Z,1755042912551,50131,10024.2,4.78,7.1,58.0,2,28,36,46
producer-1.pitur-265048.isolateedinburgh-pg0.utah.cloudlab.us,2025-08-12T23:55:17.557423014Z,1755042917557,50079,10015.8,4.78,7.0,50.0,2,27,34,44
producer-1.pitur-265048.isolateedinburgh-pg0.utah.cloudlab.us,2025-08-12T23:55:22.563773644Z,1755042922563,49916,9983.2,4.76,7.0,54.0,2,27,35,45
producer-1.pitur-265048.isolateedinburgh-pg0.utah.cloudlab.us,2025-08-12T23:55:27.569484527Z,1755042927569,50236,10047.2,4.79,7.1,57.0,2,27,34,46
producer-1.pitur-265048.isolateedinburgh-pg0.utah.cloudlab.us,2025-08-12T23:55:32.575546201Z,1755042932575,49993,9998.6,4.77,7.3,62.0,2,27,36,52
producer-1.pitur-265048.isolateedinburgh-pg0.utah.cloudlab.us,2025-08-12T23:55:37.581078611Z,1755042937581,50044,10006.8,4.77,6.8,41.0,2,26,31,36
producer-1.pitur-265048.isolateedinburgh-pg0.utah.cloudlab.us,2025-08-12T23:55:42.588869349Z,1755042942588,50144,10028.8,4.78,6.9,47.0,2,27,32,40
producer-1.pitur-265048.isolateedinburgh-pg0.utah.cloudlab.us,2025-08-12T23:55:47.595623404Z,1755042947595,50008,10001.6,4.77,6.9,47.0,2,26,32,41
producer-1.pitur-265048.isolateedinburgh-pg0.utah.cloudlab.us,2025-08-12T23:55:52.603308340Z,1755042952603,50066,10009.2,4.77,6.8,44.0,2,26,33,41
producer-1.pitur-265048.isolateedinburgh-pg0.utah.cloudlab.us,2025-08-12T23:55:57.609660591Z,1755042957609,50145,10029.0,4.78,7.1,47.0,2,27,34,44
producer-1.pitur-265048.isolateedinburgh-pg0.utah.cloudlab.us,2025-08-12T23:56:02.616068942Z,1755042962616,50027,10005.4,4.77,6.8,43.0,2,26,33,39
producer-1.pitur-265048.isolateedinburgh-pg0.utah.cloudlab.us,2025-08-12T23:56:07.622594776Z,1755042967622,50103,10020.6,4.78,7.2,51.0,2,27,35,46
producer-1.pitur-265048.isolateedinburgh-pg0.utah.cloudlab.us,2025-08-12T23:56:12.629070423Z,1755042972629,50060,10008.0,4.77,7.1,63.0,2,27,34,51
producer-1.pitur-265048.isolateedinburgh-pg0.utah.cloudlab.us,2025-08-12T23:56:17.636828474Z,1755042977636,50021,10002.2,4.77,7.0,48.0,2,26,33,42
producer-1.pitur-265048.isolateedinburgh-pg0.utah.cloudlab.us,2025-08-12T23:56:22.645614996Z,1755042982645,50069,10011.8,4.77,7.0,51.0,2,27,33,42
producer-1.pitur-265048.isolateedinburgh-pg0.utah.cloudlab.us,2025-08-12T23:56:27.652164048Z,1755042987652,50087,10017.4,4.78,6.8,40.0,2,26,32,38
producer-1.pitur-265048.isolateedinburgh-pg0.utah.cloudlab.us,2025-08-12T23:56:32.659904040Z,1755042992659,50103,10018.6,4.78,7.3,55.0,2,27,34,45
producer-1.pitur-265048.isolateedinburgh-pg0.utah.cloudlab.us,2025-08-12T23:56:37.665382690Z,1755042997665,50026,10005.2,4.77,7.6,75.0,2,28,36,61
producer-1.pitur-265048.isolateedinburgh-pg0.utah.cloudlab.us,2025-08-12T23:56:42.670688779Z,1755043002670,50077,10015.4,4.78,7.3,49.0,2,28,34,42
producer-1.pitur-265048.isolateedinburgh-pg0.utah.cloudlab.us,2025-08-12T23:56:47.680059894Z,1755043007680,50037,10005.4,4.77,7.4,48.0,2,28,35,44
producer-1.pitur-265048.isolateedinburgh-pg0.utah.cloudlab.us,2025-08-12T23:56:52.688283328Z,1755043012688,50090,10018.0,4.78,7.2,50.0,2,27,35,45
producer-1.pitur-265048.isolateedinburgh-pg0.utah.cloudlab.us,2025-08-12T23:56:57.695442419Z,1755043017695,50065,10011.0,4.77,6.5,42.0,2,26,32,39
producer-1.pitur-265048.isolateedinburgh-pg0.utah.cloudlab.us,2025-08-12T23:57:02.702801450Z,1755043022702,49996,9999.2,4.77,7.3,82.0,2,27,35,71
producer-1.pitur-265048.isolateedinburgh-pg0.utah.cloudlab.us,2025-08-12T23:57:07.708461936Z,1755043027708,50134,10026.8,4.78,7.2,61.0,2,28,37,50
producer-1.pitur-265048.isolateedinburgh-pg0.utah.cloudlab.us,2025-08-12T23:57:12.715068400Z,1755043032715,50164,10030.8,4.78,7.0,47.0,2,27,33,40
producer-1.pitur-265048.isolateedinburgh-pg0.utah.cloudlab.us,2025-08-12T23:57:17.724220640Z,1755043037724,50008,9999.6,4.77,7.1,46.0,2,27,33,41
producer-1.pitur-265048.isolateedinburgh-pg0.utah.cloudlab.us,2025-08-12T23:57:22.732068579Z,1755043042732,50079,10015.8,4.78,7.0,44.0,2,27,33,40
producer-1.pitur-265048.isolateedinburgh-pg0.utah.cloudlab.us,2025-08-12T23:57:27.737787780Z,1755043047737,50041,10008.2,4.77,7.2,48.0,2,27,35,42
producer-1.pitur-265048.isolateedinburgh-pg0.utah.cloudlab.us,2025-08-12T23:57:32.744396824Z,1755043052744,50163,10032.6,4.78,7.5,59.0,2,29,37,46
producer-1.pitur-265048.isolateedinburgh-pg0.utah.cloudlab.us,2025-08-12T23:57:37.750064594Z,1755043057750,50039,10007.8,4.77,7.0,49.0,2,26,33,40
producer-1.pitur-265048.isolateedinburgh-pg0.utah.cloudlab.us,2025-08-12T23:57:42.755881259Z,1755043062755,49987,9997.4,4.77,7.2,47.0,2,27,35,42
producer-1.pitur-265048.isolateedinburgh-pg0.utah.cloudlab.us,2025-08-12T23:57:47.764356444Z,1755043067764,50174,10034.8,4.78,7.2,50.0,2,27,34,44
producer-1.pitur-265048.isolateedinburgh-pg0.utah.cloudlab.us,2025-08-12T23:57:52.770045515Z,1755043072770,49984,9996.8,4.77,7.4,48.0,2,28,35,43
producer-1.pitur-265048.isolateedinburgh-pg0.utah.cloudlab.us,2025-08-12T23:57:57.776235195Z,1755043077776,50077,10015.4,4.78,7.3,50.0,2,28,34,43
producer-1.pitur-265048.isolateedinburgh-pg0.utah.cloudlab.us,2025-08-12T23:58:02.785409085Z,1755043082785,50102,10016.4,4.78,7.3,46.0,2,27,35,42
producer-1.pitur-265048.isolateedinburgh-pg0.utah.cloudlab.us,2025-08-12T23:58:07.792836483Z,1755043087792,49963,9992.6,4.76,7.3,45.0,2,27,34,41
producer-1.pitur-265048.isolateedinburgh-pg0.utah.cloudlab.us,2025-08-12T23:58:12.797570670Z,1755043092797,50213,10042.6,4.79,7.5,66.0,2,28,37,61
producer-1.pitur-265048.isolateedinburgh-pg0.utah.cloudlab.us,2025-08-12T23:58:17.804175547Z,1755043097804,50022,10004.4,4.77,7.1,54.0,2,27,33,43
producer-1.pitur-265048.isolateedinburgh-pg0.utah.cloudlab.us,2025-08-12T23:58:22.810418913Z,1755043102810,50082,10016.4,4.78,7.3,58.0,2,27,35,47
producer-1.pitur-265048.isolateedinburgh-pg0.utah.cloudlab.us,2025-08-12T23:58:27.817437496Z,1755043107817,50020,10004.0,4.77,6.9,53.0,2,26,32,42
producer-1.pitur-265048.isolateedinburgh-pg0.utah.cloudlab.us,2025-08-12T23:58:32.824008815Z,1755043112824,49987,9995.4,4.77,7.4,64.0,2,27,34,52
producer-1.pitur-265048.isolateedinburgh-pg0.utah.cloudlab.us,2025-08-12T23:58:37.831520357Z,1755043117831,50183,10034.6,4.78,7.5,47.0,2,28,35,44
producer-1.pitur-265048.isolateedinburgh-pg0.utah.cloudlab.us,2025-08-12T23:58:42.841265467Z,1755043122841,49998,9997.6,4.77,7.1,53.0,2,27,34,46
producer-1.pitur-265048.isolateedinburgh-pg0.utah.cloudlab.us,2025-08-12T23:58:47.848415400Z,1755043127848,50218,10043.6,4.79,7.3,62.0,2,27,34,48
producer-1.pitur-265048.isolateedinburgh-pg0.utah.cloudlab.us,2025-08-12T23:58:52.854105280Z,1755043132854,50057,10011.4,4.77,7.2,48.0,2,27,34,44
producer-1.pitur-265048.isolateedinburgh-pg0.utah.cloudlab.us,2025-08-12T23:58:57.860444760Z,1755043137860,49877,9975.4,4.76,6.7,50.0,2,26,32,45
producer-1.pitur-265048.isolateedinburgh-pg0.utah.cloudlab.us,2025-08-12T23:59:02.869611008Z,1755043142869,50230,10040.0,4.79,7.1,68.0,2,27,33,54
producer-1.pitur-265048.isolateedinburgh-pg0.utah.cloudlab.us,2025-08-12T23:59:07.877174512Z,1755043147877,50117,10019.4,4.78,6.8,53.0,2,26,32,44
producer-1.pitur-265048.isolateedinburgh-pg0.utah.cloudlab.us,2025-08-12T23:59:12.884116657Z,1755043152884,50022,10000.4,4.77,7.5,70.0,2,28,38,61
producer-1.pitur-265048.isolateedinburgh-pg0.utah.cloudlab.us,2025-08-12T23:59:17.892349655Z,1755043157892,50131,10026.2,4.78,7.1,47.0,2,27,33,41
producer-1.pitur-265048.isolateedinburgh-pg0.utah.cloudlab.us,2025-08-12T23:59:22.898410075Z,1755043162898,49980,9996.0,4.77,6.9,42.0,2,27,33,39
producer-1.pitur-265048.isolateedinburgh-pg0.utah.cloudlab.us,2025-08-12T23:59:27.904735023Z,1755043167904,50044,10008.8,4.77,7.1,43.0,2,27,33,40
producer-1.pitur-265048.isolateedinburgh-pg0.utah.cloudlab.us,2025-08-12T23:59:32.910615223Z,1755043172910,50108,10021.6,4.78,7.1,46.0,2,27,34,42
producer-1.pitur-265048.isolateedinburgh-pg0.utah.cloudlab.us,2025-08-12T23:59:37.917075554Z,1755043177917,50067,10013.4,4.77,7.2,56.0,2,27,34,49
producer-1.pitur-265048.isolateedinburgh-pg0.utah.cloudlab.us,2025-08-12T23:59:42.926927915Z,1755043182926,50052,10008.4,4.77,7.0,49.0,2,27,34,43
producer-1.pitur-265048.isolateedinburgh-pg0.utah.cloudlab.us,2025-08-12T23:59:47.935239182Z,1755043187935,50186,10037.2,4.79,7.2,70.0,2,27,35,56
producer-1.pitur-265048.isolateedinburgh-pg0.utah.cloudlab.us,2025-08-12T23:59:52.942237839Z,1755043192942,49943,9988.6,4.76,6.9,45.0,2,26,33,40
producer-1.pitur-265048.isolateedinburgh-pg0.utah.cloudlab.us,2025-08-12T23:59:57.948169037Z,1755043197948,50171,10034.2,4.78,7.1,50.0,2,27,33,42
producer-1.pitur-265048.isolateedinburgh-pg0.utah.cloudlab.us,2025-08-13T00:00:02.954894920Z,1755043202954,49951,9988.2,4.76,7.0,44.0,2,26,34,40
producer-1.pitur-265048.isolateedinburgh-pg0.utah.cloudlab.us,2025-08-13T00:00:07.960059963Z,1755043207960,50146,10029.2,4.78,7.3,77.0,2,27,36,63
producer-1.pitur-265048.isolateedinburgh-pg0.utah.cloudlab.us,2025-08-13T00:00:12.964621507Z,1755043212964,49804,9960.8,4.75,7.3,60.0,2,27,35,49
producer-1.pitur-265048.isolateedinburgh-pg0.utah.cloudlab.us,2025-08-13T00:00:17.972038757Z,1755043217972,50344,10068.8,4.80,7.1,84.0,2,27,35,70
producer-1.pitur-265048.isolateedinburgh-pg0.utah.cloudlab.us,2025-08-13T00:00:22.978859592Z,1755043222978,49994,9996.8,4.77,6.9,51.0,2,26,33,40
producer-1.pitur-265048.isolateedinburgh-pg0.utah.cloudlab.us,2025-08-13T00:00:27.987358547Z,1755043227987,50156,10029.2,4.78,6.8,45.0,2,26,32,41
producer-1.pitur-265048.isolateedinburgh-pg0.utah.cloudlab.us,2025-08-13T00:00:32.992563255Z,1755043232992,49941,9988.2,4.76,7.1,73.0,2,27,35,64
producer-1.pitur-265048.isolateedinburgh-pg0.utah.cloudlab.us,2025-08-13T00:00:37.998565337Z,1755043237998,50086,10017.2,4.78,6.8,48.0,2,26,33,43
producer-1.pitur-265048.isolateedinburgh-pg0.utah.cloudlab.us,2025-08-13T00:00:43.005354789Z,1755043243005,50013,10000.6,4.77,7.3,58.0,2,28,36,49
producer-1.pitur-265048.isolateedinburgh-pg0.utah.cloudlab.us,2025-08-13T00:00:48.012247163Z,1755043248012,50213,10042.6,4.79,7.6,67.0,2,28,36,60
producer-1.pitur-265048.isolateedinburgh-pg0.utah.cloudlab.us,2025-08-13T00:00:53.019124212Z,1755043253019,50049,10007.8,4.77,7.3,61.0,2,27,35,53
producer-1.pitur-265048.isolateedinburgh-pg0.utah.cloudlab.us,2025-08-13T00:00:58.025644559Z,1755043258025,49966,9993.2,4.77,6.8,42.0,2,26,31,37
producer-1.pitur-265048.isolateedinburgh-pg0.utah.cloudlab.us,2025-08-13T00:01:03.032495026Z,1755043263032,50146,10029.2,4.78,7.4,56.0,2,28,35,46
producer-1.pitur-265048.isolateedinburgh-pg0.utah.cloudlab.us,2025-08-13T00:01:08.038341008Z,1755043268038,50100,10020.0,4.78,7.0,66.0,2,26,33,50
producer-1.pitur-265048.isolateedinburgh-pg0.utah.cloudlab.us,2025-08-13T00:01:13.045225709Z,1755043273045,50036,10003.2,4.77,7.5,58.0,2,28,36,48
producer-1.pitur-265048.isolateedinburgh-pg0.utah.cloudlab.us,2025-08-13T00:01:18.051580179Z,1755043278051,50091,10018.2,4.78,7.0,57.0,2,27,35,50
producer-1.pitur-265048.isolateedinburgh-pg0.utah.cloudlab.us,2025-08-13T00:01:23.058370310Z,1755043283058,50062,10012.4,4.77,6.8,45.0,2,26,32,41
producer-1.pitur-265048.isolateedinburgh-pg0.utah.cloudlab.us,2025-08-13T00:01:28.064474854Z,1755043288064,50058,10011.6,4.77,6.7,49.0,2,26,31,39
producer-1.pitur-265048.isolateedinburgh-pg0.utah.cloudlab.us,2025-08-13T00:01:33.072042064Z,1755043293072,50043,10004.6,4.77,7.3,47.0,2,27,35,44
producer-1.pitur-265048.isolateedinburgh-pg0.utah.cloudlab.us,2025-08-13T00:01:38.078488001Z,1755043298078,50038,10007.6,4.77,7.2,50.0,2,27,34,42
producer-1.pitur-265048.isolateedinburgh-pg0.utah.cloudlab.us,2025-08-13T00:01:43.086221248Z,1755043303086,50075,10013.0,4.77,7.3,45.0,2,28,35,41
producer-1.pitur-265048.isolateedinburgh-pg0.utah.cloudlab.us,2025-08-13T00:01:48.094464463Z,1755043308094,50076,10013.2,4.77,7.4,70.0,2,28,37,57
producer-1.pitur-265048.isolateedinburgh-pg0.utah.cloudlab.us,2025-08-13T00:01:53.101571605Z,1755043313101,50155,10031.0,4.78,7.6,82.0,2,29,36,70
producer-1.pitur-265048.isolateedinburgh-pg0.utah.cloudlab.us,2025-08-13T00:01:58.107277817Z,1755043318107,50049,10009.8,4.77,7.1,44.0,2,27,33,39
producer-1.pitur-265048.isolateedinburgh-pg0.utah.cloudlab.us,2025-08-13T00:02:03.113980914Z,1755043323113,49958,9991.6,4.76,7.3,47.0,2,27,35,43
producer-1.pitur-265048.isolateedinburgh-pg0.utah.cloudlab.us,2025-08-13T00:02:08.120907731Z,1755043328120,50085,10017.0,4.78,7.1,43.0,2,28,34,39
producer-1.pitur-265048.isolateedinburgh-pg0.utah.cloudlab.us,2025-08-13T00:02:13.123934707Z,1755043333123,50123,10024.6,4.78,7.5,45.0,2,28,34,40
producer-1.pitur-265048.isolateedinburgh-pg0.utah.cloudlab.us,2025-08-13T00:02:18.132989388Z,1755043338132,49967,9993.4,4.77,7.2,62.0,2,27,35,52
producer-1.pitur-265048.isolateedinburgh-pg0.utah.cloudlab.us,2025-08-13T00:02:23.140772902Z,1755043343140,50145,10027.0,4.78,7.5,76.0,2,28,35,60
producer-1.pitur-265048.isolateedinburgh-pg0.utah.cloudlab.us,2025-08-13T00:02:28.147098757Z,1755043348147,50126,10025.2,4.78,7.0,50.0,2,27,33,41
producer-1.pitur-265048.isolateedinburgh-pg0.utah.cloudlab.us,2025-08-13T00:02:33.152218826Z,1755043353152,49903,9980.6,4.76,7.0,47.0,2,26,32,40
producer-1.pitur-265048.isolateedinburgh-pg0.utah.cloudlab.us,2025-08-13T00:02:38.158372542Z,1755043358158,50125,10025.0,4.78,7.1,51.0,2,27,33,42
producer-1.pitur-265048.isolateedinburgh-pg0.utah.cloudlab.us,2025-08-13T00:02:43.164161514Z,1755043363164,50099,10019.8,4.78,7.4,60.0,2,27,34,48
producer-1.pitur-265048.isolateedinburgh-pg0.utah.cloudlab.us,2025-08-13T00:02:48.172948595Z,1755043368172,50110,10022.0,4.78,7.1,60.0,2,27,35,52
producer-1.pitur-265048.isolateedinburgh-pg0.utah.cloudlab.us,2025-08-13T00:02:53.179025576Z,1755043373179,50090,10018.0,4.78,7.0,44.0,2,27,33,41
producer-1.pitur-265048.isolateedinburgh-pg0.utah.cloudlab.us,2025-08-13T00:02:58.186840999Z,1755043378186,50045,10009.0,4.77,7.3,50.0,2,27,34,44
producer-1.pitur-265048.isolateedinburgh-pg0.utah.cloudlab.us,2025-08-13T00:03:03.193134881Z,1755043383193,49998,9999.6,4.77,7.0,54.0,2,27,34,44
producer-1.pitur-265048.isolateedinburgh-pg0.utah.cloudlab.us,2025-08-13T00:03:08.199319776Z,1755043388199,49966,9993.2,4.77,7.4,59.0,2,27,35,52
producer-1.pitur-265048.isolateedinburgh-pg0.utah.cloudlab.us,2025-08-13T00:03:13.204518615Z,1755043393204,50227,10045.4,4.79,6.8,40.0,2,26,31,36
