hostname,timestamp_iso,timestamp_ms,records_sent,recs_per_sec,mb_per_sec,avg_latency,max_latency,p50,p95,p99,p999
producer-1.pitur-265048.isolateedinburgh-pg0.utah.cloudlab.us,2025-08-12T23:51:06.986122623Z,1755042666986,49848,9961.6,4.75,16.3,620.0,4,81,109,125
producer-1.pitur-265048.isolateedinburgh-pg0.utah.cloudlab.us,2025-08-12T23:51:12.001677938Z,1755042672001,50278,10055.6,4.79,9.6,51.0,5,28,35,45
producer-1.pitur-265048.isolateedinburgh-pg0.utah.cloudlab.us,2025-08-12T23:51:17.012071813Z,1755042677012,50026,10005.2,4.77,9.2,49.0,4,28,34,44
producer-1.pitur-265048.isolateedinburgh-pg0.utah.cloudlab.us,2025-08-12T23:51:22.023688859Z,1755042682023,50194,10034.8,4.78,9.7,53.0,4,29,35,43
producer-1.pitur-265048.isolateedinburgh-pg0.utah.cloudlab.us,2025-08-12T23:51:27.032734505Z,1755042687032,50088,10017.6,4.78,9.6,46.0,4,28,35,41
producer-1.pitur-265048.isolateedinburgh-pg0.utah.cloudlab.us,2025-08-12T23:51:32.043130609Z,1755042692043,50081,10014.2,4.78,9.4,44.0,5,28,33,39
producer-1.pitur-265048.isolateedinburgh-pg0.utah.cloudlab.us,2025-08-12T23:51:37.053363521Z,1755042697053,50166,10033.2,4.78,9.6,43.0,5,28,34,40
producer-1.pitur-265048.isolateedinburgh-pg0.utah.cloudlab.us,2025-08-12T23:51:42.060907241Z,1755042702060,49946,9989.2,4.76,9.6,64.0,4,29,35,50
producer-1.pitur-265048.isolateedinburgh-pg0.utah.cloudlab.us,2025-08-12T23:51:47.068512739Z,1755042707068,50069,10013.8,4.77,9.6,44.0,4,28,34,40
producer-1.pitur-265048.isolateedinburgh-pg0.utah.cloudlab.us,2025-08-12T23:51:52.077370614Z,1755042712077,50092,10016.4,4.78,9.7,57.0,5,29,35,45
producer-1.pitur-265048.isolateedinburgh-pg0.utah.cloudlab.us,2025-08-12T23:51:57.085088917Z,1755042717085,50187,10037.4,4.79,9.4,46.0,4,28,34,41
producer-1.pitur-265048.isolateedinburgh-pg0.utah.cloudlab.us,2025-08-12T23:52:02.093254796Z,1755042722093,50090,10016.0,4.78,9.6,52.0,5,28,34,44
producer-1.pitur-265048.isolateedinburgh-pg0.utah.cloudlab.us,2025-08-12T23:52:07.104564599Z,1755042727104,50116,10021.2,4.78,9.5,46.0,4,28,34,42
producer-1.pitur-265048.isolateedinburgh-pg0.utah.cloudlab.us,2025-08-12T23:52:12.112748251Z,1755042732112,49951,9990.2,4.76,9.7,46.0,5,28,34,43
producer-1.pitur-265048.isolateedinburgh-pg0.utah.cloudlab.us,2025-08-12T23:52:17.132074398Z,1755042737132,50033,9982.6,4.76,10.0,94.0,5,28,36,84
producer-1.pitur-265048.isolateedinburgh-pg0.utah.cloudlab.us,2025-08-12T23:52:22.141267906Z,1755042742141,50171,10032.2,4.78,10.2,75.0,5,30,37,64
producer-1.pitur-265048.isolateedinburgh-pg0.utah.cloudlab.us,2025-08-12T23:52:27.149119324Z,1755042747149,50286,10055.2,4.79,9.6,52.0,5,28,34,44
producer-1.pitur-265048.isolateedinburgh-pg0.utah.cloudlab.us,2025-08-12T23:52:32.154394558Z,1755042752154,49984,9996.8,4.77,9.7,45.0,5,29,34,39
producer-1.pitur-265048.isolateedinburgh-pg0.utah.cloudlab.us,2025-08-12T23:52:37.162557780Z,1755042757162,50139,10027.8,4.78,9.7,48.0,5,29,35,42
producer-1.pitur-265048.isolateedinburgh-pg0.utah.cloudlab.us,2025-08-12T23:52:42.170907008Z,1755042762170,49998,9999.6,4.77,9.6,44.0,5,28,34,40
producer-1.pitur-265048.isolateedinburgh-pg0.utah.cloudlab.us,2025-08-12T23:52:47.181154408Z,1755042767181,50188,10035.6,4.79,9.1,73.0,4,28,33,62
producer-1.pitur-265048.isolateedinburgh-pg0.utah.cloudlab.us,2025-08-12T23:52:52.188824583Z,1755042772188,50039,10005.8,4.77,9.3,57.0,4,28,36,52
producer-1.pitur-265048.isolateedinburgh-pg0.utah.cloudlab.us,2025-08-12T23:52:57.196823564Z,1755042777196,50082,10016.4,4.78,9.5,69.0,4,29,36,57
producer-1.pitur-265048.isolateedinburgh-pg0.utah.cloudlab.us,2025-08-12T23:53:02.204151547Z,1755042782204,50054,10010.8,4.77,9.2,45.0,4,28,34,40
producer-1.pitur-265048.isolateedinburgh-pg0.utah.cloudlab.us,2025-08-12T23:53:07.212559158Z,1755042787212,49946,9985.2,4.76,9.4,57.0,4,29,35,45
producer-1.pitur-265048.isolateedinburgh-pg0.utah.cloudlab.us,2025-08-12T23:53:12.219287189Z,1755042792219,50221,10044.2,4.79,9.4,46.0,4,28,35,41
producer-1.pitur-265048.isolateedinburgh-pg0.utah.cloudlab.us,2025-08-12T23:53:17.227204156Z,1755042797227,50100,10018.0,4.78,9.2,51.0,4,28,34,41
producer-1.pitur-265048.isolateedinburgh-pg0.utah.cloudlab.us,2025-08-12T23:53:22.235592532Z,1755042802235,50058,10011.6,4.77,9.7,97.0,4,29,40,86
producer-1.pitur-265048.isolateedinburgh-pg0.utah.cloudlab.us,2025-08-12T23:53:27.242477051Z,1755042807242,50003,10000.6,4.77,9.6,63.0,4,29,35,50
producer-1.pitur-265048.isolateedinburgh-pg0.utah.cloudlab.us,2025-08-12T23:53:32.253405249Z,1755042812253,50044,10002.8,4.77,9.7,48.0,5,29,36,42
producer-1.pitur-265048.isolateedinburgh-pg0.utah.cloudlab.us,2025-08-12T23:53:37.261136224Z,1755042817261,50256,10049.2,4.79,9.6,54.0,4,28,35,45
producer-1.pitur-265048.isolateedinburgh-pg0.utah.cloudlab.us,2025-08-12T23:53:42.269502967Z,1755042822269,49995,9995.0,4.77,9.0,46.0,4,28,35,43
producer-1.pitur-265048.isolateedinburgh-pg0.utah.cloudlab.us,2025-08-12T23:53:47.277967697Z,1755042827277,50093,10018.6,4.78,9.0,56.0,4,28,34,48
producer-1.pitur-265048.isolateedinburgh-pg0.utah.cloudlab.us,2025-08-12T23:53:52.285039927Z,1755042832285,50134,10026.8,4.78,9.2,52.0,4,28,36,46
producer-1.pitur-265048.isolateedinburgh-pg0.utah.cloudlab.us,2025-08-12T23:53:57.290846489Z,1755042837290,50010,10002.0,4.77,9.2,64.0,4,28,35,51
producer-1.pitur-265048.isolateedinburgh-pg0.utah.cloudlab.us,2025-08-12T23:54:02.300864327Z,1755042842300,50180,10036.0,4.79,9.3,46.0,4,28,35,42
producer-1.pitur-265048.isolateedinburgh-pg0.utah.cloudlab.us,2025-08-12T23:54:07.308937397Z,1755042847308,49958,9991.6,4.76,9.6,49.0,4,29,35,43
producer-1.pitur-265048.isolateedinburgh-pg0.utah.cloudlab.us,2025-08-12T23:54:12.315262884Z,1755042852315,50187,10035.4,4.79,9.6,46.0,4,29,36,44
producer-1.pitur-265048.isolateedinburgh-pg0.utah.cloudlab.us,2025-08-12T23:54:17.322200848Z,1755042857322,50068,10013.6,4.77,9.4,46.0,4,29,35,42
producer-1.pitur-265048.isolateedinburgh-pg0.utah.cloudlab.us,2025-08-12T23:54:22.329273510Z,1755042862329,50007,10001.4,4.77,9.5,66.0,4,29,38,55
producer-1.pitur-265048.isolateedinburgh-pg0.utah.cloudlab.us,2025-08-12T23:54:27.335578700Z,1755042867335,50126,10025.2,4.78,9.3,43.0,4,28,33,40
producer-1.pitur-265048.isolateedinburgh-pg0.utah.cloudlab.us,2025-08-12T23:54:32.345641957Z,1755042872345,49980,9992.0,4.76,9.5,75.0,4,29,37,64
producer-1.pitur-265048.isolateedinburgh-pg0.utah.cloudlab.us,2025-08-12T23:54:37.351877388Z,1755042877351,50154,10030.8,4.78,9.1,47.0,4,28,34,44
producer-1.pitur-265048.isolateedinburgh-pg0.utah.cloudlab.us,2025-08-12T23:54:42.357148687Z,1755042882357,50043,10008.6,4.77,9.4,51.0,4,28,34,43
producer-1.pitur-265048.isolateedinburgh-pg0.utah.cloudlab.us,2025-08-12T23:54:47.365583507Z,1755042887365,49941,9988.2,4.76,9.3,44.0,4,28,34,43
producer-1.pitur-265048.isolateedinburgh-pg0.utah.cloudlab.us,2025-08-12T23:54:52.372541134Z,1755042892372,50197,10039.4,4.79,9.4,51.0,4,28,34,44
producer-1.pitur-265048.isolateedinburgh-pg0.utah.cloudlab.us,2025-08-12T23:54:57.387981247Z,1755042897387,49964,9976.8,4.76,9.7,68.0,4,29,36,57
producer-1.pitur-265048.isolateedinburgh-pg0.utah.cloudlab.us,2025-08-12T23:55:02.397341719Z,1755042902397,50274,10050.8,4.79,9.7,91.0,4,29,37,77
producer-1.pitur-265048.isolateedinburgh-pg0.utah.cloudlab.us,2025-08-12T23:55:07.405109077Z,1755042907405,50147,10027.4,4.78,9.5,57.0,4,29,36,46
producer-1.pitur-265048.isolateedinburgh-pg0.utah.cloudlab.us,2025-08-12T23:55:12.413327677Z,1755042912413,49933,9986.6,4.76,9.1,54.0,4,28,36,49
producer-1.pitur-265048.isolateedinburgh-pg0.utah.cloudlab.us,2025-08-12T23:55:17.420475623Z,1755042917420,50126,10023.2,4.78,9.1,49.0,4,28,34,41
producer-1.pitur-265048.isolateedinburgh-pg0.utah.cloudlab.us,2025-08-12T23:55:22.427209482Z,1755042922427,50127,10025.4,4.78,9.2,56.0,4,28,34,46
producer-1.pitur-265048.isolateedinburgh-pg0.utah.cloudlab.us,2025-08-12T23:55:27.434046739Z,1755042927434,50070,10014.0,4.78,9.7,60.0,4,29,36,54
producer-1.pitur-265048.isolateedinburgh-pg0.utah.cloudlab.us,2025-08-12T23:55:32.441823328Z,1755042932441,50037,10007.4,4.77,9.7,83.0,4,29,39,74
producer-1.pitur-265048.isolateedinburgh-pg0.utah.cloudlab.us,2025-08-12T23:55:37.448811118Z,1755042937448,50113,10022.6,4.78,9.4,52.0,4,28,35,45
producer-1.pitur-265048.isolateedinburgh-pg0.utah.cloudlab.us,2025-08-12T23:55:42.458641778Z,1755042942458,50027,10003.4,4.77,9.6,46.0,4,29,34,43
producer-1.pitur-265048.isolateedinburgh-pg0.utah.cloudlab.us,2025-08-12T23:55:47.466397447Z,1755042947466,50089,10017.8,4.78,9.4,62.0,4,28,35,48
producer-1.pitur-265048.isolateedinburgh-pg0.utah.cloudlab.us,2025-08-12T23:55:52.473499201Z,1755042952473,50091,10016.2,4.78,9.1,46.0,4,27,34,42
producer-1.pitur-265048.isolateedinburgh-pg0.utah.cloudlab.us,2025-08-12T23:55:57.480064587Z,1755042957480,50118,10023.6,4.78,9.3,48.0,4,28,33,40
producer-1.pitur-265048.isolateedinburgh-pg0.utah.cloudlab.us,2025-08-12T23:56:02.488197111Z,1755042962488,50081,10014.2,4.78,9.6,50.0,4,29,36,44
producer-1.pitur-265048.isolateedinburgh-pg0.utah.cloudlab.us,2025-08-12T23:56:07.493450430Z,1755042967493,50068,10013.6,4.77,9.7,74.0,5,29,38,59
producer-1.pitur-265048.isolateedinburgh-pg0.utah.cloudlab.us,2025-08-12T23:56:12.501626639Z,1755042972501,50017,10001.4,4.77,9.3,54.0,4,28,34,44
producer-1.pitur-265048.isolateedinburgh-pg0.utah.cloudlab.us,2025-08-12T23:56:17.507873957Z,1755042977507,50126,10025.2,4.78,9.4,57.0,4,28,34,48
producer-1.pitur-265048.isolateedinburgh-pg0.utah.cloudlab.us,2025-08-12T23:56:22.514875836Z,1755042982514,50017,10001.4,4.77,9.5,52.0,4,29,36,47
producer-1.pitur-265048.isolateedinburgh-pg0.utah.cloudlab.us,2025-08-12T23:56:27.523243285Z,1755042987523,50110,10020.0,4.78,9.4,47.0,4,28,35,43
producer-1.pitur-265048.isolateedinburgh-pg0.utah.cloudlab.us,2025-08-12T23:56:32.530648594Z,1755042992530,50012,10002.4,4.77,9.3,59.0,4,29,36,50
producer-1.pitur-265048.isolateedinburgh-pg0.utah.cloudlab.us,2025-08-12T23:56:37.537411405Z,1755042997537,50062,10010.4,4.77,9.3,80.0,4,28,37,66
producer-1.pitur-265048.isolateedinburgh-pg0.utah.cloudlab.us,2025-08-12T23:56:42.545771096Z,1755043002545,50064,10010.8,4.77,9.4,47.0,4,29,34,41
producer-1.pitur-265048.isolateedinburgh-pg0.utah.cloudlab.us,2025-08-12T23:56:47.552174830Z,1755043007552,50179,10035.8,4.79,9.6,48.0,4,29,36,43
producer-1.pitur-265048.isolateedinburgh-pg0.utah.cloudlab.us,2025-08-12T23:56:52.557832185Z,1755043012557,50013,10002.6,4.77,9.2,49.0,4,28,34,43
producer-1.pitur-265048.isolateedinburgh-pg0.utah.cloudlab.us,2025-08-12T23:56:57.565427641Z,1755043017565,50070,10014.0,4.78,9.7,66.0,4,29,36,57
producer-1.pitur-265048.isolateedinburgh-pg0.utah.cloudlab.us,2025-08-12T23:57:02.573640340Z,1755043022573,50066,10011.2,4.77,9.7,91.0,4,29,39,77
producer-1.pitur-265048.isolateedinburgh-pg0.utah.cloudlab.us,2025-08-12T23:57:07.581025007Z,1755043027581,50029,10005.8,4.77,9.4,59.0,4,28,34,47
producer-1.pitur-265048.isolateedinburgh-pg0.utah.cloudlab.us,2025-08-12T23:57:12.587286770Z,1755043032587,49971,9994.2,4.77,9.2,55.0,4,28,34,46
producer-1.pitur-265048.isolateedinburgh-pg0.utah.cloudlab.us,2025-08-12T23:57:17.594459505Z,1755043037594,50267,10051.4,4.79,9.3,51.0,4,28,34,42
producer-1.pitur-265048.isolateedinburgh-pg0.utah.cloudlab.us,2025-08-12T23:57:22.603174374Z,1755043042603,49991,9996.2,4.77,9.5,52.0,4,29,35,43
producer-1.pitur-265048.isolateedinburgh-pg0.utah.cloudlab.us,2025-08-12T23:57:27.611104262Z,1755043047611,50070,10012.0,4.77,9.4,46.0,4,29,35,42
producer-1.pitur-265048.isolateedinburgh-pg0.utah.cloudlab.us,2025-08-12T23:57:32.616688594Z,1755043052616,50163,10032.6,4.78,9.3,77.0,4,28,34,66
producer-1.pitur-265048.isolateedinburgh-pg0.utah.cloudlab.us,2025-08-12T23:57:37.624178959Z,1755043057624,50056,10011.2,4.77,9.4,51.0,4,29,35,44
producer-1.pitur-265048.isolateedinburgh-pg0.utah.cloudlab.us,2025-08-12T23:57:42.632259388Z,1755043062632,49969,9993.8,4.77,9.5,44.0,4,29,34,41
producer-1.pitur-265048.isolateedinburgh-pg0.utah.cloudlab.us,2025-08-12T23:57:47.638811871Z,1755043067638,50198,10039.6,4.79,9.5,68.0,4,28,35,56
producer-1.pitur-265048.isolateedinburgh-pg0.utah.cloudlab.us,2025-08-12T23:57:52.647707719Z,1755043072647,50031,10004.2,4.77,9.3,47.0,4,28,34,42
producer-1.pitur-265048.isolateedinburgh-pg0.utah.cloudlab.us,2025-08-12T23:57:57.655744866Z,1755043077655,50129,10023.8,4.78,8.9,67.0,3,28,34,55
producer-1.pitur-265048.isolateedinburgh-pg0.utah.cloudlab.us,2025-08-12T23:58:02.661215056Z,1755043082661,49887,9977.4,4.76,9.6,59.0,4,29,36,46
producer-1.pitur-265048.isolateedinburgh-pg0.utah.cloudlab.us,2025-08-12T23:58:07.668495693Z,1755043087668,50150,10030.0,4.78,9.6,51.0,4,29,35,43
producer-1.pitur-265048.isolateedinburgh-pg0.utah.cloudlab.us,2025-08-12T23:58:12.675211198Z,1755043092675,50159,10031.8,4.78,9.3,47.0,4,28,34,43
producer-1.pitur-265048.isolateedinburgh-pg0.utah.cloudlab.us,2025-08-12T23:58:17.682969956Z,1755043097682,49972,9992.4,4.76,9.0,43.0,4,28,33,40
producer-1.pitur-265048.isolateedinburgh-pg0.utah.cloudlab.us,2025-08-12T23:58:22.689743830Z,1755043102689,50113,10022.6,4.78,9.4,62.0,4,28,35,50
producer-1.pitur-265048.isolateedinburgh-pg0.utah.cloudlab.us,2025-08-12T23:58:27.697085001Z,1755043107697,50110,10022.0,4.78,9.1,46.0,4,28,34,42
producer-1.pitur-265048.isolateedinburgh-pg0.utah.cloudlab.us,2025-08-12T23:58:32.702069667Z,1755043112702,50085,10017.0,4.78,9.3,66.0,4,28,34,54
producer-1.pitur-265048.isolateedinburgh-pg0.utah.cloudlab.us,2025-08-12T23:58:37.710429915Z,1755043117710,50016,10001.2,4.77,9.5,61.0,4,29,36,47
producer-1.pitur-265048.isolateedinburgh-pg0.utah.cloudlab.us,2025-08-12T23:58:42.716103217Z,1755043122716,50078,10015.6,4.78,9.7,70.0,4,29,37,57
producer-1.pitur-265048.isolateedinburgh-pg0.utah.cloudlab.us,2025-08-12T23:58:47.722481311Z,1755043127722,50102,10020.4,4.78,9.2,69.0,4,28,36,58
producer-1.pitur-265048.isolateedinburgh-pg0.utah.cloudlab.us,2025-08-12T23:58:52.731689795Z,1755043132731,50038,10005.6,4.77,9.0,48.0,4,28,34,42
producer-1.pitur-265048.isolateedinburgh-pg0.utah.cloudlab.us,2025-08-12T23:58:57.739208511Z,1755043137739,50084,10014.8,4.78,9.0,48.0,4,28,34,42
producer-1.pitur-265048.isolateedinburgh-pg0.utah.cloudlab.us,2025-08-12T23:59:02.744217891Z,1755043142744,49929,9985.8,4.76,9.3,52.0,4,28,35,44
producer-1.pitur-265048.isolateedinburgh-pg0.utah.cloudlab.us,2025-08-12T23:59:07.750621663Z,1755043147750,50124,10024.8,4.78,9.6,52.0,4,29,36,45
producer-1.pitur-265048.isolateedinburgh-pg0.utah.cloudlab.us,2025-08-12T23:59:12.757901052Z,1755043152757,50176,10035.2,4.79,9.6,68.0,4,29,37,55
producer-1.pitur-265048.isolateedinburgh-pg0.utah.cloudlab.us,2025-08-12T23:59:17.766476453Z,1755043157766,50007,10001.4,4.77,9.2,46.0,4,28,33,40
producer-1.pitur-265048.isolateedinburgh-pg0.utah.cloudlab.us,2025-08-12T23:59:22.773789757Z,1755043162773,50170,10034.0,4.78,9.1,45.0,4,28,34,40
producer-1.pitur-265048.isolateedinburgh-pg0.utah.cloudlab.us,2025-08-12T23:59:27.780190607Z,1755043167780,49984,9994.8,4.77,9.6,48.0,4,29,35,44
producer-1.pitur-265048.isolateedinburgh-pg0.utah.cloudlab.us,2025-08-12T23:59:32.788231733Z,1755043172788,50079,10015.8,4.78,8.9,49.0,4,27,34,43
producer-1.pitur-265048.isolateedinburgh-pg0.utah.cloudlab.us,2025-08-12T23:59:37.797954409Z,1755043177797,50123,10022.6,4.78,9.3,53.0,4,28,34,49
producer-1.pitur-265048.isolateedinburgh-pg0.utah.cloudlab.us,2025-08-12T23:59:42.803723868Z,1755043182803,50021,10004.2,4.77,9.6,71.0,4,29,38,62
producer-1.pitur-265048.isolateedinburgh-pg0.utah.cloudlab.us,2025-08-12T23:59:47.811389579Z,1755043187811,50089,10017.8,4.78,9.5,73.0,4,28,36,63
producer-1.pitur-265048.isolateedinburgh-pg0.utah.cloudlab.us,2025-08-12T23:59:52.819628990Z,1755043192819,50035,10003.0,4.77,8.7,64.0,3,27,34,52
producer-1.pitur-265048.isolateedinburgh-pg0.utah.cloudlab.us,2025-08-12T23:59:57.825031832Z,1755043197825,50085,10017.0,4.78,9.1,46.0,4,27,33,41
producer-1.pitur-265048.isolateedinburgh-pg0.utah.cloudlab.us,2025-08-13T00:00:02.834227998Z,1755043202834,50091,10016.2,4.78,9.4,49.0,4,28,35,44
producer-1.pitur-265048.isolateedinburgh-pg0.utah.cloudlab.us,2025-08-13T00:00:07.848244642Z,1755043207848,50019,9987.8,4.76,9.6,59.0,4,29,36,50
producer-1.pitur-265048.isolateedinburgh-pg0.utah.cloudlab.us,2025-08-13T00:00:12.855355512Z,1755043212855,50282,10056.4,4.80,9.1,69.0,4,28,35,58
producer-1.pitur-265048.isolateedinburgh-pg0.utah.cloudlab.us,2025-08-13T00:00:17.866014189Z,1755043217866,49938,9983.6,4.76,9.4,71.0,4,29,36,58
producer-1.pitur-265048.isolateedinburgh-pg0.utah.cloudlab.us,2025-08-13T00:00:22.875365471Z,1755043222875,50174,10032.8,4.78,9.2,57.0,4,28,35,48
producer-1.pitur-265048.isolateedinburgh-pg0.utah.cloudlab.us,2025-08-13T00:00:27.882688649Z,1755043227882,50099,10019.8,4.78,9.4,57.0,4,28,34,49
producer-1.pitur-265048.isolateedinburgh-pg0.utah.cloudlab.us,2025-08-13T00:00:32.891830355Z,1755043232891,50147,10027.4,4.78,9.7,64.0,4,29,37,55
producer-1.pitur-265048.isolateedinburgh-pg0.utah.cloudlab.us,2025-08-13T00:00:37.898180996Z,1755043237898,50068,10013.6,4.77,9.1,47.0,4,27,34,42
producer-1.pitur-265048.isolateedinburgh-pg0.utah.cloudlab.us,2025-08-13T00:00:42.904527785Z,1755043242904,50022,10004.4,4.77,9.7,81.0,4,29,37,68
producer-1.pitur-265048.isolateedinburgh-pg0.utah.cloudlab.us,2025-08-13T00:00:47.914792574Z,1755043247914,50084,10014.8,4.78,9.7,69.0,4,29,38,56
producer-1.pitur-265048.isolateedinburgh-pg0.utah.cloudlab.us,2025-08-13T00:00:52.921031139Z,1755043252921,50069,10013.8,4.77,9.4,58.0,4,28,35,52
producer-1.pitur-265048.isolateedinburgh-pg0.utah.cloudlab.us,2025-08-13T00:00:57.926091795Z,1755043257926,49972,9994.4,4.77,9.6,54.0,4,29,36,49
producer-1.pitur-265048.isolateedinburgh-pg0.utah.cloudlab.us,2025-08-13T00:01:02.932654903Z,1755043262932,50107,10021.4,4.78,9.4,49.0,4,28,36,44
producer-1.pitur-265048.isolateedinburgh-pg0.utah.cloudlab.us,2025-08-13T00:01:07.939232040Z,1755043267939,50064,10012.8,4.77,9.5,63.0,4,28,36,48
producer-1.pitur-265048.isolateedinburgh-pg0.utah.cloudlab.us,2025-08-13T00:01:12.944323768Z,1755043272944,50078,10015.6,4.78,9.6,63.0,4,29,38,56
producer-1.pitur-265048.isolateedinburgh-pg0.utah.cloudlab.us,2025-08-13T00:01:17.951025582Z,1755043277951,50032,10006.4,4.77,9.2,53.0,4,28,36,48
producer-1.pitur-265048.isolateedinburgh-pg0.utah.cloudlab.us,2025-08-13T00:01:22.958779841Z,1755043282958,50111,10022.2,4.78,9.4,58.0,4,28,35,47
producer-1.pitur-265048.isolateedinburgh-pg0.utah.cloudlab.us,2025-08-13T00:01:27.966598067Z,1755043287966,50064,10010.8,4.77,9.3,54.0,4,28,33,42
producer-1.pitur-265048.isolateedinburgh-pg0.utah.cloudlab.us,2025-08-13T00:01:32.974781991Z,1755043292974,50172,10034.4,4.78,9.5,56.0,4,28,36,49
producer-1.pitur-265048.isolateedinburgh-pg0.utah.cloudlab.us,2025-08-13T00:01:37.981493270Z,1755043297981,50031,10006.2,4.77,9.1,61.0,4,28,34,52
producer-1.pitur-265048.isolateedinburgh-pg0.utah.cloudlab.us,2025-08-13T00:01:42.987470477Z,1755043302987,50097,10019.4,4.78,9.7,69.0,4,29,36,55
producer-1.pitur-265048.isolateedinburgh-pg0.utah.cloudlab.us,2025-08-13T00:01:47.995432333Z,1755043307995,50020,10004.0,4.77,9.2,51.0,4,28,34,44
producer-1.pitur-265048.isolateedinburgh-pg0.utah.cloudlab.us,2025-08-13T00:01:53.002512237Z,1755043313002,50066,10011.2,4.77,9.2,80.0,4,28,35,70
producer-1.pitur-265048.isolateedinburgh-pg0.utah.cloudlab.us,2025-08-13T00:01:58.009087098Z,1755043318009,50029,10003.8,4.77,9.2,51.0,4,28,35,44
producer-1.pitur-265048.isolateedinburgh-pg0.utah.cloudlab.us,2025-08-13T00:02:03.017847970Z,1755043323017,50118,10023.6,4.78,9.0,44.0,4,27,33,40
producer-1.pitur-265048.isolateedinburgh-pg0.utah.cloudlab.us,2025-08-13T00:02:08.025303181Z,1755043328025,50043,10006.6,4.77,9.1,44.0,4,28,34,40
producer-1.pitur-265048.isolateedinburgh-pg0.utah.cloudlab.us,2025-08-13T00:02:13.032563662Z,1755043333032,50049,10007.8,4.77,9.4,48.0,4,29,35,42
producer-1.pitur-265048.isolateedinburgh-pg0.utah.cloudlab.us,2025-08-13T00:02:18.040504392Z,1755043338040,50168,10033.6,4.78,9.0,49.0,4,28,35,43
producer-1.pitur-265048.isolateedinburgh-pg0.utah.cloudlab.us,2025-08-13T00:02:23.047245337Z,1755043343047,49990,9998.0,4.77,9.2,85.0,4,28,35,70
producer-1.pitur-265048.isolateedinburgh-pg0.utah.cloudlab.us,2025-08-13T00:02:28.052426393Z,1755043348052,50096,10019.2,4.78,9.2,45.0,4,28,34,41
producer-1.pitur-265048.isolateedinburgh-pg0.utah.cloudlab.us,2025-08-13T00:02:33.061950290Z,1755043353061,49983,9996.6,4.77,9.3,47.0,4,28,35,41
producer-1.pitur-265048.isolateedinburgh-pg0.utah.cloudlab.us,2025-08-13T00:02:38.069401761Z,1755043358069,50146,10027.2,4.78,9.4,65.0,4,28,37,51
producer-1.pitur-265048.isolateedinburgh-pg0.utah.cloudlab.us,2025-08-13T00:02:43.075217211Z,1755043363075,50119,10021.8,4.78,9.4,65.0,4,28,35,54
producer-1.pitur-265048.isolateedinburgh-pg0.utah.cloudlab.us,2025-08-13T00:02:48.082850134Z,1755043368082,50125,10025.0,4.78,9.4,54.0,4,28,36,50
producer-1.pitur-265048.isolateedinburgh-pg0.utah.cloudlab.us,2025-08-13T00:02:53.090069482Z,1755043373090,49850,9968.0,4.75,9.2,78.0,4,28,35,63
producer-1.pitur-265048.isolateedinburgh-pg0.utah.cloudlab.us,2025-08-13T00:02:58.095209550Z,1755043378095,50270,10054.0,4.79,9.6,62.0,4,29,36,50
producer-1.pitur-265048.isolateedinburgh-pg0.utah.cloudlab.us,2025-08-13T00:03:03.104156314Z,1755043383104,49955,9987.0,4.76,9.3,53.0,4,28,34,44
producer-1.pitur-265048.isolateedinburgh-pg0.utah.cloudlab.us,2025-08-13T00:03:08.111450207Z,1755043388111,50052,10008.4,4.77,9.1,51.0,4,28,33,45
producer-1.pitur-265048.isolateedinburgh-pg0.utah.cloudlab.us,2025-08-13T00:03:13.119436168Z,1755043393119,50057,10005.4,4.77,9.5,47.0,4,28,34,42
