hostname,timestamp_iso,timestamp_ms,records_sent,recs_per_sec,mb_per_sec,avg_latency,max_latency,p50,p95,p99,p999
producer-1.pitur-265048.isolateedinburgh-pg0.utah.cloudlab.us,2025-08-12T23:51:07.066765048Z,1755042667066,49981,9994.2,4.77,30.0,3255.0,30,67,98,113
producer-1.pitur-265048.isolateedinburgh-pg0.utah.cloudlab.us,2025-08-12T23:51:12.096491789Z,1755042672096,50294,10058.8,4.80,4.7,42.0,2,23,30,38
producer-1.pitur-265048.isolateedinburgh-pg0.utah.cloudlab.us,2025-08-12T23:51:17.106275462Z,1755042677106,50088,10017.6,4.78,4.1,37.0,2,22,28,34
producer-1.pitur-265048.isolateedinburgh-pg0.utah.cloudlab.us,2025-08-12T23:51:22.115024271Z,1755042682115,50109,10019.8,4.78,4.0,37.0,2,21,28,34
producer-1.pitur-265048.isolateedinburgh-pg0.utah.cloudlab.us,2025-08-12T23:51:27.120063172Z,1755042687120,50066,10013.2,4.77,3.9,40.0,2,21,27,36
producer-1.pitur-265048.isolateedinburgh-pg0.utah.cloudlab.us,2025-08-12T23:51:32.126240894Z,1755042692126,50031,10004.2,4.77,3.8,39.0,2,20,26,34
producer-1.pitur-265048.isolateedinburgh-pg0.utah.cloudlab.us,2025-08-12T23:51:37.134079867Z,1755042697134,50092,10018.4,4.78,3.9,45.0,2,20,27,38
producer-1.pitur-265048.isolateedinburgh-pg0.utah.cloudlab.us,2025-08-12T23:51:42.141404593Z,1755042702141,50071,10014.2,4.78,4.0,40.0,2,21,27,34
producer-1.pitur-265048.isolateedinburgh-pg0.utah.cloudlab.us,2025-08-12T23:51:47.148518590Z,1755042707148,50083,10016.6,4.78,3.9,40.0,2,21,27,35
producer-1.pitur-265048.isolateedinburgh-pg0.utah.cloudlab.us,2025-08-12T23:51:52.156090991Z,1755042712156,50070,10014.0,4.78,3.8,51.0,2,20,27,38
producer-1.pitur-265048.isolateedinburgh-pg0.utah.cloudlab.us,2025-08-12T23:51:57.163559578Z,1755042717163,50018,10003.6,4.77,3.8,36.0,2,20,26,32
producer-1.pitur-265048.isolateedinburgh-pg0.utah.cloudlab.us,2025-08-12T23:52:02.171515270Z,1755042722171,50116,10023.2,4.78,3.8,39.0,2,20,27,34
producer-1.pitur-265048.isolateedinburgh-pg0.utah.cloudlab.us,2025-08-12T23:52:07.177038342Z,1755042727177,50026,10005.2,4.77,4.1,42.0,2,22,28,37
producer-1.pitur-265048.isolateedinburgh-pg0.utah.cloudlab.us,2025-08-12T23:52:12.182166755Z,1755042732182,50043,10008.6,4.77,4.1,40.0,2,22,29,35
producer-1.pitur-265048.isolateedinburgh-pg0.utah.cloudlab.us,2025-08-12T23:52:17.187537810Z,1755042737187,49997,9999.4,4.77,4.4,111.0,2,23,34,99
producer-1.pitur-265048.isolateedinburgh-pg0.utah.cloudlab.us,2025-08-12T23:52:22.194171128Z,1755042742194,50172,10032.4,4.78,4.2,72.0,2,21,29,60
producer-1.pitur-265048.isolateedinburgh-pg0.utah.cloudlab.us,2025-08-12T23:52:27.200040697Z,1755042747200,50064,10010.8,4.77,4.0,46.0,2,21,27,38
producer-1.pitur-265048.isolateedinburgh-pg0.utah.cloudlab.us,2025-08-12T23:52:32.206828283Z,1755042752206,50071,10012.2,4.77,4.2,46.0,2,23,31,40
producer-1.pitur-265048.isolateedinburgh-pg0.utah.cloudlab.us,2025-08-12T23:52:37.213189562Z,1755042757213,50059,10009.8,4.77,4.0,51.0,2,22,29,40
producer-1.pitur-265048.isolateedinburgh-pg0.utah.cloudlab.us,2025-08-12T23:52:42.219176763Z,1755042762219,50061,10012.2,4.77,3.9,42.0,2,21,28,36
producer-1.pitur-265048.isolateedinburgh-pg0.utah.cloudlab.us,2025-08-12T23:52:47.226390593Z,1755042767226,50069,10013.8,4.77,4.0,45.0,2,21,29,37
producer-1.pitur-265048.isolateedinburgh-pg0.utah.cloudlab.us,2025-08-12T23:52:52.233771220Z,1755042772233,49953,9990.6,4.76,3.9,55.0,2,21,28,44
producer-1.pitur-265048.isolateedinburgh-pg0.utah.cloudlab.us,2025-08-12T23:52:57.240184795Z,1755042777240,50164,10030.8,4.78,4.3,66.0,2,23,31,54
producer-1.pitur-265048.isolateedinburgh-pg0.utah.cloudlab.us,2025-08-12T23:53:02.246424612Z,1755042782246,50032,10004.4,4.77,4.0,38.0,2,22,28,34
producer-1.pitur-265048.isolateedinburgh-pg0.utah.cloudlab.us,2025-08-12T23:53:07.250424010Z,1755042787250,50099,10019.8,4.78,4.1,40.0,2,22,29,37
producer-1.pitur-265048.isolateedinburgh-pg0.utah.cloudlab.us,2025-08-12T23:53:12.255400027Z,1755042792255,50033,10006.6,4.77,4.1,43.0,2,22,30,36
producer-1.pitur-265048.isolateedinburgh-pg0.utah.cloudlab.us,2025-08-12T23:53:17.262048408Z,1755042797262,50021,10000.2,4.77,4.0,44.0,2,22,28,35
producer-1.pitur-265048.isolateedinburgh-pg0.utah.cloudlab.us,2025-08-12T23:53:22.268282106Z,1755042802268,50118,10021.6,4.78,4.4,81.0,2,22,31,76
producer-1.pitur-265048.isolateedinburgh-pg0.utah.cloudlab.us,2025-08-12T23:53:27.273979321Z,1755042807273,50051,10010.2,4.77,4.2,53.0,2,22,29,42
producer-1.pitur-265048.isolateedinburgh-pg0.utah.cloudlab.us,2025-08-12T23:53:32.280099519Z,1755042812280,50076,10015.2,4.78,4.1,39.0,2,22,28,33
producer-1.pitur-265048.isolateedinburgh-pg0.utah.cloudlab.us,2025-08-12T23:53:37.286349158Z,1755042817286,50072,10014.4,4.78,4.0,39.0,2,21,27,34
producer-1.pitur-265048.isolateedinburgh-pg0.utah.cloudlab.us,2025-08-12T23:53:42.292109246Z,1755042822292,50050,10010.0,4.77,4.1,42.0,2,22,28,36
producer-1.pitur-265048.isolateedinburgh-pg0.utah.cloudlab.us,2025-08-12T23:53:47.297187031Z,1755042827297,50042,10008.4,4.77,3.9,34.0,2,20,26,30
producer-1.pitur-265048.isolateedinburgh-pg0.utah.cloudlab.us,2025-08-12T23:53:52.302364237Z,1755042832302,50049,10009.8,4.77,4.0,53.0,2,21,28,41
producer-1.pitur-265048.isolateedinburgh-pg0.utah.cloudlab.us,2025-08-12T23:53:57.309311185Z,1755042837309,50070,10012.0,4.77,3.8,36.0,2,20,27,32
producer-1.pitur-265048.isolateedinburgh-pg0.utah.cloudlab.us,2025-08-12T23:54:02.315607263Z,1755042842315,49922,9984.4,4.76,4.0,42.0,2,21,27,35
producer-1.pitur-265048.isolateedinburgh-pg0.utah.cloudlab.us,2025-08-12T23:54:07.321544733Z,1755042847321,50199,10037.8,4.79,4.0,47.0,2,21,28,43
producer-1.pitur-265048.isolateedinburgh-pg0.utah.cloudlab.us,2025-08-12T23:54:12.325230864Z,1755042852325,50027,10005.4,4.77,3.9,57.0,2,21,28,45
producer-1.pitur-265048.isolateedinburgh-pg0.utah.cloudlab.us,2025-08-12T23:54:17.329303340Z,1755042857329,50053,10010.6,4.77,4.1,51.0,2,22,28,38
producer-1.pitur-265048.isolateedinburgh-pg0.utah.cloudlab.us,2025-08-12T23:54:22.335470738Z,1755042862335,50060,10010.0,4.77,4.1,51.0,2,22,29,43
producer-1.pitur-265048.isolateedinburgh-pg0.utah.cloudlab.us,2025-08-12T23:54:27.340900350Z,1755042867340,50059,10011.8,4.77,4.0,43.0,2,21,27,36
producer-1.pitur-265048.isolateedinburgh-pg0.utah.cloudlab.us,2025-08-12T23:54:32.346088131Z,1755042872346,49991,9996.2,4.77,4.1,43.0,2,21,29,40
producer-1.pitur-265048.isolateedinburgh-pg0.utah.cloudlab.us,2025-08-12T23:54:37.351048572Z,1755042877351,50110,10022.0,4.78,3.8,55.0,2,20,27,43
producer-1.pitur-265048.isolateedinburgh-pg0.utah.cloudlab.us,2025-08-12T23:54:42.357330673Z,1755042882357,50060,10010.0,4.77,3.9,42.0,2,21,27,34
producer-1.pitur-265048.isolateedinburgh-pg0.utah.cloudlab.us,2025-08-12T23:54:47.363368887Z,1755042887363,50059,10009.8,4.77,4.0,43.0,2,21,28,35
producer-1.pitur-265048.isolateedinburgh-pg0.utah.cloudlab.us,2025-08-12T23:54:52.370538314Z,1755042892370,50071,10014.2,4.78,4.0,46.0,2,21,27,37
producer-1.pitur-265048.isolateedinburgh-pg0.utah.cloudlab.us,2025-08-12T23:54:57.376543905Z,1755042897376,50047,10009.4,4.77,4.0,49.0,2,22,28,38
producer-1.pitur-265048.isolateedinburgh-pg0.utah.cloudlab.us,2025-08-12T23:55:02.382565106Z,1755042902382,50063,10012.6,4.77,4.1,59.0,2,22,28,45
producer-1.pitur-265048.isolateedinburgh-pg0.utah.cloudlab.us,2025-08-12T23:55:07.388192621Z,1755042907388,50003,9998.6,4.77,4.1,41.0,2,22,29,36
producer-1.pitur-265048.isolateedinburgh-pg0.utah.cloudlab.us,2025-08-12T23:55:12.392604262Z,1755042912392,50010,10002.0,4.77,4.2,59.0,2,22,31,43
producer-1.pitur-265048.isolateedinburgh-pg0.utah.cloudlab.us,2025-08-12T23:55:17.397909780Z,1755042917397,50139,10027.8,4.78,4.0,40.0,2,21,29,37
producer-1.pitur-265048.isolateedinburgh-pg0.utah.cloudlab.us,2025-08-12T23:55:22.403318265Z,1755042922403,49994,9998.8,4.77,4.1,39.0,2,22,30,35
producer-1.pitur-265048.isolateedinburgh-pg0.utah.cloudlab.us,2025-08-12T23:55:27.408042977Z,1755042927408,50134,10026.8,4.78,4.2,80.0,2,22,30,68
producer-1.pitur-265048.isolateedinburgh-pg0.utah.cloudlab.us,2025-08-12T23:55:32.413887442Z,1755042932413,49996,9999.2,4.77,4.3,61.0,2,23,31,46
producer-1.pitur-265048.isolateedinburgh-pg0.utah.cloudlab.us,2025-08-12T23:55:37.420123543Z,1755042937420,50038,10007.6,4.77,3.9,41.0,2,21,27,37
producer-1.pitur-265048.isolateedinburgh-pg0.utah.cloudlab.us,2025-08-12T23:55:42.427209794Z,1755042942427,50122,10022.4,4.78,3.9,41.0,2,20,27,36
producer-1.pitur-265048.isolateedinburgh-pg0.utah.cloudlab.us,2025-08-12T23:55:47.432208895Z,1755042947432,50073,10014.6,4.78,3.9,39.0,2,20,27,34
producer-1.pitur-265048.isolateedinburgh-pg0.utah.cloudlab.us,2025-08-12T23:55:52.437112644Z,1755042952437,49968,9993.6,4.77,3.9,41.0,2,20,27,35
producer-1.pitur-265048.isolateedinburgh-pg0.utah.cloudlab.us,2025-08-12T23:55:57.444031345Z,1755042957443,50143,10026.6,4.78,4.1,40.0,2,22,29,35
producer-1.pitur-265048.isolateedinburgh-pg0.utah.cloudlab.us,2025-08-12T23:56:02.449427640Z,1755042962449,50060,10010.0,4.77,4.1,55.0,2,22,30,48
producer-1.pitur-265048.isolateedinburgh-pg0.utah.cloudlab.us,2025-08-12T23:56:07.453429589Z,1755042967453,49993,9998.6,4.77,4.3,73.0,2,23,30,60
producer-1.pitur-265048.isolateedinburgh-pg0.utah.cloudlab.us,2025-08-12T23:56:12.457053484Z,1755042972457,50093,10018.6,4.78,3.9,37.0,2,21,27,33
producer-1.pitur-265048.isolateedinburgh-pg0.utah.cloudlab.us,2025-08-12T23:56:17.461193207Z,1755042977461,50033,10006.6,4.77,4.0,41.0,2,21,28,36
producer-1.pitur-265048.isolateedinburgh-pg0.utah.cloudlab.us,2025-08-12T23:56:22.465023047Z,1755042982465,50003,10000.6,4.77,4.1,37.0,2,22,28,33
producer-1.pitur-265048.isolateedinburgh-pg0.utah.cloudlab.us,2025-08-12T23:56:27.469539232Z,1755042987469,50072,10014.4,4.78,4.1,39.0,2,22,29,35
producer-1.pitur-265048.isolateedinburgh-pg0.utah.cloudlab.us,2025-08-12T23:56:32.475151359Z,1755042992475,50061,10010.2,4.77,4.0,58.0,2,21,28,47
producer-1.pitur-265048.isolateedinburgh-pg0.utah.cloudlab.us,2025-08-12T23:56:37.480296551Z,1755042997480,50055,10011.0,4.77,4.3,52.0,2,23,31,47
producer-1.pitur-265048.isolateedinburgh-pg0.utah.cloudlab.us,2025-08-12T23:56:42.486345234Z,1755043002486,49984,9994.8,4.77,4.0,37.0,2,21,27,33
producer-1.pitur-265048.isolateedinburgh-pg0.utah.cloudlab.us,2025-08-12T23:56:47.494216892Z,1755043007494,50066,10011.2,4.77,4.1,40.0,2,22,29,36
producer-1.pitur-265048.isolateedinburgh-pg0.utah.cloudlab.us,2025-08-12T23:56:52.501577179Z,1755043012501,50159,10027.8,4.78,4.0,51.0,2,21,28,39
producer-1.pitur-265048.isolateedinburgh-pg0.utah.cloudlab.us,2025-08-12T23:56:57.506164840Z,1755043017506,50026,10005.2,4.77,3.9,45.0,2,20,27,35
producer-1.pitur-265048.isolateedinburgh-pg0.utah.cloudlab.us,2025-08-12T23:57:02.512514859Z,1755043022512,50053,10010.6,4.77,4.3,54.0,2,22,29,46
producer-1.pitur-265048.isolateedinburgh-pg0.utah.cloudlab.us,2025-08-12T23:57:07.517273454Z,1755043027517,50057,10011.4,4.77,3.9,39.0,2,21,28,34
producer-1.pitur-265048.isolateedinburgh-pg0.utah.cloudlab.us,2025-08-12T23:57:12.521830773Z,1755043032521,50035,10007.0,4.77,4.0,49.0,2,21,27,39
producer-1.pitur-265048.isolateedinburgh-pg0.utah.cloudlab.us,2025-08-12T23:57:17.527237631Z,1755043037527,50090,10016.0,4.78,3.9,39.0,2,21,27,35
producer-1.pitur-265048.isolateedinburgh-pg0.utah.cloudlab.us,2025-08-12T23:57:22.532473430Z,1755043042532,50050,10010.0,4.77,3.9,35.0,2,21,27,33
producer-1.pitur-265048.isolateedinburgh-pg0.utah.cloudlab.us,2025-08-12T23:57:27.537564766Z,1755043047537,50044,10008.8,4.77,4.1,48.0,2,21,28,39
producer-1.pitur-265048.isolateedinburgh-pg0.utah.cloudlab.us,2025-08-12T23:57:32.544895215Z,1755043052544,50023,10002.6,4.77,3.9,49.0,2,20,28,41
producer-1.pitur-265048.isolateedinburgh-pg0.utah.cloudlab.us,2025-08-12T23:57:37.550012056Z,1755043057550,50116,10023.2,4.78,4.2,65.0,2,22,29,51
producer-1.pitur-265048.isolateedinburgh-pg0.utah.cloudlab.us,2025-08-12T23:57:42.556663620Z,1755043062556,50050,10008.0,4.77,4.1,40.0,2,22,28,35
producer-1.pitur-265048.isolateedinburgh-pg0.utah.cloudlab.us,2025-08-12T23:57:47.563176156Z,1755043067563,50003,9998.6,4.77,4.0,49.0,2,20,27,37
producer-1.pitur-265048.isolateedinburgh-pg0.utah.cloudlab.us,2025-08-12T23:57:52.569271665Z,1755043072569,50134,10024.8,4.78,3.9,41.0,2,20,27,34
producer-1.pitur-265048.isolateedinburgh-pg0.utah.cloudlab.us,2025-08-12T23:57:57.574429550Z,1755043077574,49980,9996.0,4.77,4.0,43.0,2,21,28,35
producer-1.pitur-265048.isolateedinburgh-pg0.utah.cloudlab.us,2025-08-12T23:58:02.580388809Z,1755043082580,50132,10026.4,4.78,4.0,37.0,2,21,27,34
producer-1.pitur-265048.isolateedinburgh-pg0.utah.cloudlab.us,2025-08-12T23:58:07.587586399Z,1755043087587,50018,10001.6,4.77,4.0,42.0,2,21,27,35
producer-1.pitur-265048.isolateedinburgh-pg0.utah.cloudlab.us,2025-08-12T23:58:12.591250858Z,1755043092591,50023,10004.6,4.77,3.9,47.0,2,21,27,37
producer-1.pitur-265048.isolateedinburgh-pg0.utah.cloudlab.us,2025-08-12T23:58:17.595316045Z,1755043097595,50059,10011.8,4.77,3.9,39.0,2,20,26,35
producer-1.pitur-265048.isolateedinburgh-pg0.utah.cloudlab.us,2025-08-12T23:58:22.599473918Z,1755043102599,50007,10001.4,4.77,3.9,52.0,2,20,26,40
producer-1.pitur-265048.isolateedinburgh-pg0.utah.cloudlab.us,2025-08-12T23:58:27.604609672Z,1755043107604,50135,10025.0,4.78,4.0,35.0,2,21,27,33
producer-1.pitur-265048.isolateedinburgh-pg0.utah.cloudlab.us,2025-08-12T23:58:32.609852742Z,1755043112609,50054,10010.8,4.77,4.0,42.0,2,21,27,37
producer-1.pitur-265048.isolateedinburgh-pg0.utah.cloudlab.us,2025-08-12T23:58:37.614677527Z,1755043117614,50012,10002.4,4.77,3.9,36.0,2,21,27,34
producer-1.pitur-265048.isolateedinburgh-pg0.utah.cloudlab.us,2025-08-12T23:58:42.619688222Z,1755043122619,50082,10016.4,4.78,4.4,56.0,2,23,31,47
producer-1.pitur-265048.isolateedinburgh-pg0.utah.cloudlab.us,2025-08-12T23:58:47.626322892Z,1755043127626,50012,9998.4,4.77,3.8,47.0,2,20,27,36
producer-1.pitur-265048.isolateedinburgh-pg0.utah.cloudlab.us,2025-08-12T23:58:52.631126467Z,1755043132631,50106,10021.2,4.78,3.9,39.0,2,20,26,34
producer-1.pitur-265048.isolateedinburgh-pg0.utah.cloudlab.us,2025-08-12T23:58:57.637634961Z,1755043137637,50060,10010.0,4.77,4.0,47.0,2,21,28,38
producer-1.pitur-265048.isolateedinburgh-pg0.utah.cloudlab.us,2025-08-12T23:59:02.642105445Z,1755043142642,49976,9995.2,4.77,4.2,47.0,2,22,29,38
producer-1.pitur-265048.isolateedinburgh-pg0.utah.cloudlab.us,2025-08-12T23:59:07.647184964Z,1755043147647,50047,10009.4,4.77,4.0,68.0,2,20,27,57
producer-1.pitur-265048.isolateedinburgh-pg0.utah.cloudlab.us,2025-08-12T23:59:12.654075056Z,1755043152654,50147,10027.4,4.78,4.2,49.0,2,22,29,44
producer-1.pitur-265048.isolateedinburgh-pg0.utah.cloudlab.us,2025-08-12T23:59:17.658069588Z,1755043157658,50030,10004.0,4.77,3.9,40.0,2,20,27,32
producer-1.pitur-265048.isolateedinburgh-pg0.utah.cloudlab.us,2025-08-12T23:59:22.662057896Z,1755043162662,50051,10010.2,4.77,4.1,47.0,2,22,29,40
producer-1.pitur-265048.isolateedinburgh-pg0.utah.cloudlab.us,2025-08-12T23:59:27.667035593Z,1755043167667,50002,9998.4,4.77,4.1,49.0,2,21,29,42
producer-1.pitur-265048.isolateedinburgh-pg0.utah.cloudlab.us,2025-08-12T23:59:32.672727671Z,1755043172672,50106,10021.2,4.78,3.9,39.0,2,20,26,33
producer-1.pitur-265048.isolateedinburgh-pg0.utah.cloudlab.us,2025-08-12T23:59:37.676180916Z,1755043177676,50031,10006.2,4.77,3.9,46.0,2,20,27,37
producer-1.pitur-265048.isolateedinburgh-pg0.utah.cloudlab.us,2025-08-12T23:59:42.680138132Z,1755043182680,50039,10007.8,4.77,4.3,76.0,2,22,31,62
producer-1.pitur-265048.isolateedinburgh-pg0.utah.cloudlab.us,2025-08-12T23:59:47.686287422Z,1755043187686,49992,9996.4,4.77,3.9,49.0,2,21,27,45
producer-1.pitur-265048.isolateedinburgh-pg0.utah.cloudlab.us,2025-08-12T23:59:52.691065488Z,1755043192691,50119,10023.8,4.78,4.3,43.0,2,23,30,37
producer-1.pitur-265048.isolateedinburgh-pg0.utah.cloudlab.us,2025-08-12T23:59:57.695662712Z,1755043197695,50039,10007.8,4.77,3.9,38.0,2,20,27,35
producer-1.pitur-265048.isolateedinburgh-pg0.utah.cloudlab.us,2025-08-13T00:00:02.702677085Z,1755043202702,50080,10014.0,4.78,4.1,74.0,2,21,29,59
producer-1.pitur-265048.isolateedinburgh-pg0.utah.cloudlab.us,2025-08-13T00:00:07.707095295Z,1755043207707,49955,9989.0,4.76,3.9,50.0,2,20,28,42
producer-1.pitur-265048.isolateedinburgh-pg0.utah.cloudlab.us,2025-08-13T00:00:12.712217106Z,1755043212712,50148,10029.6,4.78,4.2,64.0,2,22,28,51
producer-1.pitur-265048.isolateedinburgh-pg0.utah.cloudlab.us,2025-08-13T00:00:17.717010104Z,1755043217717,50030,10006.0,4.77,4.0,48.0,2,21,28,43
producer-1.pitur-265048.isolateedinburgh-pg0.utah.cloudlab.us,2025-08-13T00:00:22.722392054Z,1755043222722,50058,10011.6,4.77,4.1,45.0,2,21,28,38
producer-1.pitur-265048.isolateedinburgh-pg0.utah.cloudlab.us,2025-08-13T00:00:27.726945513Z,1755043227726,50050,10010.0,4.77,3.9,42.0,2,21,28,36
producer-1.pitur-265048.isolateedinburgh-pg0.utah.cloudlab.us,2025-08-13T00:00:32.731425806Z,1755043232731,49967,9993.4,4.77,4.0,56.0,2,21,28,46
producer-1.pitur-265048.isolateedinburgh-pg0.utah.cloudlab.us,2025-08-13T00:00:37.736109290Z,1755043237736,50123,10024.6,4.78,4.0,41.0,2,21,28,35
producer-1.pitur-265048.isolateedinburgh-pg0.utah.cloudlab.us,2025-08-13T00:00:42.742182593Z,1755043242742,50059,10009.8,4.77,4.1,50.0,2,21,28,41
producer-1.pitur-265048.isolateedinburgh-pg0.utah.cloudlab.us,2025-08-13T00:00:47.747582583Z,1755043247747,50050,10010.0,4.77,4.1,43.0,2,22,29,41
producer-1.pitur-265048.isolateedinburgh-pg0.utah.cloudlab.us,2025-08-13T00:00:52.753911570Z,1755043252753,49974,9994.8,4.77,4.0,55.0,2,21,27,46
producer-1.pitur-265048.isolateedinburgh-pg0.utah.cloudlab.us,2025-08-13T00:00:57.758815776Z,1755043257758,50070,10014.0,4.78,4.0,63.0,2,21,27,43
producer-1.pitur-265048.isolateedinburgh-pg0.utah.cloudlab.us,2025-08-13T00:01:02.764994589Z,1755043262764,50126,10023.2,4.78,3.9,34.0,2,20,26,30
producer-1.pitur-265048.isolateedinburgh-pg0.utah.cloudlab.us,2025-08-13T00:01:07.771607171Z,1755043267771,50025,10003.0,4.77,4.0,38.0,2,21,27,32
producer-1.pitur-265048.isolateedinburgh-pg0.utah.cloudlab.us,2025-08-13T00:01:12.777078153Z,1755043272777,50075,10015.0,4.78,4.2,51.0,2,22,30,41
producer-1.pitur-265048.isolateedinburgh-pg0.utah.cloudlab.us,2025-08-13T00:01:17.783224559Z,1755043277783,50091,10016.2,4.78,4.1,59.0,2,21,30,48
producer-1.pitur-265048.isolateedinburgh-pg0.utah.cloudlab.us,2025-08-13T00:01:22.789057789Z,1755043282789,50059,10011.8,4.77,4.1,50.0,2,21,30,42
producer-1.pitur-265048.isolateedinburgh-pg0.utah.cloudlab.us,2025-08-13T00:01:27.795318078Z,1755043287795,50061,10010.2,4.77,4.1,41.0,2,21,28,35
producer-1.pitur-265048.isolateedinburgh-pg0.utah.cloudlab.us,2025-08-13T00:01:32.799041620Z,1755043292799,49943,9988.6,4.76,4.1,50.0,2,22,29,39
producer-1.pitur-265048.isolateedinburgh-pg0.utah.cloudlab.us,2025-08-13T00:01:37.804201734Z,1755043297804,50114,10022.8,4.78,4.0,42.0,2,21,28,36
producer-1.pitur-265048.isolateedinburgh-pg0.utah.cloudlab.us,2025-08-13T00:01:42.810509205Z,1755043302810,50022,10002.4,4.77,4.1,46.0,2,21,30,40
producer-1.pitur-265048.isolateedinburgh-pg0.utah.cloudlab.us,2025-08-13T00:01:47.817273038Z,1755043307817,50141,10026.2,4.78,4.2,52.0,2,22,29,41
producer-1.pitur-265048.isolateedinburgh-pg0.utah.cloudlab.us,2025-08-13T00:01:52.822021508Z,1755043312822,50040,10008.0,4.77,4.1,48.0,2,22,31,41
producer-1.pitur-265048.isolateedinburgh-pg0.utah.cloudlab.us,2025-08-13T00:01:57.827257671Z,1755043317827,50063,10012.6,4.77,4.1,42.0,2,21,28,37
producer-1.pitur-265048.isolateedinburgh-pg0.utah.cloudlab.us,2025-08-13T00:02:02.833697514Z,1755043322833,49991,9998.2,4.77,4.0,44.0,2,21,27,37
producer-1.pitur-265048.isolateedinburgh-pg0.utah.cloudlab.us,2025-08-13T00:02:07.839929370Z,1755043327839,50060,10010.0,4.77,4.0,41.0,2,22,28,33
producer-1.pitur-265048.isolateedinburgh-pg0.utah.cloudlab.us,2025-08-13T00:02:12.845379866Z,1755043332845,50102,10020.4,4.78,3.9,38.0,2,20,27,34
producer-1.pitur-265048.isolateedinburgh-pg0.utah.cloudlab.us,2025-08-13T00:02:17.852062861Z,1755043337852,50094,10016.8,4.78,4.3,46.0,2,22,30,39
producer-1.pitur-265048.isolateedinburgh-pg0.utah.cloudlab.us,2025-08-13T00:02:22.858311935Z,1755043342858,49999,9999.8,4.77,4.1,49.0,2,22,28,40
producer-1.pitur-265048.isolateedinburgh-pg0.utah.cloudlab.us,2025-08-13T00:02:27.865126591Z,1755043347865,50137,10027.4,4.78,4.1,39.0,2,21,27,32
producer-1.pitur-265048.isolateedinburgh-pg0.utah.cloudlab.us,2025-08-13T00:02:32.870450653Z,1755043352870,50043,10008.6,4.77,4.1,39.0,2,22,28,34
producer-1.pitur-265048.isolateedinburgh-pg0.utah.cloudlab.us,2025-08-13T00:02:37.874055251Z,1755043357874,49965,9993.0,4.77,4.1,43.0,2,21,28,36
producer-1.pitur-265048.isolateedinburgh-pg0.utah.cloudlab.us,2025-08-13T00:02:42.878513121Z,1755043362878,50116,10023.2,4.78,4.2,61.0,2,22,29,49
producer-1.pitur-265048.isolateedinburgh-pg0.utah.cloudlab.us,2025-08-13T00:02:47.883341711Z,1755043367883,50055,10011.0,4.77,4.1,41.0,2,21,28,39
producer-1.pitur-265048.isolateedinburgh-pg0.utah.cloudlab.us,2025-08-13T00:02:52.889365395Z,1755043372889,50043,10006.6,4.77,4.1,42.0,2,21,27,35
producer-1.pitur-265048.isolateedinburgh-pg0.utah.cloudlab.us,2025-08-13T00:02:57.894840669Z,1755043377894,49996,9997.2,4.77,4.0,48.0,2,21,27,41
producer-1.pitur-265048.isolateedinburgh-pg0.utah.cloudlab.us,2025-08-13T00:03:02.900725537Z,1755043382900,50089,10015.8,4.78,4.2,40.0,2,22,29,35
producer-1.pitur-265048.isolateedinburgh-pg0.utah.cloudlab.us,2025-08-13T00:03:07.907507301Z,1755043387907,50107,10019.4,4.78,4.2,59.0,2,22,29,47
producer-1.pitur-265048.isolateedinburgh-pg0.utah.cloudlab.us,2025-08-13T00:03:12.912185819Z,1755043392912,50055,10011.0,4.77,3.9,36.0,2,21,26,31
