hostname,timestamp_iso,timestamp_ms,records_sent,recs_per_sec,mb_per_sec,avg_latency,max_latency,p50,p95,p99,p999
producer-1.pitur-265048.isolateedinburgh-pg0.utah.cloudlab.us,2025-08-12T23:51:07.003925210Z,1755042667003,49982,9996.4,4.77,43.5,3343.0,38,115,129,154
producer-1.pitur-265048.isolateedinburgh-pg0.utah.cloudlab.us,2025-08-12T23:51:12.035050006Z,1755042672035,50203,10040.6,4.79,7.2,52.0,2,26,32,45
producer-1.pitur-265048.isolateedinburgh-pg0.utah.cloudlab.us,2025-08-12T23:51:17.045515069Z,1755042677045,50170,10034.0,4.78,6.6,43.0,2,26,31,38
producer-1.pitur-265048.isolateedinburgh-pg0.utah.cloudlab.us,2025-08-12T23:51:22.055665685Z,1755042682055,50145,10027.0,4.78,6.4,42.0,2,25,30,37
producer-1.pitur-265048.isolateedinburgh-pg0.utah.cloudlab.us,2025-08-12T23:51:27.066453828Z,1755042687066,50102,10018.4,4.78,6.0,41.0,2,24,29,37
producer-1.pitur-265048.isolateedinburgh-pg0.utah.cloudlab.us,2025-08-12T23:51:32.076081704Z,1755042692076,50063,10008.6,4.77,5.9,42.0,2,24,29,37
producer-1.pitur-265048.isolateedinburgh-pg0.utah.cloudlab.us,2025-08-12T23:51:37.084075210Z,1755042697084,50017,10003.4,4.77,6.2,47.0,2,25,30,41
producer-1.pitur-265048.isolateedinburgh-pg0.utah.cloudlab.us,2025-08-12T23:51:42.091151774Z,1755042702091,50162,10030.4,4.78,6.2,40.0,2,24,30,36
producer-1.pitur-265048.isolateedinburgh-pg0.utah.cloudlab.us,2025-08-12T23:51:47.100064208Z,1755042707100,50097,10017.4,4.78,6.1,41.0,2,24,29,36
producer-1.pitur-265048.isolateedinburgh-pg0.utah.cloudlab.us,2025-08-12T23:51:52.106032117Z,1755042712106,50078,10015.6,4.78,6.3,51.0,2,25,33,46
producer-1.pitur-265048.isolateedinburgh-pg0.utah.cloudlab.us,2025-08-12T23:51:57.112731947Z,1755042717112,50032,10006.4,4.77,6.2,42.0,2,25,30,35
producer-1.pitur-265048.isolateedinburgh-pg0.utah.cloudlab.us,2025-08-12T23:52:02.117880957Z,1755042722117,50054,10010.8,4.77,6.3,66.0,2,25,30,55
producer-1.pitur-265048.isolateedinburgh-pg0.utah.cloudlab.us,2025-08-12T23:52:07.124752967Z,1755042727124,50017,10003.4,4.77,6.6,50.0,2,26,32,40
producer-1.pitur-265048.isolateedinburgh-pg0.utah.cloudlab.us,2025-08-12T23:52:12.131724422Z,1755042732131,50064,10012.8,4.77,6.4,44.0,2,25,31,38
producer-1.pitur-265048.isolateedinburgh-pg0.utah.cloudlab.us,2025-08-12T23:52:17.137313106Z,1755042737137,50122,10024.4,4.78,7.0,111.0,2,26,36,99
producer-1.pitur-265048.isolateedinburgh-pg0.utah.cloudlab.us,2025-08-12T23:52:22.142956647Z,1755042742142,50047,10009.4,4.77,6.4,76.0,2,25,32,69
producer-1.pitur-265048.isolateedinburgh-pg0.utah.cloudlab.us,2025-08-12T23:52:27.149408970Z,1755042747149,50046,10009.2,4.77,6.4,45.0,2,25,30,39
producer-1.pitur-265048.isolateedinburgh-pg0.utah.cloudlab.us,2025-08-12T23:52:32.156166041Z,1755042752156,50060,10010.0,4.77,6.3,46.0,2,25,32,40
producer-1.pitur-265048.isolateedinburgh-pg0.utah.cloudlab.us,2025-08-12T23:52:37.162704811Z,1755042757162,50110,10022.0,4.78,6.5,46.0,2,25,32,42
producer-1.pitur-265048.isolateedinburgh-pg0.utah.cloudlab.us,2025-08-12T23:52:42.168011384Z,1755042762168,49969,9993.8,4.77,6.3,46.0,2,25,31,41
producer-1.pitur-265048.isolateedinburgh-pg0.utah.cloudlab.us,2025-08-12T23:52:47.175377017Z,1755042767175,50151,10028.2,4.78,6.3,45.0,2,25,31,41
producer-1.pitur-265048.isolateedinburgh-pg0.utah.cloudlab.us,2025-08-12T23:52:52.182191493Z,1755042772182,50010,10002.0,4.77,6.4,54.0,2,25,31,46
producer-1.pitur-265048.isolateedinburgh-pg0.utah.cloudlab.us,2025-08-12T23:52:57.187024797Z,1755042777187,50016,10003.2,4.77,6.7,68.0,2,26,33,61
producer-1.pitur-265048.isolateedinburgh-pg0.utah.cloudlab.us,2025-08-12T23:53:02.192930181Z,1755042782192,50007,10001.4,4.77,6.5,45.0,2,25,30,39
producer-1.pitur-265048.isolateedinburgh-pg0.utah.cloudlab.us,2025-08-12T23:53:07.201502531Z,1755042787201,50207,10039.4,4.79,6.3,41.0,2,25,31,38
producer-1.pitur-265048.isolateedinburgh-pg0.utah.cloudlab.us,2025-08-12T23:53:12.210000994Z,1755042792209,50064,10012.8,4.77,6.5,43.0,2,26,32,38
producer-1.pitur-265048.isolateedinburgh-pg0.utah.cloudlab.us,2025-08-12T23:53:17.216864333Z,1755042797216,50117,10023.4,4.78,6.4,55.0,2,25,32,42
producer-1.pitur-265048.isolateedinburgh-pg0.utah.cloudlab.us,2025-08-12T23:53:22.222468819Z,1755042802222,50050,10010.0,4.77,6.7,80.0,2,25,32,76
producer-1.pitur-265048.isolateedinburgh-pg0.utah.cloudlab.us,2025-08-12T23:53:27.229212685Z,1755042807229,50032,10006.4,4.77,6.3,51.0,2,25,31,42
producer-1.pitur-265048.isolateedinburgh-pg0.utah.cloudlab.us,2025-08-12T23:53:32.234392456Z,1755042812234,50088,10017.6,4.78,6.4,48.0,2,25,30,37
producer-1.pitur-265048.isolateedinburgh-pg0.utah.cloudlab.us,2025-08-12T23:53:37.241090837Z,1755042817241,50047,10007.4,4.77,6.3,39.0,2,25,30,36
producer-1.pitur-265048.isolateedinburgh-pg0.utah.cloudlab.us,2025-08-12T23:53:42.247049280Z,1755042822247,50082,10014.4,4.78,6.6,52.0,2,25,32,48
producer-1.pitur-265048.isolateedinburgh-pg0.utah.cloudlab.us,2025-08-12T23:53:47.253094474Z,1755042827253,50020,10002.0,4.77,6.3,40.0,2,25,30,37
producer-1.pitur-265048.isolateedinburgh-pg0.utah.cloudlab.us,2025-08-12T23:53:52.261880093Z,1755042832261,50114,10020.8,4.78,6.3,66.0,2,25,33,54
producer-1.pitur-265048.isolateedinburgh-pg0.utah.cloudlab.us,2025-08-12T23:53:57.268360698Z,1755042837268,50086,10017.2,4.78,6.6,50.0,2,26,32,42
producer-1.pitur-265048.isolateedinburgh-pg0.utah.cloudlab.us,2025-08-12T23:54:02.274584822Z,1755042842274,49925,9985.0,4.76,6.3,43.0,2,25,31,40
producer-1.pitur-265048.isolateedinburgh-pg0.utah.cloudlab.us,2025-08-12T23:54:07.281231234Z,1755042847281,50195,10037.0,4.79,6.5,47.0,2,25,30,40
producer-1.pitur-265048.isolateedinburgh-pg0.utah.cloudlab.us,2025-08-12T23:54:12.288626499Z,1755042852288,49958,9989.6,4.76,6.1,57.0,2,24,30,45
producer-1.pitur-265048.isolateedinburgh-pg0.utah.cloudlab.us,2025-08-12T23:54:17.294840049Z,1755042857294,50136,10027.2,4.78,6.4,49.0,2,25,30,40
producer-1.pitur-265048.isolateedinburgh-pg0.utah.cloudlab.us,2025-08-12T23:54:22.300985469Z,1755042862300,49912,9980.4,4.76,6.5,53.0,2,25,33,43
producer-1.pitur-265048.isolateedinburgh-pg0.utah.cloudlab.us,2025-08-12T23:54:27.306312292Z,1755042867306,50215,10043.0,4.79,6.6,43.0,2,25,32,39
producer-1.pitur-265048.isolateedinburgh-pg0.utah.cloudlab.us,2025-08-12T23:54:32.313696904Z,1755042872313,50099,10017.8,4.78,6.5,62.0,2,25,32,50
producer-1.pitur-265048.isolateedinburgh-pg0.utah.cloudlab.us,2025-08-12T23:54:37.321218727Z,1755042877321,49997,9997.4,4.77,6.3,57.0,2,24,31,46
producer-1.pitur-265048.isolateedinburgh-pg0.utah.cloudlab.us,2025-08-12T23:54:42.327854714Z,1755042882327,50030,10006.0,4.77,6.3,45.0,2,25,30,40
producer-1.pitur-265048.isolateedinburgh-pg0.utah.cloudlab.us,2025-08-12T23:54:47.333745573Z,1755042887333,50037,10007.4,4.77,6.3,42.0,2,25,30,38
producer-1.pitur-265048.isolateedinburgh-pg0.utah.cloudlab.us,2025-08-12T23:54:52.340153969Z,1755042892340,50132,10024.4,4.78,6.2,50.0,2,25,30,43
producer-1.pitur-265048.isolateedinburgh-pg0.utah.cloudlab.us,2025-08-12T23:54:57.346765092Z,1755042897346,50134,10026.8,4.78,6.4,54.0,2,25,32,46
producer-1.pitur-265048.isolateedinburgh-pg0.utah.cloudlab.us,2025-08-12T23:55:02.352111320Z,1755042902352,50055,10011.0,4.77,6.5,83.0,2,25,31,70
producer-1.pitur-265048.isolateedinburgh-pg0.utah.cloudlab.us,2025-08-12T23:55:07.357201162Z,1755042907357,50036,10007.2,4.77,6.4,44.0,2,25,31,39
producer-1.pitur-265048.isolateedinburgh-pg0.utah.cloudlab.us,2025-08-12T23:55:12.365218865Z,1755042912365,50027,10005.4,4.77,6.6,60.0,2,26,33,53
producer-1.pitur-265048.isolateedinburgh-pg0.utah.cloudlab.us,2025-08-12T23:55:17.371336263Z,1755042917371,50013,10002.6,4.77,6.2,42.0,2,25,31,38
producer-1.pitur-265048.isolateedinburgh-pg0.utah.cloudlab.us,2025-08-12T23:55:22.379343150Z,1755042922379,50131,10024.2,4.78,6.5,44.0,2,26,32,38
producer-1.pitur-265048.isolateedinburgh-pg0.utah.cloudlab.us,2025-08-12T23:55:27.386420578Z,1755042927386,50066,10011.2,4.77,6.5,78.0,2,25,32,67
producer-1.pitur-265048.isolateedinburgh-pg0.utah.cloudlab.us,2025-08-12T23:55:32.392604066Z,1755042932392,50123,10024.6,4.78,6.5,64.0,2,26,32,57
producer-1.pitur-265048.isolateedinburgh-pg0.utah.cloudlab.us,2025-08-12T23:55:37.398720093Z,1755042937398,49987,9997.4,4.77,6.2,54.0,2,24,30,42
producer-1.pitur-265048.isolateedinburgh-pg0.utah.cloudlab.us,2025-08-12T23:55:42.403546871Z,1755042942403,50055,10011.0,4.77,6.3,45.0,2,25,30,37
producer-1.pitur-265048.isolateedinburgh-pg0.utah.cloudlab.us,2025-08-12T23:55:47.409456504Z,1755042947409,50138,10025.6,4.78,6.3,47.0,2,24,29,42
producer-1.pitur-265048.isolateedinburgh-pg0.utah.cloudlab.us,2025-08-12T23:55:52.416442251Z,1755042952416,50054,10010.8,4.77,6.2,45.0,2,24,31,40
producer-1.pitur-265048.isolateedinburgh-pg0.utah.cloudlab.us,2025-08-12T23:55:57.425017801Z,1755042957424,50042,10006.4,4.77,6.3,42.0,2,25,30,36
producer-1.pitur-265048.isolateedinburgh-pg0.utah.cloudlab.us,2025-08-12T23:56:02.432312197Z,1755042962432,50059,10011.8,4.77,6.4,60.0,2,25,32,49
producer-1.pitur-265048.isolateedinburgh-pg0.utah.cloudlab.us,2025-08-12T23:56:07.437488672Z,1755042967437,50124,10024.8,4.78,6.7,85.0,2,26,33,71
producer-1.pitur-265048.isolateedinburgh-pg0.utah.cloudlab.us,2025-08-12T23:56:12.445444686Z,1755042972445,50001,10000.2,4.77,6.2,61.0,2,24,29,50
producer-1.pitur-265048.isolateedinburgh-pg0.utah.cloudlab.us,2025-08-12T23:56:17.450534104Z,1755042977450,50114,10022.8,4.78,6.4,48.0,2,25,31,41
producer-1.pitur-265048.isolateedinburgh-pg0.utah.cloudlab.us,2025-08-12T23:56:22.456142347Z,1755042982456,50069,10013.8,4.77,6.5,51.0,2,25,30,39
producer-1.pitur-265048.isolateedinburgh-pg0.utah.cloudlab.us,2025-08-12T23:56:27.462072715Z,1755042987462,49983,9996.6,4.77,6.5,44.0,2,26,31,38
producer-1.pitur-265048.isolateedinburgh-pg0.utah.cloudlab.us,2025-08-12T23:56:32.469495529Z,1755042992469,50086,10015.2,4.78,6.5,58.0,2,25,32,47
producer-1.pitur-265048.isolateedinburgh-pg0.utah.cloudlab.us,2025-08-12T23:56:37.475100317Z,1755042997475,50128,10025.6,4.78,6.8,75.0,2,26,34,61
producer-1.pitur-265048.isolateedinburgh-pg0.utah.cloudlab.us,2025-08-12T23:56:42.482051727Z,1755043002482,49999,9997.8,4.77,6.4,39.0,2,25,30,36
producer-1.pitur-265048.isolateedinburgh-pg0.utah.cloudlab.us,2025-08-12T23:56:47.487059734Z,1755043007487,49986,9997.2,4.77,6.4,42.0,2,25,31,39
producer-1.pitur-265048.isolateedinburgh-pg0.utah.cloudlab.us,2025-08-12T23:56:52.494459380Z,1755043012494,50175,10033.0,4.78,6.2,56.0,2,25,30,44
producer-1.pitur-265048.isolateedinburgh-pg0.utah.cloudlab.us,2025-08-12T23:56:57.514010892Z,1755043017514,49973,9966.7,4.75,5.8,46.0,2,24,29,38
producer-1.pitur-265048.isolateedinburgh-pg0.utah.cloudlab.us,2025-08-12T23:57:02.519249541Z,1755043022519,50239,10045.8,4.79,6.6,80.0,2,25,33,68
producer-1.pitur-265048.isolateedinburgh-pg0.utah.cloudlab.us,2025-08-12T23:57:07.525916050Z,1755043027525,50068,10013.6,4.77,6.3,61.0,2,25,32,49
producer-1.pitur-265048.isolateedinburgh-pg0.utah.cloudlab.us,2025-08-12T23:57:12.534479012Z,1755043032534,50026,9999.2,4.77,6.4,55.0,2,24,30,48
producer-1.pitur-265048.isolateedinburgh-pg0.utah.cloudlab.us,2025-08-12T23:57:17.541596738Z,1755043037541,50171,10034.2,4.78,6.4,42.0,2,25,30,38
producer-1.pitur-265048.isolateedinburgh-pg0.utah.cloudlab.us,2025-08-12T23:57:22.547995592Z,1755043042547,50052,10010.4,4.77,6.3,40.0,2,24,29,35
producer-1.pitur-265048.isolateedinburgh-pg0.utah.cloudlab.us,2025-08-12T23:57:27.554119159Z,1755043047554,50041,10008.2,4.77,6.4,50.0,2,25,31,40
producer-1.pitur-265048.isolateedinburgh-pg0.utah.cloudlab.us,2025-08-12T23:57:32.559010771Z,1755043052559,50113,10022.6,4.78,6.3,52.0,2,25,32,43
producer-1.pitur-265048.isolateedinburgh-pg0.utah.cloudlab.us,2025-08-12T23:57:37.568466875Z,1755043057568,49997,9989.4,4.76,6.2,52.0,2,24,30,40
producer-1.pitur-265048.isolateedinburgh-pg0.utah.cloudlab.us,2025-08-12T23:57:42.574291759Z,1755043062574,50143,10028.6,4.78,6.5,40.0,2,25,30,37
producer-1.pitur-265048.isolateedinburgh-pg0.utah.cloudlab.us,2025-08-12T23:57:47.581792223Z,1755043067581,50077,10013.4,4.77,6.3,48.0,2,25,30,37
producer-1.pitur-265048.isolateedinburgh-pg0.utah.cloudlab.us,2025-08-12T23:57:52.588032080Z,1755043072588,49966,9993.2,4.77,6.4,48.0,2,25,29,39
producer-1.pitur-265048.isolateedinburgh-pg0.utah.cloudlab.us,2025-08-12T23:57:57.594153831Z,1755043077594,50181,10036.2,4.79,6.4,43.0,2,25,30,39
producer-1.pitur-265048.isolateedinburgh-pg0.utah.cloudlab.us,2025-08-12T23:58:02.599500273Z,1755043082599,50012,10002.4,4.77,6.2,38.0,2,24,30,35
producer-1.pitur-265048.isolateedinburgh-pg0.utah.cloudlab.us,2025-08-12T23:58:07.605301510Z,1755043087605,50013,10000.6,4.77,6.3,43.0,2,25,30,37
producer-1.pitur-265048.isolateedinburgh-pg0.utah.cloudlab.us,2025-08-12T23:58:12.612866546Z,1755043092612,50071,10010.2,4.77,6.4,46.0,2,25,32,43
producer-1.pitur-265048.isolateedinburgh-pg0.utah.cloudlab.us,2025-08-12T23:58:17.619287521Z,1755043097619,50070,10014.0,4.78,6.3,44.0,2,24,31,39
producer-1.pitur-265048.isolateedinburgh-pg0.utah.cloudlab.us,2025-08-12T23:58:22.625851610Z,1755043102625,50070,10014.0,4.78,6.2,53.0,2,24,30,42
producer-1.pitur-265048.isolateedinburgh-pg0.utah.cloudlab.us,2025-08-12T23:58:27.633370056Z,1755043107633,50057,10011.4,4.77,6.2,41.0,2,24,29,35
producer-1.pitur-265048.isolateedinburgh-pg0.utah.cloudlab.us,2025-08-12T23:58:32.640212050Z,1755043112640,50104,10018.8,4.78,6.6,64.0,2,25,31,53
producer-1.pitur-265048.isolateedinburgh-pg0.utah.cloudlab.us,2025-08-12T23:58:37.645588888Z,1755043117645,50076,10015.2,4.78,6.4,46.0,2,25,30,40
producer-1.pitur-265048.isolateedinburgh-pg0.utah.cloudlab.us,2025-08-12T23:58:42.651579568Z,1755043122651,50020,10004.0,4.77,6.7,57.0,2,26,33,48
producer-1.pitur-265048.isolateedinburgh-pg0.utah.cloudlab.us,2025-08-12T23:58:47.657492786Z,1755043127657,50114,10022.8,4.78,6.3,59.0,2,24,30,45
producer-1.pitur-265048.isolateedinburgh-pg0.utah.cloudlab.us,2025-08-12T23:58:52.670086092Z,1755043132670,49994,9986.8,4.76,6.2,44.0,2,24,30,40
producer-1.pitur-265048.isolateedinburgh-pg0.utah.cloudlab.us,2025-08-12T23:58:57.676272822Z,1755043137676,50165,10033.0,4.78,6.4,49.0,2,25,31,43
producer-1.pitur-265048.isolateedinburgh-pg0.utah.cloudlab.us,2025-08-12T23:59:02.683910679Z,1755043142683,50116,10023.2,4.78,6.6,47.0,2,26,32,40
producer-1.pitur-265048.isolateedinburgh-pg0.utah.cloudlab.us,2025-08-12T23:59:07.691397507Z,1755043147691,50045,10009.0,4.77,6.3,75.0,2,24,30,63
producer-1.pitur-265048.isolateedinburgh-pg0.utah.cloudlab.us,2025-08-12T23:59:12.696880045Z,1755043152696,50076,10015.2,4.78,6.7,70.0,2,26,34,60
producer-1.pitur-265048.isolateedinburgh-pg0.utah.cloudlab.us,2025-08-12T23:59:17.702613911Z,1755043157702,49970,9994.0,4.77,6.2,45.0,2,25,29,38
producer-1.pitur-265048.isolateedinburgh-pg0.utah.cloudlab.us,2025-08-12T23:59:22.708211385Z,1755043162708,50083,10014.6,4.78,6.4,46.0,2,25,33,42
producer-1.pitur-265048.isolateedinburgh-pg0.utah.cloudlab.us,2025-08-12T23:59:27.713077890Z,1755043167713,50116,10023.2,4.78,6.4,45.0,2,25,30,41
producer-1.pitur-265048.isolateedinburgh-pg0.utah.cloudlab.us,2025-08-12T23:59:32.720424429Z,1755043172720,49989,9997.8,4.77,6.3,43.0,2,25,30,39
producer-1.pitur-265048.isolateedinburgh-pg0.utah.cloudlab.us,2025-08-12T23:59:37.726611216Z,1755043177726,50068,10013.6,4.77,6.3,48.0,2,25,31,41
producer-1.pitur-265048.isolateedinburgh-pg0.utah.cloudlab.us,2025-08-12T23:59:42.732800044Z,1755043182732,50121,10024.2,4.78,6.7,75.0,2,26,37,61
producer-1.pitur-265048.isolateedinburgh-pg0.utah.cloudlab.us,2025-08-12T23:59:47.738748802Z,1755043187738,50021,10004.2,4.77,6.4,67.0,2,25,32,55
producer-1.pitur-265048.isolateedinburgh-pg0.utah.cloudlab.us,2025-08-12T23:59:52.745873185Z,1755043192745,50118,10021.6,4.78,6.5,44.0,2,25,32,38
producer-1.pitur-265048.isolateedinburgh-pg0.utah.cloudlab.us,2025-08-12T23:59:57.751538786Z,1755043197751,49990,9996.0,4.77,6.4,45.0,2,25,31,40
producer-1.pitur-265048.isolateedinburgh-pg0.utah.cloudlab.us,2025-08-13T00:00:02.756283913Z,1755043202756,49971,9994.2,4.77,6.3,61.0,2,25,31,49
producer-1.pitur-265048.isolateedinburgh-pg0.utah.cloudlab.us,2025-08-13T00:00:07.762110001Z,1755043207762,50073,10014.6,4.78,6.5,59.0,2,25,34,52
producer-1.pitur-265048.isolateedinburgh-pg0.utah.cloudlab.us,2025-08-13T00:00:12.769740611Z,1755043212769,50220,10044.0,4.79,6.6,65.0,2,25,33,56
producer-1.pitur-265048.isolateedinburgh-pg0.utah.cloudlab.us,2025-08-13T00:00:17.777826769Z,1755043217777,50030,10006.0,4.77,6.3,61.0,2,25,32,49
producer-1.pitur-265048.isolateedinburgh-pg0.utah.cloudlab.us,2025-08-13T00:00:22.785805214Z,1755043222785,50130,10024.0,4.78,6.4,51.0,2,25,31,41
producer-1.pitur-265048.isolateedinburgh-pg0.utah.cloudlab.us,2025-08-13T00:00:27.788919922Z,1755043227788,50010,10002.0,4.77,6.1,45.0,2,24,30,40
producer-1.pitur-265048.isolateedinburgh-pg0.utah.cloudlab.us,2025-08-13T00:00:32.792150039Z,1755043232792,49926,9985.2,4.76,6.5,56.0,2,25,32,46
producer-1.pitur-265048.isolateedinburgh-pg0.utah.cloudlab.us,2025-08-13T00:00:37.798991006Z,1755043237798,50108,10021.6,4.78,6.3,40.0,2,25,31,37
producer-1.pitur-265048.isolateedinburgh-pg0.utah.cloudlab.us,2025-08-13T00:00:42.804134452Z,1755043242804,50141,10028.2,4.78,6.4,59.0,2,25,32,50
producer-1.pitur-265048.isolateedinburgh-pg0.utah.cloudlab.us,2025-08-13T00:00:47.811241473Z,1755043247811,50051,10010.2,4.77,6.7,61.0,2,26,33,48
producer-1.pitur-265048.isolateedinburgh-pg0.utah.cloudlab.us,2025-08-13T00:00:52.818414812Z,1755043252818,49936,9987.2,4.76,6.3,61.0,2,25,31,54
producer-1.pitur-265048.isolateedinburgh-pg0.utah.cloudlab.us,2025-08-13T00:00:57.825773490Z,1755043257825,50227,10045.4,4.79,6.3,64.0,2,24,30,50
producer-1.pitur-265048.isolateedinburgh-pg0.utah.cloudlab.us,2025-08-13T00:01:02.831694226Z,1755043262831,50031,10006.2,4.77,6.1,40.0,2,24,29,35
producer-1.pitur-265048.isolateedinburgh-pg0.utah.cloudlab.us,2025-08-13T00:01:07.838145739Z,1755043267838,50016,10001.2,4.77,6.5,64.0,2,25,31,49
producer-1.pitur-265048.isolateedinburgh-pg0.utah.cloudlab.us,2025-08-13T00:01:12.843645143Z,1755043272843,50133,10026.6,4.78,6.7,51.0,2,26,34,45
producer-1.pitur-265048.isolateedinburgh-pg0.utah.cloudlab.us,2025-08-13T00:01:17.848747372Z,1755043277848,50051,10010.2,4.77,6.4,62.0,2,25,33,50
producer-1.pitur-265048.isolateedinburgh-pg0.utah.cloudlab.us,2025-08-13T00:01:22.856860215Z,1755043282856,50063,10012.6,4.77,6.4,51.0,2,25,33,43
producer-1.pitur-265048.isolateedinburgh-pg0.utah.cloudlab.us,2025-08-13T00:01:27.863422178Z,1755043287863,50091,10018.2,4.78,6.2,43.0,2,25,30,35
producer-1.pitur-265048.isolateedinburgh-pg0.utah.cloudlab.us,2025-08-13T00:01:32.870059044Z,1755043292870,50064,10012.8,4.77,6.4,50.0,2,25,30,40
producer-1.pitur-265048.isolateedinburgh-pg0.utah.cloudlab.us,2025-08-13T00:01:37.877423640Z,1755043297877,49922,9982.4,4.76,6.3,44.0,2,24,31,40
producer-1.pitur-265048.isolateedinburgh-pg0.utah.cloudlab.us,2025-08-13T00:01:42.884825615Z,1755043302884,50062,10012.4,4.77,6.4,59.0,2,25,32,46
producer-1.pitur-265048.isolateedinburgh-pg0.utah.cloudlab.us,2025-08-13T00:01:47.891865333Z,1755043307891,50159,10029.8,4.78,6.5,70.0,2,25,32,58
producer-1.pitur-265048.isolateedinburgh-pg0.utah.cloudlab.us,2025-08-13T00:01:52.897374027Z,1755043312897,50109,10021.8,4.78,6.6,82.0,2,26,36,70
producer-1.pitur-265048.isolateedinburgh-pg0.utah.cloudlab.us,2025-08-13T00:01:57.902009770Z,1755043317902,49928,9985.6,4.76,6.2,44.0,2,25,30,39
producer-1.pitur-265048.isolateedinburgh-pg0.utah.cloudlab.us,2025-08-13T00:02:02.909340999Z,1755043322909,50216,10043.2,4.79,6.4,49.0,2,24,30,43
producer-1.pitur-265048.isolateedinburgh-pg0.utah.cloudlab.us,2025-08-13T00:02:07.916179871Z,1755043327916,50009,9999.8,4.77,6.4,42.0,2,25,30,37
producer-1.pitur-265048.isolateedinburgh-pg0.utah.cloudlab.us,2025-08-13T00:02:12.922075927Z,1755043332922,50106,10021.2,4.78,6.3,42.0,2,25,30,37
producer-1.pitur-265048.isolateedinburgh-pg0.utah.cloudlab.us,2025-08-13T00:02:17.929790680Z,1755043337929,50041,10006.2,4.77,6.6,42.0,2,25,32,38
producer-1.pitur-265048.isolateedinburgh-pg0.utah.cloudlab.us,2025-08-13T00:02:22.936596535Z,1755043342936,50037,10005.4,4.77,6.8,75.0,2,26,33,60
producer-1.pitur-265048.isolateedinburgh-pg0.utah.cloudlab.us,2025-08-13T00:02:27.942495405Z,1755043347942,50040,10006.0,4.77,6.3,48.0,2,25,30,40
producer-1.pitur-265048.isolateedinburgh-pg0.utah.cloudlab.us,2025-08-13T00:02:32.947936951Z,1755043352947,50081,10016.2,4.78,6.4,38.0,2,25,30,35
producer-1.pitur-265048.isolateedinburgh-pg0.utah.cloudlab.us,2025-08-13T00:02:37.952119642Z,1755043357952,50106,10021.2,4.78,6.4,41.0,2,25,31,38
producer-1.pitur-265048.isolateedinburgh-pg0.utah.cloudlab.us,2025-08-13T00:02:42.960623546Z,1755043362960,50029,10005.8,4.77,6.5,60.0,2,25,32,54
producer-1.pitur-265048.isolateedinburgh-pg0.utah.cloudlab.us,2025-08-13T00:02:47.967150391Z,1755043367967,50116,10023.2,4.78,6.1,50.0,2,24,29,40
producer-1.pitur-265048.isolateedinburgh-pg0.utah.cloudlab.us,2025-08-13T00:02:52.974993748Z,1755043372974,50005,9999.0,4.77,6.4,57.0,2,25,31,43
producer-1.pitur-265048.isolateedinburgh-pg0.utah.cloudlab.us,2025-08-13T00:02:57.981129470Z,1755043377981,50089,10017.8,4.78,6.3,47.0,2,25,30,37
producer-1.pitur-265048.isolateedinburgh-pg0.utah.cloudlab.us,2025-08-13T00:03:02.988342315Z,1755043382988,50093,10016.6,4.78,6.5,41.0,2,25,30,36
producer-1.pitur-265048.isolateedinburgh-pg0.utah.cloudlab.us,2025-08-13T00:03:07.994559858Z,1755043387994,50010,10002.0,4.77,6.6,60.0,2,26,33,55
producer-1.pitur-265048.isolateedinburgh-pg0.utah.cloudlab.us,2025-08-13T00:03:13.000792956Z,1755043393000,50050,10010.0,4.77,6.1,37.0,2,24,29,34
