hostname,timestamp_iso,timestamp_ms,records_sent,recs_per_sec,mb_per_sec,avg_latency,max_latency,p50,p95,p99,p999
producer-1.pitur-265048.isolateedinburgh-pg0.utah.cloudlab.us,2025-08-12T23:51:06.975409676Z,1755042666975,49903,9980.6,4.76,41.9,3357.0,39,91,121,139
producer-1.pitur-265048.isolateedinburgh-pg0.utah.cloudlab.us,2025-08-12T23:51:12.010085269Z,1755042672010,50324,10062.8,4.80,9.9,75.0,6,28,36,60
producer-1.pitur-265048.isolateedinburgh-pg0.utah.cloudlab.us,2025-08-12T23:51:17.019443110Z,1755042677019,50008,9999.6,4.77,9.4,52.0,4,28,34,41
producer-1.pitur-265048.isolateedinburgh-pg0.utah.cloudlab.us,2025-08-12T23:51:22.045724736Z,1755042682045,50209,10009.8,4.77,9.7,57.0,5,29,36,45
producer-1.pitur-265048.isolateedinburgh-pg0.utah.cloudlab.us,2025-08-12T23:51:27.054179527Z,1755042687054,50198,10039.6,4.79,9.6,46.0,5,28,35,41
producer-1.pitur-265048.isolateedinburgh-pg0.utah.cloudlab.us,2025-08-12T23:51:32.062714041Z,1755042692062,50126,10025.2,4.78,9.4,41.0,5,28,32,38
producer-1.pitur-265048.isolateedinburgh-pg0.utah.cloudlab.us,2025-08-12T23:51:37.070256882Z,1755042697070,50105,10021.0,4.78,9.7,42.0,4,29,34,39
producer-1.pitur-265048.isolateedinburgh-pg0.utah.cloudlab.us,2025-08-12T23:51:42.078142906Z,1755042702078,50050,10008.0,4.77,9.7,64.0,4,29,35,48
producer-1.pitur-265048.isolateedinburgh-pg0.utah.cloudlab.us,2025-08-12T23:51:47.086713884Z,1755042707086,50144,10028.8,4.78,9.8,49.0,5,28,34,41
producer-1.pitur-265048.isolateedinburgh-pg0.utah.cloudlab.us,2025-08-12T23:51:52.094276475Z,1755042712094,50071,10014.2,4.78,9.7,57.0,5,29,35,46
producer-1.pitur-265048.isolateedinburgh-pg0.utah.cloudlab.us,2025-08-12T23:51:57.100122340Z,1755042717100,50004,10000.8,4.77,9.2,47.0,4,28,33,41
producer-1.pitur-265048.isolateedinburgh-pg0.utah.cloudlab.us,2025-08-12T23:52:02.110011959Z,1755042722110,50077,10011.4,4.77,9.6,53.0,5,28,34,42
producer-1.pitur-265048.isolateedinburgh-pg0.utah.cloudlab.us,2025-08-12T23:52:07.116176851Z,1755042727116,50090,10018.0,4.78,9.4,47.0,4,28,34,41
producer-1.pitur-265048.isolateedinburgh-pg0.utah.cloudlab.us,2025-08-12T23:52:12.122192821Z,1755042732122,50113,10022.6,4.78,9.6,48.0,5,28,34,42
producer-1.pitur-265048.isolateedinburgh-pg0.utah.cloudlab.us,2025-08-12T23:52:17.132534663Z,1755042737132,49916,9979.2,4.76,10.0,96.0,5,29,37,86
producer-1.pitur-265048.isolateedinburgh-pg0.utah.cloudlab.us,2025-08-12T23:52:22.140617457Z,1755042742140,50067,10013.4,4.77,10.1,74.0,5,30,37,60
producer-1.pitur-265048.isolateedinburgh-pg0.utah.cloudlab.us,2025-08-12T23:52:27.150329146Z,1755042747150,50300,10060.0,4.80,9.6,51.0,5,28,35,46
producer-1.pitur-265048.isolateedinburgh-pg0.utah.cloudlab.us,2025-08-12T23:52:32.157380707Z,1755042752157,49985,9997.0,4.77,9.7,44.0,5,29,34,39
producer-1.pitur-265048.isolateedinburgh-pg0.utah.cloudlab.us,2025-08-12T23:52:37.163571999Z,1755042757163,50131,10026.2,4.78,9.6,52.0,5,29,35,43
producer-1.pitur-265048.isolateedinburgh-pg0.utah.cloudlab.us,2025-08-12T23:52:42.172171596Z,1755042762172,50006,9999.2,4.77,9.7,46.0,5,29,35,42
producer-1.pitur-265048.isolateedinburgh-pg0.utah.cloudlab.us,2025-08-12T23:52:47.181491795Z,1755042767181,49934,9980.8,4.76,9.3,73.0,4,28,34,61
producer-1.pitur-265048.isolateedinburgh-pg0.utah.cloudlab.us,2025-08-12T23:52:52.187455390Z,1755042772187,50274,10054.8,4.79,9.5,59.0,4,29,37,52
producer-1.pitur-265048.isolateedinburgh-pg0.utah.cloudlab.us,2025-08-12T23:52:57.195577241Z,1755042777195,50057,10009.4,4.77,9.7,69.0,4,29,37,58
producer-1.pitur-265048.isolateedinburgh-pg0.utah.cloudlab.us,2025-08-12T23:53:02.202080129Z,1755042782202,50000,10000.0,4.77,9.3,46.0,4,29,34,40
producer-1.pitur-265048.isolateedinburgh-pg0.utah.cloudlab.us,2025-08-12T23:53:07.212622159Z,1755042787212,50043,10004.6,4.77,9.5,55.0,4,29,36,45
producer-1.pitur-265048.isolateedinburgh-pg0.utah.cloudlab.us,2025-08-12T23:53:12.219011891Z,1755042792219,50206,10041.2,4.79,9.5,47.0,4,29,35,42
producer-1.pitur-265048.isolateedinburgh-pg0.utah.cloudlab.us,2025-08-12T23:53:17.227005948Z,1755042797226,50100,10018.0,4.78,9.3,50.0,4,28,34,41
producer-1.pitur-265048.isolateedinburgh-pg0.utah.cloudlab.us,2025-08-12T23:53:22.235990355Z,1755042802235,50064,10012.8,4.77,9.8,98.0,4,29,41,87
producer-1.pitur-265048.isolateedinburgh-pg0.utah.cloudlab.us,2025-08-12T23:53:27.244265903Z,1755042807244,50011,10000.2,4.77,9.8,63.0,5,29,36,50
producer-1.pitur-265048.isolateedinburgh-pg0.utah.cloudlab.us,2025-08-12T23:53:32.253646428Z,1755042812253,50034,10000.8,4.77,9.6,45.0,4,29,35,41
producer-1.pitur-265048.isolateedinburgh-pg0.utah.cloudlab.us,2025-08-12T23:53:37.261709834Z,1755042817261,50261,10052.2,4.79,9.5,53.0,4,28,35,44
producer-1.pitur-265048.isolateedinburgh-pg0.utah.cloudlab.us,2025-08-12T23:53:42.269237418Z,1755042822269,49990,9998.0,4.77,9.2,51.0,4,28,35,44
producer-1.pitur-265048.isolateedinburgh-pg0.utah.cloudlab.us,2025-08-12T23:53:47.276167018Z,1755042827276,50087,10015.4,4.78,9.1,54.0,4,28,35,48
producer-1.pitur-265048.isolateedinburgh-pg0.utah.cloudlab.us,2025-08-12T23:53:52.283979792Z,1755042832283,50137,10027.4,4.78,9.2,55.0,4,28,36,48
producer-1.pitur-265048.isolateedinburgh-pg0.utah.cloudlab.us,2025-08-12T23:53:57.290156023Z,1755042837290,50016,10003.2,4.77,9.3,64.0,4,28,35,50
producer-1.pitur-265048.isolateedinburgh-pg0.utah.cloudlab.us,2025-08-12T23:54:02.297481735Z,1755042842297,50140,10026.0,4.78,9.3,43.0,4,28,35,42
producer-1.pitur-265048.isolateedinburgh-pg0.utah.cloudlab.us,2025-08-12T23:54:07.306169318Z,1755042847306,49973,9994.6,4.77,9.6,45.0,5,28,35,42
producer-1.pitur-265048.isolateedinburgh-pg0.utah.cloudlab.us,2025-08-12T23:54:12.313779002Z,1755042852313,50188,10037.6,4.79,9.8,47.0,4,29,36,44
producer-1.pitur-265048.isolateedinburgh-pg0.utah.cloudlab.us,2025-08-12T23:54:17.321660993Z,1755042857321,50082,10016.4,4.78,9.2,45.0,4,28,35,43
producer-1.pitur-265048.isolateedinburgh-pg0.utah.cloudlab.us,2025-08-12T23:54:22.329011119Z,1755042862329,50017,10003.4,4.77,9.5,65.0,4,29,38,55
producer-1.pitur-265048.isolateedinburgh-pg0.utah.cloudlab.us,2025-08-12T23:54:27.335317033Z,1755042867335,50124,10024.8,4.78,9.4,45.0,4,28,34,40
producer-1.pitur-265048.isolateedinburgh-pg0.utah.cloudlab.us,2025-08-12T23:54:32.345648048Z,1755042872345,49973,9990.6,4.76,9.5,73.0,4,29,36,61
producer-1.pitur-265048.isolateedinburgh-pg0.utah.cloudlab.us,2025-08-12T23:54:37.354482711Z,1755042877354,50154,10028.8,4.78,9.2,47.0,4,28,34,44
producer-1.pitur-265048.isolateedinburgh-pg0.utah.cloudlab.us,2025-08-12T23:54:42.361652449Z,1755042882361,50070,10014.0,4.78,9.4,53.0,4,28,35,44
producer-1.pitur-265048.isolateedinburgh-pg0.utah.cloudlab.us,2025-08-12T23:54:47.368696487Z,1755042887368,49930,9986.0,4.76,9.3,47.0,4,28,34,42
producer-1.pitur-265048.isolateedinburgh-pg0.utah.cloudlab.us,2025-08-12T23:54:52.376927523Z,1755042892376,50203,10038.6,4.79,9.7,50.0,4,29,36,45
producer-1.pitur-265048.isolateedinburgh-pg0.utah.cloudlab.us,2025-08-12T23:54:57.388218437Z,1755042897388,49936,9975.2,4.76,9.6,67.0,4,29,37,55
producer-1.pitur-265048.isolateedinburgh-pg0.utah.cloudlab.us,2025-08-12T23:55:02.397026088Z,1755042902397,50284,10056.8,4.80,9.7,93.0,4,29,36,81
producer-1.pitur-265048.isolateedinburgh-pg0.utah.cloudlab.us,2025-08-12T23:55:07.404422248Z,1755042907404,50148,10029.6,4.78,9.6,59.0,4,29,37,47
producer-1.pitur-265048.isolateedinburgh-pg0.utah.cloudlab.us,2025-08-12T23:55:12.413316010Z,1755042912413,49931,9986.2,4.76,9.2,54.0,4,28,36,50
producer-1.pitur-265048.isolateedinburgh-pg0.utah.cloudlab.us,2025-08-12T23:55:17.421281335Z,1755042917421,50137,10023.4,4.78,9.2,58.0,4,28,34,45
producer-1.pitur-265048.isolateedinburgh-pg0.utah.cloudlab.us,2025-08-12T23:55:22.426581459Z,1755042922426,50110,10022.0,4.78,9.2,55.0,4,28,34,43
producer-1.pitur-265048.isolateedinburgh-pg0.utah.cloudlab.us,2025-08-12T23:55:27.435267125Z,1755042927435,50084,10014.8,4.78,9.7,59.0,4,29,36,54
producer-1.pitur-265048.isolateedinburgh-pg0.utah.cloudlab.us,2025-08-12T23:55:32.442855131Z,1755042932442,50050,10010.0,4.77,9.8,83.0,4,30,38,71
producer-1.pitur-265048.isolateedinburgh-pg0.utah.cloudlab.us,2025-08-12T23:55:37.449129676Z,1755042937449,50090,10016.0,4.78,9.4,54.0,4,28,35,45
producer-1.pitur-265048.isolateedinburgh-pg0.utah.cloudlab.us,2025-08-12T23:55:42.456534354Z,1755042942456,50025,10005.0,4.77,9.7,60.0,4,29,35,47
producer-1.pitur-265048.isolateedinburgh-pg0.utah.cloudlab.us,2025-08-12T23:55:47.465103181Z,1755042947465,50099,10015.8,4.78,9.4,61.0,4,28,36,49
producer-1.pitur-265048.isolateedinburgh-pg0.utah.cloudlab.us,2025-08-12T23:55:52.470219419Z,1755042952470,50068,10013.6,4.77,9.1,45.0,4,27,34,42
producer-1.pitur-265048.isolateedinburgh-pg0.utah.cloudlab.us,2025-08-12T23:55:57.478318472Z,1755042957478,50122,10022.4,4.78,9.3,48.0,4,28,34,41
producer-1.pitur-265048.isolateedinburgh-pg0.utah.cloudlab.us,2025-08-12T23:56:02.484021261Z,1755042962484,49890,9978.0,4.76,9.5,47.0,4,29,35,42
producer-1.pitur-265048.isolateedinburgh-pg0.utah.cloudlab.us,2025-08-12T23:56:07.489189539Z,1755042967489,50161,10032.2,4.78,10.0,73.0,5,30,38,62
producer-1.pitur-265048.isolateedinburgh-pg0.utah.cloudlab.us,2025-08-12T23:56:12.496297049Z,1755042972496,50099,10019.8,4.78,9.3,55.0,4,28,34,44
producer-1.pitur-265048.isolateedinburgh-pg0.utah.cloudlab.us,2025-08-12T23:56:17.502677378Z,1755042977502,50096,10019.2,4.78,9.4,58.0,4,28,34,49
producer-1.pitur-265048.isolateedinburgh-pg0.utah.cloudlab.us,2025-08-12T23:56:22.510816624Z,1755042982510,50060,10012.0,4.77,9.7,62.0,4,29,38,50
producer-1.pitur-265048.isolateedinburgh-pg0.utah.cloudlab.us,2025-08-12T23:56:27.518641810Z,1755042987518,50103,10020.6,4.78,9.5,46.0,4,29,36,44
producer-1.pitur-265048.isolateedinburgh-pg0.utah.cloudlab.us,2025-08-12T23:56:32.525426146Z,1755042992525,49960,9992.0,4.76,9.3,59.0,4,29,36,50
producer-1.pitur-265048.isolateedinburgh-pg0.utah.cloudlab.us,2025-08-12T23:56:37.532504084Z,1755042997532,50051,10010.2,4.77,9.6,80.0,4,29,38,68
producer-1.pitur-265048.isolateedinburgh-pg0.utah.cloudlab.us,2025-08-12T23:56:42.538719200Z,1755043002538,50109,10021.8,4.78,9.5,47.0,4,29,35,42
producer-1.pitur-265048.isolateedinburgh-pg0.utah.cloudlab.us,2025-08-12T23:56:47.544555392Z,1755043007544,50144,10028.8,4.78,9.7,47.0,4,29,35,42
producer-1.pitur-265048.isolateedinburgh-pg0.utah.cloudlab.us,2025-08-12T23:56:52.551077623Z,1755043012551,50050,10010.0,4.77,9.2,49.0,4,29,34,44
producer-1.pitur-265048.isolateedinburgh-pg0.utah.cloudlab.us,2025-08-12T23:56:57.557959265Z,1755043017557,49950,9990.0,4.76,9.7,69.0,4,29,36,55
producer-1.pitur-265048.isolateedinburgh-pg0.utah.cloudlab.us,2025-08-12T23:57:02.563648752Z,1755043022563,50111,10022.2,4.78,9.5,62.0,4,29,37,53
producer-1.pitur-265048.isolateedinburgh-pg0.utah.cloudlab.us,2025-08-12T23:57:07.571545841Z,1755043027571,50120,10024.0,4.78,9.6,58.0,4,28,34,47
producer-1.pitur-265048.isolateedinburgh-pg0.utah.cloudlab.us,2025-08-12T23:57:12.578807060Z,1755043032578,49972,9994.4,4.77,9.3,57.0,4,28,34,48
producer-1.pitur-265048.isolateedinburgh-pg0.utah.cloudlab.us,2025-08-12T23:57:17.589008856Z,1755043037589,50237,10045.4,4.79,9.5,47.0,4,28,35,43
producer-1.pitur-265048.isolateedinburgh-pg0.utah.cloudlab.us,2025-08-12T23:57:22.597948080Z,1755043042597,49937,9987.4,4.76,9.5,49.0,4,29,35,43
producer-1.pitur-265048.isolateedinburgh-pg0.utah.cloudlab.us,2025-08-12T23:57:27.605845608Z,1755043047605,50116,10021.2,4.78,9.4,45.0,4,28,35,41
producer-1.pitur-265048.isolateedinburgh-pg0.utah.cloudlab.us,2025-08-12T23:57:32.614272850Z,1755043052614,50179,10035.8,4.79,9.4,78.0,4,28,35,67
producer-1.pitur-265048.isolateedinburgh-pg0.utah.cloudlab.us,2025-08-12T23:57:37.622760570Z,1755043057622,50078,10013.6,4.77,9.7,51.0,4,29,35,43
producer-1.pitur-265048.isolateedinburgh-pg0.utah.cloudlab.us,2025-08-12T23:57:42.629209506Z,1755043062629,49964,9992.8,4.76,9.4,45.0,4,28,34,42
producer-1.pitur-265048.isolateedinburgh-pg0.utah.cloudlab.us,2025-08-12T23:57:47.632022004Z,1755043067632,50176,10035.2,4.79,9.3,70.0,4,28,35,58
producer-1.pitur-265048.isolateedinburgh-pg0.utah.cloudlab.us,2025-08-12T23:57:52.639244105Z,1755043072639,50023,10004.6,4.77,9.2,46.0,4,28,34,42
producer-1.pitur-265048.isolateedinburgh-pg0.utah.cloudlab.us,2025-08-12T23:57:57.647183599Z,1755043077647,50117,10023.4,4.78,9.1,68.0,4,28,34,56
producer-1.pitur-265048.isolateedinburgh-pg0.utah.cloudlab.us,2025-08-12T23:58:02.659027423Z,1755043082659,49946,9977.2,4.76,9.6,62.0,4,29,36,49
producer-1.pitur-265048.isolateedinburgh-pg0.utah.cloudlab.us,2025-08-12T23:58:07.665013980Z,1755043087665,50132,10026.4,4.78,9.6,52.0,4,29,35,44
producer-1.pitur-265048.isolateedinburgh-pg0.utah.cloudlab.us,2025-08-12T23:58:12.674510113Z,1755043092674,50181,10036.2,4.79,9.4,53.0,4,28,34,44
producer-1.pitur-265048.isolateedinburgh-pg0.utah.cloudlab.us,2025-08-12T23:58:17.681511283Z,1755043097681,49973,9994.6,4.77,9.2,44.0,4,28,34,41
producer-1.pitur-265048.isolateedinburgh-pg0.utah.cloudlab.us,2025-08-12T23:58:22.687623938Z,1755043102687,50087,10017.4,4.78,9.5,62.0,4,29,35,53
producer-1.pitur-265048.isolateedinburgh-pg0.utah.cloudlab.us,2025-08-12T23:58:27.694724645Z,1755043107694,50131,10026.2,4.78,9.1,46.0,4,28,35,43
producer-1.pitur-265048.isolateedinburgh-pg0.utah.cloudlab.us,2025-08-12T23:58:32.702065553Z,1755043112702,50100,10018.0,4.78,9.3,69.0,4,28,36,55
producer-1.pitur-265048.isolateedinburgh-pg0.utah.cloudlab.us,2025-08-12T23:58:37.708083255Z,1755043117708,50003,10000.6,4.77,9.4,61.0,4,28,35,47
producer-1.pitur-265048.isolateedinburgh-pg0.utah.cloudlab.us,2025-08-12T23:58:42.715474980Z,1755043122715,50080,10016.0,4.78,9.6,67.0,4,29,37,56
producer-1.pitur-265048.isolateedinburgh-pg0.utah.cloudlab.us,2025-08-12T23:58:47.723350420Z,1755043127723,50121,10022.2,4.78,9.5,67.0,4,29,37,58
producer-1.pitur-265048.isolateedinburgh-pg0.utah.cloudlab.us,2025-08-12T23:58:52.731757088Z,1755043132731,50023,10002.6,4.77,9.2,49.0,4,28,34,41
producer-1.pitur-265048.isolateedinburgh-pg0.utah.cloudlab.us,2025-08-12T23:58:57.739683303Z,1755043137739,50092,10016.4,4.78,9.3,48.0,4,28,34,42
producer-1.pitur-265048.isolateedinburgh-pg0.utah.cloudlab.us,2025-08-12T23:59:02.745033373Z,1755043142745,49991,9998.2,4.77,9.4,53.0,4,28,35,43
producer-1.pitur-265048.isolateedinburgh-pg0.utah.cloudlab.us,2025-08-12T23:59:07.753236440Z,1755043147753,50074,10012.8,4.77,9.6,50.0,4,29,36,45
producer-1.pitur-265048.isolateedinburgh-pg0.utah.cloudlab.us,2025-08-12T23:59:12.759244563Z,1755043152759,50180,10036.0,4.79,9.6,66.0,4,29,38,55
producer-1.pitur-265048.isolateedinburgh-pg0.utah.cloudlab.us,2025-08-12T23:59:17.766653180Z,1755043157766,49979,9993.8,4.77,9.3,57.0,4,28,34,46
producer-1.pitur-265048.isolateedinburgh-pg0.utah.cloudlab.us,2025-08-12T23:59:22.773150885Z,1755043162773,50167,10033.4,4.78,9.3,46.0,4,28,34,41
producer-1.pitur-265048.isolateedinburgh-pg0.utah.cloudlab.us,2025-08-12T23:59:27.780099730Z,1755043167780,49995,9997.0,4.77,9.9,51.0,5,29,36,46
producer-1.pitur-265048.isolateedinburgh-pg0.utah.cloudlab.us,2025-08-12T23:59:32.788232558Z,1755043172788,50073,10010.6,4.77,9.1,49.0,4,28,34,43
producer-1.pitur-265048.isolateedinburgh-pg0.utah.cloudlab.us,2025-08-12T23:59:37.796210438Z,1755043177796,50114,10020.8,4.78,9.2,54.0,4,28,35,47
producer-1.pitur-265048.isolateedinburgh-pg0.utah.cloudlab.us,2025-08-12T23:59:42.802293315Z,1755043182802,50028,10005.6,4.77,9.6,71.0,4,29,38,64
producer-1.pitur-265048.isolateedinburgh-pg0.utah.cloudlab.us,2025-08-12T23:59:47.808996015Z,1755043187808,50080,10016.0,4.78,9.5,72.0,4,29,36,63
producer-1.pitur-265048.isolateedinburgh-pg0.utah.cloudlab.us,2025-08-12T23:59:52.819930543Z,1755043192819,50049,10007.8,4.77,8.7,63.0,3,27,34,51
producer-1.pitur-265048.isolateedinburgh-pg0.utah.cloudlab.us,2025-08-12T23:59:57.825024591Z,1755043197825,50101,10020.2,4.78,9.3,57.0,4,28,33,45
producer-1.pitur-265048.isolateedinburgh-pg0.utah.cloudlab.us,2025-08-13T00:00:02.833000370Z,1755043202832,50066,10011.2,4.77,9.2,49.0,4,28,34,43
producer-1.pitur-265048.isolateedinburgh-pg0.utah.cloudlab.us,2025-08-13T00:00:07.848910264Z,1755043207848,50034,9990.8,4.76,9.7,60.0,4,29,37,53
producer-1.pitur-265048.isolateedinburgh-pg0.utah.cloudlab.us,2025-08-13T00:00:12.854787674Z,1755043212854,50233,10046.6,4.79,9.2,66.0,4,28,35,50
producer-1.pitur-265048.isolateedinburgh-pg0.utah.cloudlab.us,2025-08-13T00:00:17.865187597Z,1755043217865,50063,10010.6,4.77,9.4,70.0,4,29,36,59
producer-1.pitur-265048.isolateedinburgh-pg0.utah.cloudlab.us,2025-08-13T00:00:22.875379531Z,1755043222875,50081,10014.2,4.78,9.1,58.0,4,28,35,49
producer-1.pitur-265048.isolateedinburgh-pg0.utah.cloudlab.us,2025-08-13T00:00:27.881389767Z,1755043227881,50097,10019.4,4.78,9.5,59.0,4,28,34,48
producer-1.pitur-265048.isolateedinburgh-pg0.utah.cloudlab.us,2025-08-13T00:00:32.889800258Z,1755043232889,50155,10031.0,4.78,9.8,66.0,4,29,37,56
producer-1.pitur-265048.isolateedinburgh-pg0.utah.cloudlab.us,2025-08-13T00:00:37.898632920Z,1755043237898,50080,10014.0,4.78,9.1,43.0,4,28,34,40
producer-1.pitur-265048.isolateedinburgh-pg0.utah.cloudlab.us,2025-08-13T00:00:42.904372171Z,1755043242904,49936,9987.2,4.76,9.7,82.0,4,29,37,73
producer-1.pitur-265048.isolateedinburgh-pg0.utah.cloudlab.us,2025-08-13T00:00:47.911840150Z,1755043247911,50144,10028.8,4.78,9.6,70.0,4,29,38,56
producer-1.pitur-265048.isolateedinburgh-pg0.utah.cloudlab.us,2025-08-13T00:00:52.918724433Z,1755043252918,50073,10014.6,4.78,9.4,59.0,4,28,35,54
producer-1.pitur-265048.isolateedinburgh-pg0.utah.cloudlab.us,2025-08-13T00:00:57.925351265Z,1755043257925,49988,9995.6,4.77,9.5,53.0,4,28,36,48
producer-1.pitur-265048.isolateedinburgh-pg0.utah.cloudlab.us,2025-08-13T00:01:02.933056953Z,1755043262933,50146,10027.2,4.78,9.6,49.0,4,29,36,44
producer-1.pitur-265048.isolateedinburgh-pg0.utah.cloudlab.us,2025-08-13T00:01:07.941175615Z,1755043267941,50120,10022.0,4.78,9.7,63.0,4,29,37,49
producer-1.pitur-265048.isolateedinburgh-pg0.utah.cloudlab.us,2025-08-13T00:01:12.947072056Z,1755043272947,50053,10008.6,4.77,9.7,64.0,4,29,38,58
producer-1.pitur-265048.isolateedinburgh-pg0.utah.cloudlab.us,2025-08-13T00:01:17.953074425Z,1755043277953,49980,9996.0,4.77,9.5,54.0,4,29,37,48
producer-1.pitur-265048.isolateedinburgh-pg0.utah.cloudlab.us,2025-08-13T00:01:22.960521163Z,1755043282960,50165,10033.0,4.78,9.5,58.0,4,28,36,47
producer-1.pitur-265048.isolateedinburgh-pg0.utah.cloudlab.us,2025-08-13T00:01:27.969223352Z,1755043287969,50009,10001.8,4.77,9.4,48.0,4,28,34,41
producer-1.pitur-265048.isolateedinburgh-pg0.utah.cloudlab.us,2025-08-13T00:01:32.976659808Z,1755043292976,50167,10031.4,4.78,9.6,56.0,4,28,36,51
producer-1.pitur-265048.isolateedinburgh-pg0.utah.cloudlab.us,2025-08-13T00:01:37.983568783Z,1755043297983,50027,10005.4,4.77,9.2,58.0,4,28,34,53
producer-1.pitur-265048.isolateedinburgh-pg0.utah.cloudlab.us,2025-08-13T00:01:42.993317221Z,1755043302993,50143,10026.6,4.78,9.7,56.0,4,29,36,47
producer-1.pitur-265048.isolateedinburgh-pg0.utah.cloudlab.us,2025-08-13T00:01:48.001205447Z,1755043308001,50073,10012.6,4.77,9.2,52.0,4,28,34,44
producer-1.pitur-265048.isolateedinburgh-pg0.utah.cloudlab.us,2025-08-13T00:01:53.007635111Z,1755043313007,49973,9992.6,4.76,9.4,83.0,4,28,36,71
producer-1.pitur-265048.isolateedinburgh-pg0.utah.cloudlab.us,2025-08-13T00:01:58.019938043Z,1755043318019,50034,9996.8,4.77,9.2,52.0,4,28,35,44
producer-1.pitur-265048.isolateedinburgh-pg0.utah.cloudlab.us,2025-08-13T00:02:03.026891648Z,1755043323026,50141,10028.2,4.78,9.2,48.0,4,27,33,41
producer-1.pitur-265048.isolateedinburgh-pg0.utah.cloudlab.us,2025-08-13T00:02:08.032802567Z,1755043328032,50122,10024.4,4.78,9.2,44.0,4,28,34,40
producer-1.pitur-265048.isolateedinburgh-pg0.utah.cloudlab.us,2025-08-13T00:02:13.040250377Z,1755043333040,49975,9995.0,4.77,9.6,47.0,4,29,35,42
producer-1.pitur-265048.isolateedinburgh-pg0.utah.cloudlab.us,2025-08-13T00:02:18.046915987Z,1755043338046,50145,10029.0,4.78,9.2,48.0,4,28,35,44
producer-1.pitur-265048.isolateedinburgh-pg0.utah.cloudlab.us,2025-08-13T00:02:23.054311051Z,1755043343054,50146,10029.2,4.78,9.2,84.0,4,28,35,72
producer-1.pitur-265048.isolateedinburgh-pg0.utah.cloudlab.us,2025-08-13T00:02:28.062169038Z,1755043348062,49958,9991.6,4.76,9.3,55.0,4,28,35,43
producer-1.pitur-265048.isolateedinburgh-pg0.utah.cloudlab.us,2025-08-13T00:02:33.069919262Z,1755043353069,50005,10001.0,4.77,9.3,48.0,4,28,35,41
producer-1.pitur-265048.isolateedinburgh-pg0.utah.cloudlab.us,2025-08-13T00:02:38.079705365Z,1755043358079,50117,10021.4,4.78,9.4,66.0,4,28,37,53
producer-1.pitur-265048.isolateedinburgh-pg0.utah.cloudlab.us,2025-08-13T00:02:43.086663231Z,1755043363086,50211,10040.2,4.79,9.6,67.0,4,29,36,56
producer-1.pitur-265048.isolateedinburgh-pg0.utah.cloudlab.us,2025-08-13T00:02:48.092912264Z,1755043368092,50066,10013.2,4.77,9.5,60.0,4,28,35,49
producer-1.pitur-265048.isolateedinburgh-pg0.utah.cloudlab.us,2025-08-13T00:02:53.100892552Z,1755043373100,49897,9979.4,4.76,9.3,46.0,4,28,35,41
producer-1.pitur-265048.isolateedinburgh-pg0.utah.cloudlab.us,2025-08-13T00:02:58.108494583Z,1755043378108,50246,10049.2,4.79,9.9,60.0,5,29,37,49
producer-1.pitur-265048.isolateedinburgh-pg0.utah.cloudlab.us,2025-08-13T00:03:03.114270206Z,1755043383114,50015,10001.0,4.77,9.5,52.0,4,28,35,45
producer-1.pitur-265048.isolateedinburgh-pg0.utah.cloudlab.us,2025-08-13T00:03:08.120217991Z,1755043388120,50146,10029.2,4.78,9.2,50.0,4,28,34,44
producer-1.pitur-265048.isolateedinburgh-pg0.utah.cloudlab.us,2025-08-13T00:03:13.129799137Z,1755043393129,49957,9987.4,4.76,9.5,50.0,4,28,34,43
