hostname,timestamp_iso,timestamp_ms,records_sent,recs_per_sec,mb_per_sec,avg_latency,max_latency,p50,p95,p99,p999
producer-1.pitur-265048.isolateedinburgh-pg0.utah.cloudlab.us,2025-08-12T23:51:06.954157600Z,1755042666954,49981,9994.2,4.77,14.4,672.0,3,74,104,120
producer-1.pitur-265048.isolateedinburgh-pg0.utah.cloudlab.us,2025-08-12T23:51:11.975645690Z,1755042671975,50086,10015.2,4.78,6.9,49.0,2,26,32,42
producer-1.pitur-265048.isolateedinburgh-pg0.utah.cloudlab.us,2025-08-12T23:51:16.990621350Z,1755042676990,50211,10040.2,4.79,6.5,45.0,2,26,31,39
producer-1.pitur-265048.isolateedinburgh-pg0.utah.cloudlab.us,2025-08-12T23:51:22.002136442Z,1755042682002,50178,10031.6,4.78,6.4,46.0,2,25,31,38
producer-1.pitur-265048.isolateedinburgh-pg0.utah.cloudlab.us,2025-08-12T23:51:27.009098260Z,1755042687009,50076,10015.2,4.78,6.2,40.0,2,25,30,38
producer-1.pitur-265048.isolateedinburgh-pg0.utah.cloudlab.us,2025-08-12T23:51:32.015703869Z,1755042692015,50031,10006.2,4.77,6.1,43.0,2,24,30,38
producer-1.pitur-265048.isolateedinburgh-pg0.utah.cloudlab.us,2025-08-12T23:51:37.023896283Z,1755042697023,50019,10001.8,4.77,6.2,46.0,2,25,30,39
producer-1.pitur-265048.isolateedinburgh-pg0.utah.cloudlab.us,2025-08-12T23:51:42.034120066Z,1755042702034,50200,10038.0,4.79,6.2,40.0,2,25,30,36
producer-1.pitur-265048.isolateedinburgh-pg0.utah.cloudlab.us,2025-08-12T23:51:47.045787600Z,1755042707045,50093,10016.6,4.78,6.2,41.0,2,25,30,36
producer-1.pitur-265048.isolateedinburgh-pg0.utah.cloudlab.us,2025-08-12T23:51:52.055184872Z,1755042712055,50031,10004.2,4.77,6.4,51.0,2,25,33,45
producer-1.pitur-265048.isolateedinburgh-pg0.utah.cloudlab.us,2025-08-12T23:51:57.064331312Z,1755042717064,50170,10032.0,4.78,6.2,46.0,2,25,31,38
producer-1.pitur-265048.isolateedinburgh-pg0.utah.cloudlab.us,2025-08-12T23:52:02.073830886Z,1755042722073,50025,10005.0,4.77,6.4,65.0,2,25,30,54
producer-1.pitur-265048.isolateedinburgh-pg0.utah.cloudlab.us,2025-08-12T23:52:07.080771476Z,1755042727080,50100,10020.0,4.78,6.5,43.0,2,26,32,38
producer-1.pitur-265048.isolateedinburgh-pg0.utah.cloudlab.us,2025-08-12T23:52:12.085083916Z,1755042732085,50062,10012.4,4.77,6.4,46.0,2,25,31,39
producer-1.pitur-265048.isolateedinburgh-pg0.utah.cloudlab.us,2025-08-12T23:52:17.091391053Z,1755042737091,50076,10013.2,4.77,6.9,112.0,2,26,35,93
producer-1.pitur-265048.isolateedinburgh-pg0.utah.cloudlab.us,2025-08-12T23:52:22.099653751Z,1755042742099,49983,9996.6,4.77,6.3,73.0,2,25,32,62
producer-1.pitur-265048.isolateedinburgh-pg0.utah.cloudlab.us,2025-08-12T23:52:27.104467190Z,1755042747104,50086,10017.2,4.78,6.2,46.0,2,25,30,41
producer-1.pitur-265048.isolateedinburgh-pg0.utah.cloudlab.us,2025-08-12T23:52:32.110263819Z,1755042752110,50057,10011.4,4.77,6.5,47.0,2,25,32,42
producer-1.pitur-265048.isolateedinburgh-pg0.utah.cloudlab.us,2025-08-12T23:52:37.117837123Z,1755042757117,50080,10016.0,4.78,6.4,47.0,2,25,32,42
producer-1.pitur-265048.isolateedinburgh-pg0.utah.cloudlab.us,2025-08-12T23:52:42.124827302Z,1755042762124,50064,10012.8,4.77,6.3,45.0,2,25,31,40
producer-1.pitur-265048.isolateedinburgh-pg0.utah.cloudlab.us,2025-08-12T23:52:47.130732589Z,1755042767130,50113,10022.6,4.78,6.3,42.0,2,25,31,37
producer-1.pitur-265048.isolateedinburgh-pg0.utah.cloudlab.us,2025-08-12T23:52:52.136228616Z,1755042772136,50074,10012.8,4.77,6.2,53.0,2,25,31,46
producer-1.pitur-265048.isolateedinburgh-pg0.utah.cloudlab.us,2025-08-12T23:52:57.151406955Z,1755042777151,49863,9952.7,4.75,6.6,69.0,2,26,33,61
producer-1.pitur-265048.isolateedinburgh-pg0.utah.cloudlab.us,2025-08-12T23:53:02.156775328Z,1755042782156,50268,10053.6,4.79,6.6,50.0,2,25,31,43
producer-1.pitur-265048.isolateedinburgh-pg0.utah.cloudlab.us,2025-08-12T23:53:07.163686668Z,1755042787163,50077,10015.4,4.78,6.4,42.0,2,25,31,38
producer-1.pitur-265048.isolateedinburgh-pg0.utah.cloudlab.us,2025-08-12T23:53:12.170994147Z,1755042792170,50134,10026.8,4.78,6.4,43.0,2,26,32,38
producer-1.pitur-265048.isolateedinburgh-pg0.utah.cloudlab.us,2025-08-12T23:53:17.177909707Z,1755042797177,50081,10016.2,4.78,6.3,52.0,2,25,31,43
producer-1.pitur-265048.isolateedinburgh-pg0.utah.cloudlab.us,2025-08-12T23:53:22.184851282Z,1755042802184,50046,10009.2,4.77,6.7,81.0,2,25,33,74
producer-1.pitur-265048.isolateedinburgh-pg0.utah.cloudlab.us,2025-08-12T23:53:27.191361878Z,1755042807191,50032,10006.4,4.77,6.4,50.0,2,25,32,44
producer-1.pitur-265048.isolateedinburgh-pg0.utah.cloudlab.us,2025-08-12T23:53:32.196654390Z,1755042812196,50012,10002.4,4.77,6.4,48.0,2,25,30,38
producer-1.pitur-265048.isolateedinburgh-pg0.utah.cloudlab.us,2025-08-12T23:53:37.202514862Z,1755042817202,50063,10012.6,4.77,6.3,39.0,2,25,29,36
producer-1.pitur-265048.isolateedinburgh-pg0.utah.cloudlab.us,2025-08-12T23:53:42.209222543Z,1755042822209,50109,10021.8,4.78,6.6,54.0,2,25,32,46
producer-1.pitur-265048.isolateedinburgh-pg0.utah.cloudlab.us,2025-08-12T23:53:47.216084883Z,1755042827216,50042,10008.4,4.77,6.4,37.0,2,25,30,36
producer-1.pitur-265048.isolateedinburgh-pg0.utah.cloudlab.us,2025-08-12T23:53:52.222853397Z,1755042832222,50043,10008.6,4.77,6.3,64.0,2,25,32,52
producer-1.pitur-265048.isolateedinburgh-pg0.utah.cloudlab.us,2025-08-12T23:53:57.228604333Z,1755042837228,50108,10021.6,4.78,6.5,50.0,2,26,32,44
producer-1.pitur-265048.isolateedinburgh-pg0.utah.cloudlab.us,2025-08-12T23:54:02.234900458Z,1755042842234,50108,10021.6,4.78,6.4,44.0,2,25,31,40
producer-1.pitur-265048.isolateedinburgh-pg0.utah.cloudlab.us,2025-08-12T23:54:07.241125402Z,1755042847241,50077,10015.4,4.78,6.5,44.0,2,25,30,38
producer-1.pitur-265048.isolateedinburgh-pg0.utah.cloudlab.us,2025-08-12T23:54:12.247569320Z,1755042852247,49958,9989.6,4.76,6.3,55.0,2,25,30,42
producer-1.pitur-265048.isolateedinburgh-pg0.utah.cloudlab.us,2025-08-12T23:54:17.254570109Z,1755042857254,50024,10004.8,4.77,6.4,50.0,2,25,30,40
producer-1.pitur-265048.isolateedinburgh-pg0.utah.cloudlab.us,2025-08-12T23:54:22.261063948Z,1755042862261,50210,10042.0,4.79,6.5,49.0,2,25,34,44
producer-1.pitur-265048.isolateedinburgh-pg0.utah.cloudlab.us,2025-08-12T23:54:27.268278028Z,1755042867268,50035,10007.0,4.77,6.5,44.0,2,25,32,40
producer-1.pitur-265048.isolateedinburgh-pg0.utah.cloudlab.us,2025-08-12T23:54:32.274604629Z,1755042872274,50034,10006.8,4.77,6.4,62.0,2,25,33,51
producer-1.pitur-265048.isolateedinburgh-pg0.utah.cloudlab.us,2025-08-12T23:54:37.281721835Z,1755042877281,50065,10013.0,4.77,6.4,58.0,2,25,31,47
producer-1.pitur-265048.isolateedinburgh-pg0.utah.cloudlab.us,2025-08-12T23:54:42.287054001Z,1755042882287,50122,10024.4,4.78,6.4,45.0,2,25,30,41
producer-1.pitur-265048.isolateedinburgh-pg0.utah.cloudlab.us,2025-08-12T23:54:47.292883695Z,1755042887292,50055,10011.0,4.77,6.2,42.0,2,24,30,36
producer-1.pitur-265048.isolateedinburgh-pg0.utah.cloudlab.us,2025-08-12T23:54:52.297519643Z,1755042892297,49902,9980.4,4.76,6.1,47.0,2,24,29,41
producer-1.pitur-265048.isolateedinburgh-pg0.utah.cloudlab.us,2025-08-12T23:54:57.305369201Z,1755042897305,50175,10031.0,4.78,6.5,51.0,2,25,32,46
producer-1.pitur-265048.isolateedinburgh-pg0.utah.cloudlab.us,2025-08-12T23:55:02.312653719Z,1755042902312,50069,10013.8,4.77,6.4,90.0,2,25,31,78
producer-1.pitur-265048.isolateedinburgh-pg0.utah.cloudlab.us,2025-08-12T23:55:07.319903054Z,1755042907319,49994,9998.8,4.77,6.4,42.0,2,25,31,38
producer-1.pitur-265048.isolateedinburgh-pg0.utah.cloudlab.us,2025-08-12T23:55:12.326387117Z,1755042912326,50095,10019.0,4.78,6.5,59.0,2,26,33,52
producer-1.pitur-265048.isolateedinburgh-pg0.utah.cloudlab.us,2025-08-12T23:55:17.331684655Z,1755042917331,50147,10029.4,4.78,6.3,43.0,2,25,32,39
producer-1.pitur-265048.isolateedinburgh-pg0.utah.cloudlab.us,2025-08-12T23:55:22.338223419Z,1755042922338,49977,9993.4,4.77,6.5,43.0,2,26,32,38
producer-1.pitur-265048.isolateedinburgh-pg0.utah.cloudlab.us,2025-08-12T23:55:27.344874794Z,1755042927344,50140,10026.0,4.78,6.5,78.0,2,26,32,66
producer-1.pitur-265048.isolateedinburgh-pg0.utah.cloudlab.us,2025-08-12T23:55:32.351815927Z,1755042932351,49997,9999.4,4.77,6.5,64.0,2,26,33,56
producer-1.pitur-265048.isolateedinburgh-pg0.utah.cloudlab.us,2025-08-12T23:55:37.358140570Z,1755042937358,50083,10016.6,4.78,6.2,40.0,2,25,30,36
producer-1.pitur-265048.isolateedinburgh-pg0.utah.cloudlab.us,2025-08-12T23:55:42.363521757Z,1755042942363,50120,10024.0,4.78,6.2,45.0,2,25,30,36
producer-1.pitur-265048.isolateedinburgh-pg0.utah.cloudlab.us,2025-08-12T23:55:47.370652073Z,1755042947370,50036,10005.2,4.77,6.3,47.0,2,25,30,43
producer-1.pitur-265048.isolateedinburgh-pg0.utah.cloudlab.us,2025-08-12T23:55:52.377345906Z,1755042952377,50048,10007.6,4.77,6.2,42.0,2,25,31,40
producer-1.pitur-265048.isolateedinburgh-pg0.utah.cloudlab.us,2025-08-12T23:55:57.384096244Z,1755042957384,50126,10021.2,4.78,6.4,48.0,2,25,30,39
producer-1.pitur-265048.isolateedinburgh-pg0.utah.cloudlab.us,2025-08-12T23:56:02.390802783Z,1755042962390,50036,10007.2,4.77,6.3,61.0,2,25,32,50
producer-1.pitur-265048.isolateedinburgh-pg0.utah.cloudlab.us,2025-08-12T23:56:07.398470536Z,1755042967398,50050,10008.0,4.77,6.7,50.0,2,26,32,41
producer-1.pitur-265048.isolateedinburgh-pg0.utah.cloudlab.us,2025-08-12T23:56:12.405600948Z,1755042972405,50104,10018.8,4.78,6.4,65.0,2,25,30,53
producer-1.pitur-265048.isolateedinburgh-pg0.utah.cloudlab.us,2025-08-12T23:56:17.413142857Z,1755042977413,50034,10002.8,4.77,6.5,52.0,2,25,31,45
producer-1.pitur-265048.isolateedinburgh-pg0.utah.cloudlab.us,2025-08-12T23:56:22.419010614Z,1755042982419,50094,10018.8,4.78,6.5,51.0,2,25,30,39
producer-1.pitur-265048.isolateedinburgh-pg0.utah.cloudlab.us,2025-08-12T23:56:27.425216516Z,1755042987425,50043,10006.6,4.77,6.7,41.0,2,26,31,38
producer-1.pitur-265048.isolateedinburgh-pg0.utah.cloudlab.us,2025-08-12T23:56:32.431107585Z,1755042992431,50090,10016.0,4.78,6.6,59.0,2,25,31,47
producer-1.pitur-265048.isolateedinburgh-pg0.utah.cloudlab.us,2025-08-12T23:56:37.440084115Z,1755042997440,50103,10018.6,4.78,6.7,74.0,2,26,33,61
producer-1.pitur-265048.isolateedinburgh-pg0.utah.cloudlab.us,2025-08-12T23:56:42.447185857Z,1755043002447,49999,9999.8,4.77,6.6,40.0,2,25,30,37
producer-1.pitur-265048.isolateedinburgh-pg0.utah.cloudlab.us,2025-08-12T23:56:47.453521646Z,1755043007453,50148,10029.6,4.78,6.5,43.0,2,25,31,38
producer-1.pitur-265048.isolateedinburgh-pg0.utah.cloudlab.us,2025-08-12T23:56:52.459525016Z,1755043012459,50060,10012.0,4.77,6.4,55.0,2,25,31,44
producer-1.pitur-265048.isolateedinburgh-pg0.utah.cloudlab.us,2025-08-12T23:56:57.465633248Z,1755043017465,50017,10001.4,4.77,5.9,49.0,2,24,30,42
producer-1.pitur-265048.isolateedinburgh-pg0.utah.cloudlab.us,2025-08-12T23:57:02.471530154Z,1755043022471,50044,10008.8,4.77,6.6,79.0,2,25,33,68
producer-1.pitur-265048.isolateedinburgh-pg0.utah.cloudlab.us,2025-08-12T23:57:07.475452724Z,1755043027475,50070,10014.0,4.78,6.4,60.0,2,26,31,51
producer-1.pitur-265048.isolateedinburgh-pg0.utah.cloudlab.us,2025-08-12T23:57:12.482055188Z,1755043032482,49956,9991.2,4.76,6.4,54.0,2,24,30,47
producer-1.pitur-265048.isolateedinburgh-pg0.utah.cloudlab.us,2025-08-12T23:57:17.489541536Z,1755043037489,50176,10033.2,4.78,6.5,44.0,2,25,30,37
producer-1.pitur-265048.isolateedinburgh-pg0.utah.cloudlab.us,2025-08-12T23:57:22.496118844Z,1755043042496,50060,10012.0,4.77,6.5,38.0,2,25,30,36
producer-1.pitur-265048.isolateedinburgh-pg0.utah.cloudlab.us,2025-08-12T23:57:27.502222852Z,1755043047502,50107,10019.4,4.78,6.5,52.0,2,25,31,42
producer-1.pitur-265048.isolateedinburgh-pg0.utah.cloudlab.us,2025-08-12T23:57:32.507078312Z,1755043052507,50049,10009.8,4.77,6.4,52.0,2,25,32,42
producer-1.pitur-265048.isolateedinburgh-pg0.utah.cloudlab.us,2025-08-12T23:57:37.513869393Z,1755043057513,49934,9986.8,4.76,6.4,52.0,2,25,30,41
producer-1.pitur-265048.isolateedinburgh-pg0.utah.cloudlab.us,2025-08-12T23:57:42.520277620Z,1755043062520,50197,10039.4,4.79,6.6,44.0,2,25,31,39
producer-1.pitur-265048.isolateedinburgh-pg0.utah.cloudlab.us,2025-08-12T23:57:47.526752959Z,1755043067526,50060,10012.0,4.77,6.3,49.0,2,25,29,39
producer-1.pitur-265048.isolateedinburgh-pg0.utah.cloudlab.us,2025-08-12T23:57:52.533672791Z,1755043072533,50026,10003.2,4.77,6.4,44.0,2,25,29,37
producer-1.pitur-265048.isolateedinburgh-pg0.utah.cloudlab.us,2025-08-12T23:57:57.540010091Z,1755043077540,50114,10022.8,4.78,6.5,42.0,2,25,30,37
producer-1.pitur-265048.isolateedinburgh-pg0.utah.cloudlab.us,2025-08-12T23:58:02.544991759Z,1755043082544,50026,10005.2,4.77,6.3,38.0,2,25,30,35
producer-1.pitur-265048.isolateedinburgh-pg0.utah.cloudlab.us,2025-08-12T23:58:07.551885048Z,1755043087551,50019,10003.8,4.77,6.4,44.0,2,25,30,38
producer-1.pitur-265048.isolateedinburgh-pg0.utah.cloudlab.us,2025-08-12T23:58:12.560241890Z,1755043092560,50072,10012.4,4.77,6.3,46.0,2,25,32,42
producer-1.pitur-265048.isolateedinburgh-pg0.utah.cloudlab.us,2025-08-12T23:58:17.566010981Z,1755043097566,50115,10023.0,4.78,6.3,44.0,2,24,30,39
producer-1.pitur-265048.isolateedinburgh-pg0.utah.cloudlab.us,2025-08-12T23:58:22.571316884Z,1755043102571,50079,10015.8,4.78,6.4,52.0,2,25,30,41
producer-1.pitur-265048.isolateedinburgh-pg0.utah.cloudlab.us,2025-08-12T23:58:27.576434524Z,1755043107576,49975,9995.0,4.77,6.4,42.0,2,25,29,37
producer-1.pitur-265048.isolateedinburgh-pg0.utah.cloudlab.us,2025-08-12T23:58:32.581941787Z,1755043112581,49961,9992.2,4.76,6.5,64.0,2,25,30,52
producer-1.pitur-265048.isolateedinburgh-pg0.utah.cloudlab.us,2025-08-12T23:58:37.587882438Z,1755043117587,50162,10030.4,4.78,6.6,39.0,2,25,30,35
producer-1.pitur-265048.isolateedinburgh-pg0.utah.cloudlab.us,2025-08-12T23:58:42.595214266Z,1755043122595,50127,10025.4,4.78,6.9,55.0,2,26,33,46
producer-1.pitur-265048.isolateedinburgh-pg0.utah.cloudlab.us,2025-08-12T23:58:47.603349017Z,1755043127603,50094,10018.8,4.78,6.4,59.0,2,25,30,44
producer-1.pitur-265048.isolateedinburgh-pg0.utah.cloudlab.us,2025-08-12T23:58:52.610981504Z,1755043132610,49930,9984.0,4.76,6.3,45.0,2,25,30,40
producer-1.pitur-265048.isolateedinburgh-pg0.utah.cloudlab.us,2025-08-12T23:58:57.617812046Z,1755043137617,50180,10034.0,4.78,6.6,50.0,2,25,31,45
producer-1.pitur-265048.isolateedinburgh-pg0.utah.cloudlab.us,2025-08-12T23:59:02.623832065Z,1755043142623,50005,10001.0,4.77,6.7,49.0,2,26,32,40
producer-1.pitur-265048.isolateedinburgh-pg0.utah.cloudlab.us,2025-08-12T23:59:07.628914767Z,1755043147628,50033,10006.6,4.77,6.5,68.0,2,25,31,56
producer-1.pitur-265048.isolateedinburgh-pg0.utah.cloudlab.us,2025-08-12T23:59:12.635753193Z,1755043152635,50172,10034.4,4.78,6.8,72.0,2,26,34,63
producer-1.pitur-265048.isolateedinburgh-pg0.utah.cloudlab.us,2025-08-12T23:59:17.643319960Z,1755043157643,49986,9993.2,4.77,6.4,46.0,2,25,29,36
producer-1.pitur-265048.isolateedinburgh-pg0.utah.cloudlab.us,2025-08-12T23:59:22.648160266Z,1755043162648,50030,10006.0,4.77,6.7,44.0,2,26,33,41
producer-1.pitur-265048.isolateedinburgh-pg0.utah.cloudlab.us,2025-08-12T23:59:27.653321527Z,1755043167653,50164,10032.8,4.78,6.5,45.0,2,25,32,42
producer-1.pitur-265048.isolateedinburgh-pg0.utah.cloudlab.us,2025-08-12T23:59:32.658292424Z,1755043172658,49982,9996.4,4.77,6.3,49.0,2,25,31,42
producer-1.pitur-265048.isolateedinburgh-pg0.utah.cloudlab.us,2025-08-12T23:59:37.665991153Z,1755043177665,50094,10016.8,4.78,6.4,50.0,2,25,31,42
producer-1.pitur-265048.isolateedinburgh-pg0.utah.cloudlab.us,2025-08-12T23:59:42.673135452Z,1755043182673,50107,10019.4,4.78,6.7,75.0,2,26,36,61
producer-1.pitur-265048.isolateedinburgh-pg0.utah.cloudlab.us,2025-08-12T23:59:47.679340306Z,1755043187679,50023,10004.6,4.77,6.4,67.0,2,25,32,55
producer-1.pitur-265048.isolateedinburgh-pg0.utah.cloudlab.us,2025-08-12T23:59:52.685262410Z,1755043192685,50113,10022.6,4.78,6.7,42.0,2,26,32,38
producer-1.pitur-265048.isolateedinburgh-pg0.utah.cloudlab.us,2025-08-12T23:59:57.690418317Z,1755043197690,50014,10002.8,4.77,6.3,41.0,2,25,31,38
producer-1.pitur-265048.isolateedinburgh-pg0.utah.cloudlab.us,2025-08-13T00:00:02.695501454Z,1755043202695,49952,9990.4,4.76,6.5,60.0,2,25,31,52
producer-1.pitur-265048.isolateedinburgh-pg0.utah.cloudlab.us,2025-08-13T00:00:07.700608089Z,1755043207700,50019,10003.8,4.77,6.5,54.0,2,25,33,47
producer-1.pitur-265048.isolateedinburgh-pg0.utah.cloudlab.us,2025-08-13T00:00:12.707364074Z,1755043212707,50232,10046.4,4.79,6.7,66.0,2,26,33,54
producer-1.pitur-265048.isolateedinburgh-pg0.utah.cloudlab.us,2025-08-13T00:00:17.714764848Z,1755043217714,50061,10012.2,4.77,6.4,62.0,2,25,33,51
producer-1.pitur-265048.isolateedinburgh-pg0.utah.cloudlab.us,2025-08-13T00:00:22.720337792Z,1755043222720,50079,10015.8,4.78,6.3,52.0,2,25,31,40
producer-1.pitur-265048.isolateedinburgh-pg0.utah.cloudlab.us,2025-08-13T00:00:27.726072801Z,1755043227726,50056,10011.2,4.77,6.2,46.0,2,24,31,41
producer-1.pitur-265048.isolateedinburgh-pg0.utah.cloudlab.us,2025-08-13T00:00:32.734201350Z,1755043232734,49934,9980.8,4.76,6.6,57.0,2,25,32,48
producer-1.pitur-265048.isolateedinburgh-pg0.utah.cloudlab.us,2025-08-13T00:00:37.739209978Z,1755043237739,50125,10025.0,4.78,6.4,43.0,2,25,31,37
producer-1.pitur-265048.isolateedinburgh-pg0.utah.cloudlab.us,2025-08-13T00:00:42.746841720Z,1755043242746,50149,10029.8,4.78,6.7,60.0,2,25,33,49
producer-1.pitur-265048.isolateedinburgh-pg0.utah.cloudlab.us,2025-08-13T00:00:47.755077037Z,1755043247755,50062,10010.4,4.77,6.7,61.0,2,26,32,47
producer-1.pitur-265048.isolateedinburgh-pg0.utah.cloudlab.us,2025-08-13T00:00:52.761221338Z,1755043252761,50018,10003.6,4.77,6.4,61.0,2,25,32,53
producer-1.pitur-265048.isolateedinburgh-pg0.utah.cloudlab.us,2025-08-13T00:00:57.766428159Z,1755043257766,50033,10006.6,4.77,6.2,63.0,2,24,30,50
producer-1.pitur-265048.isolateedinburgh-pg0.utah.cloudlab.us,2025-08-13T00:01:02.771681340Z,1755043262771,50095,10019.0,4.78,6.2,39.0,2,24,29,35
producer-1.pitur-265048.isolateedinburgh-pg0.utah.cloudlab.us,2025-08-13T00:01:07.776733709Z,1755043267776,50022,10004.4,4.77,6.6,64.0,2,25,31,50
producer-1.pitur-265048.isolateedinburgh-pg0.utah.cloudlab.us,2025-08-13T00:01:12.783189766Z,1755043272783,50137,10027.4,4.78,6.9,53.0,2,26,35,46
producer-1.pitur-265048.isolateedinburgh-pg0.utah.cloudlab.us,2025-08-13T00:01:17.790533830Z,1755043277790,50063,10010.6,4.77,6.6,62.0,2,25,33,51
producer-1.pitur-265048.isolateedinburgh-pg0.utah.cloudlab.us,2025-08-13T00:01:22.796545496Z,1755043282796,50037,10007.4,4.77,6.5,50.0,2,25,34,45
producer-1.pitur-265048.isolateedinburgh-pg0.utah.cloudlab.us,2025-08-13T00:01:27.803272042Z,1755043287803,50093,10016.6,4.78,6.3,43.0,2,25,29,35
producer-1.pitur-265048.isolateedinburgh-pg0.utah.cloudlab.us,2025-08-13T00:01:32.809170228Z,1755043292809,50060,10010.0,4.77,6.5,51.0,2,25,31,40
producer-1.pitur-265048.isolateedinburgh-pg0.utah.cloudlab.us,2025-08-13T00:01:37.814427876Z,1755043297814,49953,9990.6,4.76,6.3,45.0,2,25,31,41
producer-1.pitur-265048.isolateedinburgh-pg0.utah.cloudlab.us,2025-08-13T00:01:42.821226152Z,1755043302821,49993,9998.6,4.77,6.4,47.0,2,25,31,41
producer-1.pitur-265048.isolateedinburgh-pg0.utah.cloudlab.us,2025-08-13T00:01:47.829334551Z,1755043307829,50236,10043.2,4.79,6.7,70.0,2,25,33,58
producer-1.pitur-265048.isolateedinburgh-pg0.utah.cloudlab.us,2025-08-13T00:01:52.835468363Z,1755043312835,50078,10015.6,4.78,6.7,82.0,2,26,37,71
producer-1.pitur-265048.isolateedinburgh-pg0.utah.cloudlab.us,2025-08-13T00:01:57.841227488Z,1755043317841,50040,10008.0,4.77,6.4,44.0,2,25,31,39
producer-1.pitur-265048.isolateedinburgh-pg0.utah.cloudlab.us,2025-08-13T00:02:02.846101632Z,1755043322846,49993,9998.6,4.77,6.4,47.0,2,24,30,41
producer-1.pitur-265048.isolateedinburgh-pg0.utah.cloudlab.us,2025-08-13T00:02:07.851093970Z,1755043327851,50127,10025.4,4.78,6.7,50.0,2,26,31,41
producer-1.pitur-265048.isolateedinburgh-pg0.utah.cloudlab.us,2025-08-13T00:02:12.855465689Z,1755043332855,50040,10008.0,4.77,6.4,37.0,2,25,30,35
producer-1.pitur-265048.isolateedinburgh-pg0.utah.cloudlab.us,2025-08-13T00:02:17.862291497Z,1755043337862,50069,10011.8,4.77,6.7,48.0,2,26,32,39
producer-1.pitur-265048.isolateedinburgh-pg0.utah.cloudlab.us,2025-08-13T00:02:22.868052060Z,1755043342868,50021,10004.2,4.77,7.0,74.0,2,26,33,60
producer-1.pitur-265048.isolateedinburgh-pg0.utah.cloudlab.us,2025-08-13T00:02:27.873107555Z,1755043347873,50087,10017.4,4.78,6.6,48.0,2,25,30,41
producer-1.pitur-265048.isolateedinburgh-pg0.utah.cloudlab.us,2025-08-13T00:02:32.879339546Z,1755043352879,50045,10007.0,4.77,6.5,37.0,2,25,30,36
producer-1.pitur-265048.isolateedinburgh-pg0.utah.cloudlab.us,2025-08-13T00:02:37.884015986Z,1755043357884,50076,10015.2,4.78,6.4,42.0,2,25,30,37
producer-1.pitur-265048.isolateedinburgh-pg0.utah.cloudlab.us,2025-08-13T00:02:42.891286114Z,1755043362891,50049,10007.8,4.77,6.6,61.0,2,25,32,54
producer-1.pitur-265048.isolateedinburgh-pg0.utah.cloudlab.us,2025-08-13T00:02:47.899230453Z,1755043367899,50093,10016.6,4.78,6.1,50.0,2,24,30,39
producer-1.pitur-265048.isolateedinburgh-pg0.utah.cloudlab.us,2025-08-13T00:02:52.906419180Z,1755043372906,50009,9999.8,4.77,6.5,56.0,2,25,31,44
producer-1.pitur-265048.isolateedinburgh-pg0.utah.cloudlab.us,2025-08-13T00:02:57.913010405Z,1755043377913,50100,10018.0,4.78,6.4,49.0,2,25,29,37
producer-1.pitur-265048.isolateedinburgh-pg0.utah.cloudlab.us,2025-08-13T00:03:02.919425087Z,1755043382919,49989,9995.8,4.77,6.4,43.0,2,25,30,38
producer-1.pitur-265048.isolateedinburgh-pg0.utah.cloudlab.us,2025-08-13T00:03:07.924008969Z,1755043387924,50047,10009.4,4.77,6.7,59.0,2,26,32,54
producer-1.pitur-265048.isolateedinburgh-pg0.utah.cloudlab.us,2025-08-13T00:03:12.930161363Z,1755043392930,50112,10022.4,4.78,6.2,37.0,2,24,29,34
