hostname,timestamp_iso,timestamp_ms,records_sent,recs_per_sec,mb_per_sec,avg_latency,max_latency,p50,p95,p99,p999
producer-1.pitur-265048.isolateedinburgh-pg0.utah.cloudlab.us,2025-08-12T23:51:06.986263431Z,1755042666986,49960,9992.0,4.76,12.6,581.0,2,77,98,125
producer-1.pitur-265048.isolateedinburgh-pg0.utah.cloudlab.us,2025-08-12T23:51:12.015228954Z,1755042672015,50291,10058.2,4.80,2.4,43.0,2,7,13,37
producer-1.pitur-265048.isolateedinburgh-pg0.utah.cloudlab.us,2025-08-12T23:51:17.024032191Z,1755042677024,50090,10018.0,4.78,1.8,23.0,2,3,8,15
producer-1.pitur-265048.isolateedinburgh-pg0.utah.cloudlab.us,2025-08-12T23:51:22.032222329Z,1755042682032,50076,10011.2,4.77,1.9,31.0,2,3,9,20
producer-1.pitur-265048.isolateedinburgh-pg0.utah.cloudlab.us,2025-08-12T23:51:27.039425125Z,1755042687039,50075,10015.0,4.78,1.9,20.0,2,3,9,13
producer-1.pitur-265048.isolateedinburgh-pg0.utah.cloudlab.us,2025-08-12T23:51:32.044441754Z,1755042692044,50050,10008.0,4.77,1.9,17.0,2,3,8,12
producer-1.pitur-265048.isolateedinburgh-pg0.utah.cloudlab.us,2025-08-12T23:51:37.049808352Z,1755042697049,50059,10011.8,4.77,1.9,22.0,2,3,8,16
producer-1.pitur-265048.isolateedinburgh-pg0.utah.cloudlab.us,2025-08-12T23:51:42.054453726Z,1755042702054,50041,10008.2,4.77,1.9,25.0,2,3,8,16
producer-1.pitur-265048.isolateedinburgh-pg0.utah.cloudlab.us,2025-08-12T23:51:47.062069120Z,1755042707062,50072,10012.4,4.77,1.9,28.0,2,3,9,21
producer-1.pitur-265048.isolateedinburgh-pg0.utah.cloudlab.us,2025-08-12T23:51:52.065176516Z,1755042712065,50038,10007.6,4.77,1.9,31.0,2,3,8,24
producer-1.pitur-265048.isolateedinburgh-pg0.utah.cloudlab.us,2025-08-12T23:51:57.069513064Z,1755042717069,50040,10008.0,4.77,1.8,13.0,2,3,8,12
producer-1.pitur-265048.isolateedinburgh-pg0.utah.cloudlab.us,2025-08-12T23:52:02.075090675Z,1755042722075,50067,10013.4,4.77,1.9,28.0,2,3,8,17
producer-1.pitur-265048.isolateedinburgh-pg0.utah.cloudlab.us,2025-08-12T23:52:07.080937131Z,1755042727080,50052,10010.4,4.77,1.9,24.0,2,3,8,19
producer-1.pitur-265048.isolateedinburgh-pg0.utah.cloudlab.us,2025-08-12T23:52:12.085235583Z,1755042732085,50051,10010.2,4.77,1.9,22.0,2,3,9,18
producer-1.pitur-265048.isolateedinburgh-pg0.utah.cloudlab.us,2025-08-12T23:52:17.092376314Z,1755042737092,50054,10008.8,4.77,2.2,93.0,2,3,10,79
producer-1.pitur-265048.isolateedinburgh-pg0.utah.cloudlab.us,2025-08-12T23:52:22.098423388Z,1755042742098,50065,10013.0,4.77,2.2,75.0,2,4,10,64
producer-1.pitur-265048.isolateedinburgh-pg0.utah.cloudlab.us,2025-08-12T23:52:27.104472356Z,1755042747104,50061,10012.2,4.77,1.9,20.0,2,3,8,15
producer-1.pitur-265048.isolateedinburgh-pg0.utah.cloudlab.us,2025-08-12T23:52:32.110358113Z,1755042752110,50068,10013.6,4.77,1.9,18.0,2,3,8,13
producer-1.pitur-265048.isolateedinburgh-pg0.utah.cloudlab.us,2025-08-12T23:52:37.116140025Z,1755042757116,50042,10008.4,4.77,1.9,29.0,2,3,8,18
producer-1.pitur-265048.isolateedinburgh-pg0.utah.cloudlab.us,2025-08-12T23:52:42.122836755Z,1755042762122,50070,10012.0,4.77,1.8,22.0,2,3,8,12
producer-1.pitur-265048.isolateedinburgh-pg0.utah.cloudlab.us,2025-08-12T23:52:47.127591310Z,1755042767127,50050,10008.0,4.77,1.9,45.0,2,3,8,34
producer-1.pitur-265048.isolateedinburgh-pg0.utah.cloudlab.us,2025-08-12T23:52:52.132164428Z,1755042772132,50058,10011.6,4.77,2.0,54.0,2,3,10,43
producer-1.pitur-265048.isolateedinburgh-pg0.utah.cloudlab.us,2025-08-12T23:52:57.136370304Z,1755042777136,50036,10007.2,4.77,1.9,46.0,2,3,9,35
producer-1.pitur-265048.isolateedinburgh-pg0.utah.cloudlab.us,2025-08-12T23:53:02.142482163Z,1755042782142,50066,10013.2,4.77,1.9,29.0,2,3,8,18
producer-1.pitur-265048.isolateedinburgh-pg0.utah.cloudlab.us,2025-08-12T23:53:07.147439902Z,1755042787147,50027,10003.4,4.77,1.9,27.0,2,3,8,18
producer-1.pitur-265048.isolateedinburgh-pg0.utah.cloudlab.us,2025-08-12T23:53:12.153013433Z,1755042792153,50063,10010.6,4.77,1.8,19.0,2,3,8,14
producer-1.pitur-265048.isolateedinburgh-pg0.utah.cloudlab.us,2025-08-12T23:53:17.159094914Z,1755042797159,50064,10010.8,4.77,1.9,26.0,2,3,8,17
producer-1.pitur-265048.isolateedinburgh-pg0.utah.cloudlab.us,2025-08-12T23:53:22.164328905Z,1755042802164,50064,10012.8,4.77,2.3,79.0,2,3,15,67
producer-1.pitur-265048.isolateedinburgh-pg0.utah.cloudlab.us,2025-08-12T23:53:27.169212070Z,1755042807169,50050,10008.0,4.77,2.0,40.0,2,3,10,33
producer-1.pitur-265048.isolateedinburgh-pg0.utah.cloudlab.us,2025-08-12T23:53:32.176121186Z,1755042812176,50042,10002.4,4.77,1.9,22.0,2,3,8,15
producer-1.pitur-265048.isolateedinburgh-pg0.utah.cloudlab.us,2025-08-12T23:53:37.182374639Z,1755042817182,50061,10010.2,4.77,1.9,24.0,2,3,8,17
producer-1.pitur-265048.isolateedinburgh-pg0.utah.cloudlab.us,2025-08-12T23:53:42.188171379Z,1755042822188,50079,10015.8,4.78,1.9,29.0,2,3,9,19
producer-1.pitur-265048.isolateedinburgh-pg0.utah.cloudlab.us,2025-08-12T23:53:47.191009922Z,1755042827191,50031,10006.2,4.77,1.8,16.0,2,3,8,14
producer-1.pitur-265048.isolateedinburgh-pg0.utah.cloudlab.us,2025-08-12T23:53:52.196369788Z,1755042832196,50052,10010.4,4.77,2.0,48.0,2,3,10,37
producer-1.pitur-265048.isolateedinburgh-pg0.utah.cloudlab.us,2025-08-12T23:53:57.221316701Z,1755042837221,50067,9975.5,4.76,1.9,32.0,2,3,8,24
producer-1.pitur-265048.isolateedinburgh-pg0.utah.cloudlab.us,2025-08-12T23:54:02.225146659Z,1755042842225,50225,10045.0,4.79,1.8,25.0,2,3,8,17
producer-1.pitur-265048.isolateedinburgh-pg0.utah.cloudlab.us,2025-08-12T23:54:07.229231108Z,1755042847229,50044,10008.8,4.77,1.9,18.0,2,3,8,14
producer-1.pitur-265048.isolateedinburgh-pg0.utah.cloudlab.us,2025-08-12T23:54:12.235838535Z,1755042852235,50050,10008.0,4.77,1.9,27.0,2,3,8,18
producer-1.pitur-265048.isolateedinburgh-pg0.utah.cloudlab.us,2025-08-12T23:54:17.241396546Z,1755042857241,50038,10007.6,4.77,1.9,20.0,2,3,8,16
producer-1.pitur-265048.isolateedinburgh-pg0.utah.cloudlab.us,2025-08-12T23:54:22.246284558Z,1755042862246,50073,10014.6,4.78,2.1,55.0,2,4,12,43
producer-1.pitur-265048.isolateedinburgh-pg0.utah.cloudlab.us,2025-08-12T23:54:27.251323979Z,1755042867251,50049,10009.8,4.77,1.9,27.0,2,3,8,16
producer-1.pitur-265048.isolateedinburgh-pg0.utah.cloudlab.us,2025-08-12T23:54:32.256505525Z,1755042872256,50051,10010.2,4.77,2.0,45.0,2,3,10,34
producer-1.pitur-265048.isolateedinburgh-pg0.utah.cloudlab.us,2025-08-12T23:54:37.263379506Z,1755042877263,50060,10012.0,4.77,1.9,21.0,2,3,8,16
producer-1.pitur-265048.isolateedinburgh-pg0.utah.cloudlab.us,2025-08-12T23:54:42.266855390Z,1755042882266,50040,10008.0,4.77,1.9,27.0,2,3,8,20
producer-1.pitur-265048.isolateedinburgh-pg0.utah.cloudlab.us,2025-08-12T23:54:47.270032761Z,1755042887270,50016,10003.2,4.77,1.9,21.0,2,3,8,16
producer-1.pitur-265048.isolateedinburgh-pg0.utah.cloudlab.us,2025-08-12T23:54:52.274915936Z,1755042892274,50074,10014.8,4.78,2.0,23.0,2,3,8,16
producer-1.pitur-265048.isolateedinburgh-pg0.utah.cloudlab.us,2025-08-12T23:54:57.280601319Z,1755042897280,50060,10010.0,4.77,2.0,31.0,2,3,10,24
producer-1.pitur-265048.isolateedinburgh-pg0.utah.cloudlab.us,2025-08-12T23:55:02.284147070Z,1755042902284,50023,10004.6,4.77,2.0,58.0,2,3,8,47
producer-1.pitur-265048.isolateedinburgh-pg0.utah.cloudlab.us,2025-08-12T23:55:07.289948066Z,1755042907289,50057,10011.4,4.77,2.0,33.0,2,3,9,21
producer-1.pitur-265048.isolateedinburgh-pg0.utah.cloudlab.us,2025-08-12T23:55:12.295026166Z,1755042912295,50057,10011.4,4.77,1.9,30.0,2,3,9,22
producer-1.pitur-265048.isolateedinburgh-pg0.utah.cloudlab.us,2025-08-12T23:55:17.299016849Z,1755042917299,50043,10008.6,4.77,1.9,22.0,2,3,9,18
producer-1.pitur-265048.isolateedinburgh-pg0.utah.cloudlab.us,2025-08-12T23:55:22.302734706Z,1755042922302,50040,10008.0,4.77,1.9,23.0,2,3,8,17
producer-1.pitur-265048.isolateedinburgh-pg0.utah.cloudlab.us,2025-08-12T23:55:27.307298112Z,1755042927307,50030,10004.0,4.77,2.0,58.0,2,3,9,46
producer-1.pitur-265048.isolateedinburgh-pg0.utah.cloudlab.us,2025-08-12T23:55:32.312471602Z,1755042932312,50060,10012.0,4.77,2.0,45.0,2,3,8,34
producer-1.pitur-265048.isolateedinburgh-pg0.utah.cloudlab.us,2025-08-12T23:55:37.318678341Z,1755042937318,50060,10010.0,4.77,1.9,22.0,2,3,8,20
producer-1.pitur-265048.isolateedinburgh-pg0.utah.cloudlab.us,2025-08-12T23:55:42.323545023Z,1755042942323,50050,10008.0,4.77,1.9,21.0,2,3,8,18
producer-1.pitur-265048.isolateedinburgh-pg0.utah.cloudlab.us,2025-08-12T23:55:47.327011348Z,1755042947327,50048,10009.6,4.77,1.9,26.0,2,3,8,19
producer-1.pitur-265048.isolateedinburgh-pg0.utah.cloudlab.us,2025-08-12T23:55:52.332322237Z,1755042952332,50046,10009.2,4.77,1.9,26.0,2,3,8,16
producer-1.pitur-265048.isolateedinburgh-pg0.utah.cloudlab.us,2025-08-12T23:55:57.338068535Z,1755042957338,50050,10010.0,4.77,1.9,47.0,2,3,8,35
producer-1.pitur-265048.isolateedinburgh-pg0.utah.cloudlab.us,2025-08-12T23:56:02.341011255Z,1755042962341,50053,10010.6,4.77,1.9,29.0,2,3,8,19
producer-1.pitur-265048.isolateedinburgh-pg0.utah.cloudlab.us,2025-08-12T23:56:07.345237725Z,1755042967345,50026,10005.2,4.77,1.9,45.0,2,3,9,33
producer-1.pitur-265048.isolateedinburgh-pg0.utah.cloudlab.us,2025-08-12T23:56:12.350133643Z,1755042972350,50047,10009.4,4.77,1.9,26.0,2,3,8,16
producer-1.pitur-265048.isolateedinburgh-pg0.utah.cloudlab.us,2025-08-12T23:56:17.355043585Z,1755042977355,50050,10010.0,4.77,1.9,27.0,2,3,8,19
producer-1.pitur-265048.isolateedinburgh-pg0.utah.cloudlab.us,2025-08-12T23:56:22.358913369Z,1755042982358,50030,10006.0,4.77,1.9,20.0,2,3,8,16
producer-1.pitur-265048.isolateedinburgh-pg0.utah.cloudlab.us,2025-08-12T23:56:27.364630841Z,1755042987364,50060,10012.0,4.77,1.9,18.0,2,3,8,15
producer-1.pitur-265048.isolateedinburgh-pg0.utah.cloudlab.us,2025-08-12T23:56:32.369942349Z,1755042992369,50059,10011.8,4.77,2.0,59.0,2,3,8,46
producer-1.pitur-265048.isolateedinburgh-pg0.utah.cloudlab.us,2025-08-12T23:56:37.375025771Z,1755042997375,50041,10008.2,4.77,2.1,51.0,2,4,11,40
producer-1.pitur-265048.isolateedinburgh-pg0.utah.cloudlab.us,2025-08-12T23:56:42.379289143Z,1755043002379,50050,10010.0,4.77,1.8,18.0,2,3,7,11
producer-1.pitur-265048.isolateedinburgh-pg0.utah.cloudlab.us,2025-08-12T23:56:47.384988960Z,1755043007384,50060,10010.0,4.77,1.8,16.0,2,3,8,13
producer-1.pitur-265048.isolateedinburgh-pg0.utah.cloudlab.us,2025-08-12T23:56:52.390352544Z,1755043012390,49884,9976.8,4.76,1.9,27.0,2,3,8,18
producer-1.pitur-265048.isolateedinburgh-pg0.utah.cloudlab.us,2025-08-12T23:56:57.394379526Z,1755043017394,50206,10039.2,4.79,1.9,27.0,2,3,8,22
producer-1.pitur-265048.isolateedinburgh-pg0.utah.cloudlab.us,2025-08-12T23:57:02.398010932Z,1755043022398,50033,10006.6,4.77,2.0,52.0,2,3,10,43
producer-1.pitur-265048.isolateedinburgh-pg0.utah.cloudlab.us,2025-08-12T23:57:07.404158887Z,1755043027404,50067,10011.4,4.77,2.0,27.0,2,3,8,18
producer-1.pitur-265048.isolateedinburgh-pg0.utah.cloudlab.us,2025-08-12T23:57:12.409970756Z,1755043032409,50050,10010.0,4.77,1.9,24.0,2,3,8,17
producer-1.pitur-265048.isolateedinburgh-pg0.utah.cloudlab.us,2025-08-12T23:57:17.414563177Z,1755043037414,50050,10008.0,4.77,1.8,14.0,2,3,7,12
producer-1.pitur-265048.isolateedinburgh-pg0.utah.cloudlab.us,2025-08-12T23:57:22.418751397Z,1755043042418,50049,10009.8,4.77,1.8,19.0,2,3,7,12
producer-1.pitur-265048.isolateedinburgh-pg0.utah.cloudlab.us,2025-08-12T23:57:27.424162783Z,1755043047424,50051,10010.2,4.77,1.9,20.0,2,3,8,15
producer-1.pitur-265048.isolateedinburgh-pg0.utah.cloudlab.us,2025-08-12T23:57:32.429564245Z,1755043052429,50053,10010.6,4.77,1.9,49.0,2,3,8,36
producer-1.pitur-265048.isolateedinburgh-pg0.utah.cloudlab.us,2025-08-12T23:57:37.433033714Z,1755043057433,50050,10010.0,4.77,1.8,29.0,2,3,8,18
producer-1.pitur-265048.isolateedinburgh-pg0.utah.cloudlab.us,2025-08-12T23:57:42.437315831Z,1755043062437,49997,9999.4,4.77,1.8,17.0,2,3,8,11
producer-1.pitur-265048.isolateedinburgh-pg0.utah.cloudlab.us,2025-08-12T23:57:47.442023899Z,1755043067442,50079,10015.8,4.78,1.9,28.0,2,3,8,15
producer-1.pitur-265048.isolateedinburgh-pg0.utah.cloudlab.us,2025-08-12T23:57:52.447263133Z,1755043072447,50050,10010.0,4.77,2.0,30.0,2,3,9,20
producer-1.pitur-265048.isolateedinburgh-pg0.utah.cloudlab.us,2025-08-12T23:57:57.452323911Z,1755043077452,50051,10008.2,4.77,1.9,24.0,2,3,8,17
producer-1.pitur-265048.isolateedinburgh-pg0.utah.cloudlab.us,2025-08-12T23:58:02.456391616Z,1755043082456,50040,10006.0,4.77,1.9,32.0,2,3,8,30
producer-1.pitur-265048.isolateedinburgh-pg0.utah.cloudlab.us,2025-08-12T23:58:07.462316781Z,1755043087462,50047,10007.4,4.77,1.9,31.0,2,3,8,19
producer-1.pitur-265048.isolateedinburgh-pg0.utah.cloudlab.us,2025-08-12T23:58:12.467966897Z,1755043092467,50073,10014.6,4.78,2.0,23.0,2,3,9,19
producer-1.pitur-265048.isolateedinburgh-pg0.utah.cloudlab.us,2025-08-12T23:58:17.472597759Z,1755043097472,50042,10008.4,4.77,1.9,25.0,2,3,8,18
producer-1.pitur-265048.isolateedinburgh-pg0.utah.cloudlab.us,2025-08-12T23:58:22.477059476Z,1755043102477,50046,10009.2,4.77,1.9,26.0,2,3,8,17
producer-1.pitur-265048.isolateedinburgh-pg0.utah.cloudlab.us,2025-08-12T23:58:27.482299501Z,1755043107482,50052,10010.4,4.77,1.9,32.0,2,3,9,24
producer-1.pitur-265048.isolateedinburgh-pg0.utah.cloudlab.us,2025-08-12T23:58:32.487416733Z,1755043112487,50050,10010.0,4.77,1.9,27.0,2,3,9,18
producer-1.pitur-265048.isolateedinburgh-pg0.utah.cloudlab.us,2025-08-12T23:58:37.491454914Z,1755043117491,50041,10006.2,4.77,1.8,24.0,2,3,7,17
producer-1.pitur-265048.isolateedinburgh-pg0.utah.cloudlab.us,2025-08-12T23:58:42.496522137Z,1755043122496,50056,10011.2,4.77,2.0,42.0,2,3,10,27
producer-1.pitur-265048.isolateedinburgh-pg0.utah.cloudlab.us,2025-08-12T23:58:47.501342081Z,1755043127501,50060,10012.0,4.77,1.9,27.0,2,3,8,16
producer-1.pitur-265048.isolateedinburgh-pg0.utah.cloudlab.us,2025-08-12T23:58:52.506147441Z,1755043132506,50052,10010.4,4.77,1.9,24.0,2,3,8,20
producer-1.pitur-265048.isolateedinburgh-pg0.utah.cloudlab.us,2025-08-12T23:58:57.510143487Z,1755043137510,50024,10004.8,4.77,1.9,27.0,2,3,9,20
producer-1.pitur-265048.isolateedinburgh-pg0.utah.cloudlab.us,2025-08-12T23:59:02.514146400Z,1755043142514,50036,10007.2,4.77,1.9,26.0,2,3,9,22
producer-1.pitur-265048.isolateedinburgh-pg0.utah.cloudlab.us,2025-08-12T23:59:07.519511967Z,1755043147519,50051,10008.2,4.77,2.0,53.0,2,3,8,41
producer-1.pitur-265048.isolateedinburgh-pg0.utah.cloudlab.us,2025-08-12T23:59:12.525081085Z,1755043152525,50050,10010.0,4.77,2.2,55.0,2,4,15,47
producer-1.pitur-265048.isolateedinburgh-pg0.utah.cloudlab.us,2025-08-12T23:59:17.529673556Z,1755043157529,50050,10010.0,4.77,1.9,25.0,2,3,8,20
producer-1.pitur-265048.isolateedinburgh-pg0.utah.cloudlab.us,2025-08-12T23:59:22.535910919Z,1755043162535,50060,10010.0,4.77,1.8,20.0,2,3,8,14
producer-1.pitur-265048.isolateedinburgh-pg0.utah.cloudlab.us,2025-08-12T23:59:27.541306707Z,1755043167541,50060,10010.0,4.77,1.9,15.0,2,3,8,12
producer-1.pitur-265048.isolateedinburgh-pg0.utah.cloudlab.us,2025-08-12T23:59:32.546487662Z,1755043172546,50050,10010.0,4.77,1.9,31.0,2,3,9,20
producer-1.pitur-265048.isolateedinburgh-pg0.utah.cloudlab.us,2025-08-12T23:59:37.551059991Z,1755043177551,50050,10008.0,4.77,1.9,18.0,2,3,8,13
producer-1.pitur-265048.isolateedinburgh-pg0.utah.cloudlab.us,2025-08-12T23:59:42.555264229Z,1755043182555,50036,10007.2,4.77,2.1,52.0,2,3,11,43
producer-1.pitur-265048.isolateedinburgh-pg0.utah.cloudlab.us,2025-08-12T23:59:47.560883937Z,1755043187560,50063,10012.6,4.77,2.0,48.0,2,3,8,34
producer-1.pitur-265048.isolateedinburgh-pg0.utah.cloudlab.us,2025-08-12T23:59:52.565170749Z,1755043192565,50040,10008.0,4.77,1.9,24.0,2,3,8,15
producer-1.pitur-265048.isolateedinburgh-pg0.utah.cloudlab.us,2025-08-12T23:59:57.570629636Z,1755043197570,50051,10008.2,4.77,1.9,23.0,2,3,8,17
producer-1.pitur-265048.isolateedinburgh-pg0.utah.cloudlab.us,2025-08-13T00:00:02.574673225Z,1755043202574,50040,10008.0,4.77,1.9,27.0,2,3,8,22
producer-1.pitur-265048.isolateedinburgh-pg0.utah.cloudlab.us,2025-08-13T00:00:07.580635642Z,1755043207580,50069,10013.8,4.77,1.8,25.0,2,3,8,18
producer-1.pitur-265048.isolateedinburgh-pg0.utah.cloudlab.us,2025-08-13T00:00:12.585283715Z,1755043212585,50041,10008.2,4.77,1.9,41.0,2,3,9,32
producer-1.pitur-265048.isolateedinburgh-pg0.utah.cloudlab.us,2025-08-13T00:00:17.590891746Z,1755043217590,50050,10010.0,4.77,2.0,48.0,2,3,11,43
producer-1.pitur-265048.isolateedinburgh-pg0.utah.cloudlab.us,2025-08-13T00:00:22.595736581Z,1755043222595,50057,10011.4,4.77,1.9,27.0,2,3,8,15
producer-1.pitur-265048.isolateedinburgh-pg0.utah.cloudlab.us,2025-08-13T00:00:27.601449175Z,1755043227601,50053,10008.6,4.77,1.9,19.0,2,3,8,17
producer-1.pitur-265048.isolateedinburgh-pg0.utah.cloudlab.us,2025-08-13T00:00:32.605139002Z,1755043232605,50052,10010.4,4.77,2.0,27.0,2,3,8,20
producer-1.pitur-265048.isolateedinburgh-pg0.utah.cloudlab.us,2025-08-13T00:00:37.609289393Z,1755043237609,50028,10005.6,4.77,1.9,28.0,2,3,8,17
producer-1.pitur-265048.isolateedinburgh-pg0.utah.cloudlab.us,2025-08-13T00:00:42.613145615Z,1755043242613,50040,10008.0,4.77,2.0,54.0,2,3,10,41
producer-1.pitur-265048.isolateedinburgh-pg0.utah.cloudlab.us,2025-08-13T00:00:47.618711103Z,1755043247618,50052,10010.4,4.77,2.1,44.0,2,4,15,40
producer-1.pitur-265048.isolateedinburgh-pg0.utah.cloudlab.us,2025-08-13T00:00:52.623260896Z,1755043252623,50047,10007.4,4.77,1.9,25.0,2,3,8,20
producer-1.pitur-265048.isolateedinburgh-pg0.utah.cloudlab.us,2025-08-13T00:00:57.627749523Z,1755043257627,50050,10010.0,4.77,1.9,27.0,2,3,8,22
producer-1.pitur-265048.isolateedinburgh-pg0.utah.cloudlab.us,2025-08-13T00:01:02.632427412Z,1755043262632,50041,10008.2,4.77,1.9,27.0,2,3,8,18
producer-1.pitur-265048.isolateedinburgh-pg0.utah.cloudlab.us,2025-08-13T00:01:07.638064654Z,1755043267638,50059,10009.8,4.77,2.0,31.0,2,3,9,24
producer-1.pitur-265048.isolateedinburgh-pg0.utah.cloudlab.us,2025-08-13T00:01:12.642780825Z,1755043272642,50051,10008.2,4.77,2.0,54.0,2,3,11,42
producer-1.pitur-265048.isolateedinburgh-pg0.utah.cloudlab.us,2025-08-13T00:01:17.648169285Z,1755043277648,50040,10004.0,4.77,1.9,29.0,2,3,8,25
producer-1.pitur-265048.isolateedinburgh-pg0.utah.cloudlab.us,2025-08-13T00:01:22.653604202Z,1755043282653,50060,10012.0,4.77,2.0,50.0,2,3,10,39
producer-1.pitur-265048.isolateedinburgh-pg0.utah.cloudlab.us,2025-08-13T00:01:27.660159927Z,1755043287660,50060,10010.0,4.77,1.9,25.0,2,3,8,17
producer-1.pitur-265048.isolateedinburgh-pg0.utah.cloudlab.us,2025-08-13T00:01:32.665172040Z,1755043292665,50050,10008.0,4.77,1.9,25.0,2,3,9,18
producer-1.pitur-265048.isolateedinburgh-pg0.utah.cloudlab.us,2025-08-13T00:01:37.672061491Z,1755043297672,50070,10010.0,4.77,1.9,20.0,2,3,8,13
producer-1.pitur-265048.isolateedinburgh-pg0.utah.cloudlab.us,2025-08-13T00:01:42.677346337Z,1755043302677,50059,10011.8,4.77,1.9,45.0,2,3,10,30
producer-1.pitur-265048.isolateedinburgh-pg0.utah.cloudlab.us,2025-08-13T00:01:47.685185409Z,1755043307685,50080,10012.0,4.77,2.0,52.0,2,3,11,40
producer-1.pitur-265048.isolateedinburgh-pg0.utah.cloudlab.us,2025-08-13T00:01:52.689466970Z,1755043312689,50050,10010.0,4.77,2.0,49.0,2,3,10,37
producer-1.pitur-265048.isolateedinburgh-pg0.utah.cloudlab.us,2025-08-13T00:01:57.694626440Z,1755043317694,50026,10003.2,4.77,1.9,22.0,2,3,8,17
producer-1.pitur-265048.isolateedinburgh-pg0.utah.cloudlab.us,2025-08-13T00:02:02.700838888Z,1755043322700,50075,10013.0,4.77,1.9,19.0,2,3,8,16
producer-1.pitur-265048.isolateedinburgh-pg0.utah.cloudlab.us,2025-08-13T00:02:07.705117377Z,1755043327705,50040,10008.0,4.77,1.9,20.0,2,3,8,11
producer-1.pitur-265048.isolateedinburgh-pg0.utah.cloudlab.us,2025-08-13T00:02:12.708027509Z,1755043332708,50044,10008.8,4.77,1.9,18.0,2,3,7,15
producer-1.pitur-265048.isolateedinburgh-pg0.utah.cloudlab.us,2025-08-13T00:02:17.712821393Z,1755043337712,50048,10009.6,4.77,2.1,42.0,2,3,13,37
producer-1.pitur-265048.isolateedinburgh-pg0.utah.cloudlab.us,2025-08-13T00:02:22.717649511Z,1755043342717,50045,10009.0,4.77,2.0,49.0,2,3,10,29
producer-1.pitur-265048.isolateedinburgh-pg0.utah.cloudlab.us,2025-08-13T00:02:27.722926577Z,1755043347722,50053,10010.6,4.77,1.9,24.0,2,3,9,20
producer-1.pitur-265048.isolateedinburgh-pg0.utah.cloudlab.us,2025-08-13T00:02:32.727462723Z,1755043352727,50040,10006.0,4.77,1.9,26.0,2,3,8,20
producer-1.pitur-265048.isolateedinburgh-pg0.utah.cloudlab.us,2025-08-13T00:02:37.731467398Z,1755043357731,50059,10011.8,4.77,1.9,29.0,2,3,9,24
producer-1.pitur-265048.isolateedinburgh-pg0.utah.cloudlab.us,2025-08-13T00:02:42.735083884Z,1755043362735,50027,10005.4,4.77,1.9,29.0,2,3,8,23
producer-1.pitur-265048.isolateedinburgh-pg0.utah.cloudlab.us,2025-08-13T00:02:47.739385532Z,1755043367739,50034,10006.8,4.77,1.9,39.0,2,3,10,29
producer-1.pitur-265048.isolateedinburgh-pg0.utah.cloudlab.us,2025-08-13T00:02:52.745305145Z,1755043372745,50059,10009.8,4.77,1.9,40.0,2,3,9,28
producer-1.pitur-265048.isolateedinburgh-pg0.utah.cloudlab.us,2025-08-13T00:02:57.749030076Z,1755043377749,50035,10007.0,4.77,1.9,25.0,2,3,8,18
producer-1.pitur-265048.isolateedinburgh-pg0.utah.cloudlab.us,2025-08-13T00:03:02.753065308Z,1755043382753,49982,9996.4,4.77,1.9,18.0,2,3,7,12
producer-1.pitur-265048.isolateedinburgh-pg0.utah.cloudlab.us,2025-08-13T00:03:07.757798196Z,1755043387757,50104,10020.8,4.78,2.0,31.0,2,3,9,26
producer-1.pitur-265048.isolateedinburgh-pg0.utah.cloudlab.us,2025-08-13T00:03:12.763096509Z,1755043392763,50059,10009.8,4.77,1.8,16.0,2,3,8,11
