hostname,timestamp_iso,timestamp_ms,records_sent,recs_per_sec,mb_per_sec,avg_latency,max_latency,p50,p95,p99,p999
producer-1.pitur-265048.isolateedinburgh-pg0.utah.cloudlab.us,2025-08-12T23:51:07.234934231Z,1755042667234,49924,9984.8,4.76,8.4,535.0,2,37,61,79
producer-1.pitur-265048.isolateedinburgh-pg0.utah.cloudlab.us,2025-08-12T23:51:12.260932422Z,1755042672260,50312,10062.4,4.80,7.2,49.0,2,26,34,43
producer-1.pitur-265048.isolateedinburgh-pg0.utah.cloudlab.us,2025-08-12T23:51:17.270252356Z,1755042677270,50008,10001.6,4.77,6.9,41.0,2,26,32,36
producer-1.pitur-265048.isolateedinburgh-pg0.utah.cloudlab.us,2025-08-12T23:51:22.282479924Z,1755042682282,50068,10013.6,4.77,6.9,47.0,2,27,33,42
producer-1.pitur-265048.isolateedinburgh-pg0.utah.cloudlab.us,2025-08-12T23:51:27.291504265Z,1755042687291,50107,10019.4,4.78,6.6,46.0,2,26,32,40
producer-1.pitur-265048.isolateedinburgh-pg0.utah.cloudlab.us,2025-08-12T23:51:32.297199937Z,1755042692297,50090,10018.0,4.78,6.6,41.0,2,25,32,38
producer-1.pitur-265048.isolateedinburgh-pg0.utah.cloudlab.us,2025-08-12T23:51:37.304930049Z,1755042697304,50096,10019.2,4.78,6.7,45.0,2,26,31,38
producer-1.pitur-265048.isolateedinburgh-pg0.utah.cloudlab.us,2025-08-12T23:51:42.312281475Z,1755042702312,50152,10030.4,4.78,6.7,40.0,2,25,31,37
producer-1.pitur-265048.isolateedinburgh-pg0.utah.cloudlab.us,2025-08-12T23:51:47.319073560Z,1755042707319,49931,9986.2,4.76,6.8,49.0,2,26,32,39
producer-1.pitur-265048.isolateedinburgh-pg0.utah.cloudlab.us,2025-08-12T23:51:52.324103777Z,1755042712324,50161,10032.2,4.78,7.3,46.0,2,28,35,44
producer-1.pitur-265048.isolateedinburgh-pg0.utah.cloudlab.us,2025-08-12T23:51:57.333282670Z,1755042717333,49998,9995.6,4.77,6.7,41.0,2,26,31,36
producer-1.pitur-265048.isolateedinburgh-pg0.utah.cloudlab.us,2025-08-12T23:52:02.339417925Z,1755042722339,50168,10033.6,4.78,6.7,66.0,2,26,31,55
producer-1.pitur-265048.isolateedinburgh-pg0.utah.cloudlab.us,2025-08-12T23:52:07.346478397Z,1755042727346,49973,9992.6,4.76,7.1,47.0,2,27,35,42
producer-1.pitur-265048.isolateedinburgh-pg0.utah.cloudlab.us,2025-08-12T23:52:12.352197356Z,1755042732352,50164,10032.8,4.78,6.7,40.0,2,26,31,36
producer-1.pitur-265048.isolateedinburgh-pg0.utah.cloudlab.us,2025-08-12T23:52:17.361188292Z,1755042737361,50008,10001.6,4.77,7.1,88.0,2,27,33,76
producer-1.pitur-265048.isolateedinburgh-pg0.utah.cloudlab.us,2025-08-12T23:52:22.369253340Z,1755042742369,50115,10023.0,4.78,7.3,76.0,2,27,34,62
producer-1.pitur-265048.isolateedinburgh-pg0.utah.cloudlab.us,2025-08-12T23:52:27.376639544Z,1755042747376,50123,10024.6,4.78,7.1,47.0,2,27,34,43
producer-1.pitur-265048.isolateedinburgh-pg0.utah.cloudlab.us,2025-08-12T23:52:32.386188532Z,1755042752386,49976,9989.2,4.76,6.5,43.0,2,25,31,37
producer-1.pitur-265048.isolateedinburgh-pg0.utah.cloudlab.us,2025-08-12T23:52:37.392106385Z,1755042757392,50163,10032.6,4.78,7.0,71.0,2,27,34,56
producer-1.pitur-265048.isolateedinburgh-pg0.utah.cloudlab.us,2025-08-12T23:52:42.400602404Z,1755042762400,50085,10013.0,4.77,6.8,45.0,2,26,31,40
producer-1.pitur-265048.isolateedinburgh-pg0.utah.cloudlab.us,2025-08-12T23:52:47.406590095Z,1755042767406,49946,9989.2,4.76,6.9,60.0,2,26,33,51
producer-1.pitur-265048.isolateedinburgh-pg0.utah.cloudlab.us,2025-08-12T23:52:52.413191820Z,1755042772413,50053,10008.6,4.77,7.2,54.0,2,27,35,48
producer-1.pitur-265048.isolateedinburgh-pg0.utah.cloudlab.us,2025-08-12T23:52:57.422561454Z,1755042777422,50166,10031.2,4.78,7.0,67.0,2,27,33,53
producer-1.pitur-265048.isolateedinburgh-pg0.utah.cloudlab.us,2025-08-12T23:53:02.429470469Z,1755042782429,50056,10011.2,4.77,6.9,68.0,2,26,34,58
producer-1.pitur-265048.isolateedinburgh-pg0.utah.cloudlab.us,2025-08-12T23:53:07.436686891Z,1755042787436,50122,10024.4,4.78,6.9,46.0,2,26,32,41
producer-1.pitur-265048.isolateedinburgh-pg0.utah.cloudlab.us,2025-08-12T23:53:12.442412647Z,1755042792442,50092,10018.4,4.78,7.3,47.0,2,28,35,42
producer-1.pitur-265048.isolateedinburgh-pg0.utah.cloudlab.us,2025-08-12T23:53:17.449189537Z,1755042797449,49962,9990.4,4.76,7.2,70.0,2,28,37,56
producer-1.pitur-265048.isolateedinburgh-pg0.utah.cloudlab.us,2025-08-12T23:53:22.456610458Z,1755042802456,50139,10027.8,4.78,7.3,108.0,2,27,37,95
producer-1.pitur-265048.isolateedinburgh-pg0.utah.cloudlab.us,2025-08-12T23:53:27.463648460Z,1755042807463,50096,10019.2,4.78,6.8,46.0,2,26,32,40
producer-1.pitur-265048.isolateedinburgh-pg0.utah.cloudlab.us,2025-08-12T23:53:32.470643592Z,1755042812470,50032,10006.4,4.77,6.8,54.0,2,26,31,45
producer-1.pitur-265048.isolateedinburgh-pg0.utah.cloudlab.us,2025-08-12T23:53:37.477801410Z,1755042817477,50053,10010.6,4.77,7.0,44.0,2,26,33,40
producer-1.pitur-265048.isolateedinburgh-pg0.utah.cloudlab.us,2025-08-12T23:53:42.484210880Z,1755042822484,50132,10026.4,4.78,7.1,52.0,2,26,33,48
producer-1.pitur-265048.isolateedinburgh-pg0.utah.cloudlab.us,2025-08-12T23:53:47.490612109Z,1755042827490,50034,10006.8,4.77,7.4,55.0,2,28,35,47
producer-1.pitur-265048.isolateedinburgh-pg0.utah.cloudlab.us,2025-08-12T23:53:52.497897006Z,1755042832497,50022,10004.4,4.77,6.9,67.0,2,26,34,56
producer-1.pitur-265048.isolateedinburgh-pg0.utah.cloudlab.us,2025-08-12T23:53:57.504590994Z,1755042837504,50089,10017.8,4.78,7.2,50.0,2,27,33,43
producer-1.pitur-265048.isolateedinburgh-pg0.utah.cloudlab.us,2025-08-12T23:54:02.512446996Z,1755042842512,50106,10019.2,4.78,7.2,48.0,2,27,35,43
producer-1.pitur-265048.isolateedinburgh-pg0.utah.cloudlab.us,2025-08-12T23:54:07.520054652Z,1755042847520,50020,10002.0,4.77,7.2,44.0,2,27,33,42
producer-1.pitur-265048.isolateedinburgh-pg0.utah.cloudlab.us,2025-08-12T23:54:12.527477100Z,1755042852527,50100,10018.0,4.78,7.0,47.0,2,27,35,42
producer-1.pitur-265048.isolateedinburgh-pg0.utah.cloudlab.us,2025-08-12T23:54:17.533503505Z,1755042857533,50087,10017.4,4.78,7.2,50.0,2,27,36,44
producer-1.pitur-265048.isolateedinburgh-pg0.utah.cloudlab.us,2025-08-12T23:54:22.540498066Z,1755042862540,50098,10019.6,4.78,7.1,71.0,2,27,36,57
producer-1.pitur-265048.isolateedinburgh-pg0.utah.cloudlab.us,2025-08-12T23:54:27.547025868Z,1755042867547,50074,10012.8,4.77,7.3,58.0,2,28,35,47
producer-1.pitur-265048.isolateedinburgh-pg0.utah.cloudlab.us,2025-08-12T23:54:32.554604877Z,1755042872554,50022,10002.4,4.77,6.9,61.0,2,27,35,52
producer-1.pitur-265048.isolateedinburgh-pg0.utah.cloudlab.us,2025-08-12T23:54:37.562110552Z,1755042877562,50035,10005.0,4.77,6.8,47.0,2,26,32,41
producer-1.pitur-265048.isolateedinburgh-pg0.utah.cloudlab.us,2025-08-12T23:54:42.569644441Z,1755042882569,50084,10014.8,4.78,6.8,54.0,2,26,33,43
producer-1.pitur-265048.isolateedinburgh-pg0.utah.cloudlab.us,2025-08-12T23:54:47.576037977Z,1755042887576,50090,10018.0,4.78,6.6,46.0,2,26,32,40
producer-1.pitur-265048.isolateedinburgh-pg0.utah.cloudlab.us,2025-08-12T23:54:52.582404262Z,1755042892582,50022,10004.4,4.77,6.7,46.0,2,26,33,43
producer-1.pitur-265048.isolateedinburgh-pg0.utah.cloudlab.us,2025-08-12T23:54:57.588553250Z,1755042897588,50127,10025.4,4.78,6.8,49.0,2,26,33,42
producer-1.pitur-265048.isolateedinburgh-pg0.utah.cloudlab.us,2025-08-12T23:55:02.595003030Z,1755042902594,50034,10006.8,4.77,6.8,89.0,2,26,33,77
producer-1.pitur-265048.isolateedinburgh-pg0.utah.cloudlab.us,2025-08-12T23:55:07.603903474Z,1755042907603,50059,10009.8,4.77,6.9,43.0,2,26,32,39
producer-1.pitur-265048.isolateedinburgh-pg0.utah.cloudlab.us,2025-08-12T23:55:12.613225843Z,1755042912613,50121,10020.2,4.78,7.0,58.0,2,27,36,46
producer-1.pitur-265048.isolateedinburgh-pg0.utah.cloudlab.us,2025-08-12T23:55:17.619234611Z,1755042917619,50093,10018.6,4.78,7.0,50.0,2,27,34,44
producer-1.pitur-265048.isolateedinburgh-pg0.utah.cloudlab.us,2025-08-12T23:55:22.626542532Z,1755042922626,49961,9992.2,4.76,6.9,48.0,2,27,34,44
producer-1.pitur-265048.isolateedinburgh-pg0.utah.cloudlab.us,2025-08-12T23:55:27.632843179Z,1755042927632,50046,10009.2,4.77,7.0,57.0,2,27,33,45
producer-1.pitur-265048.isolateedinburgh-pg0.utah.cloudlab.us,2025-08-12T23:55:32.639280587Z,1755042932639,50204,10038.8,4.79,7.1,65.0,2,27,35,55
producer-1.pitur-265048.isolateedinburgh-pg0.utah.cloudlab.us,2025-08-12T23:55:37.644464204Z,1755042937644,49973,9994.6,4.77,6.7,43.0,2,25,30,36
producer-1.pitur-265048.isolateedinburgh-pg0.utah.cloudlab.us,2025-08-12T23:55:42.652351705Z,1755042942652,50106,10021.2,4.78,7.0,52.0,2,26,32,42
producer-1.pitur-265048.isolateedinburgh-pg0.utah.cloudlab.us,2025-08-12T23:55:47.659377082Z,1755042947659,50063,10010.6,4.77,6.9,45.0,2,26,32,40
producer-1.pitur-265048.isolateedinburgh-pg0.utah.cloudlab.us,2025-08-12T23:55:52.665529542Z,1755042952665,50137,10027.4,4.78,6.6,45.0,2,26,33,40
producer-1.pitur-265048.isolateedinburgh-pg0.utah.cloudlab.us,2025-08-12T23:55:57.673583077Z,1755042957673,50068,10011.6,4.77,6.8,45.0,2,26,32,40
producer-1.pitur-265048.isolateedinburgh-pg0.utah.cloudlab.us,2025-08-12T23:56:02.679359689Z,1755042962679,49937,9987.4,4.76,6.9,45.0,2,26,33,40
producer-1.pitur-265048.isolateedinburgh-pg0.utah.cloudlab.us,2025-08-12T23:56:07.685996926Z,1755042967685,50170,10034.0,4.78,7.1,50.0,2,27,34,45
producer-1.pitur-265048.isolateedinburgh-pg0.utah.cloudlab.us,2025-08-12T23:56:12.692637423Z,1755042972692,50083,10016.6,4.78,6.9,62.0,2,26,33,49
producer-1.pitur-265048.isolateedinburgh-pg0.utah.cloudlab.us,2025-08-12T23:56:17.699509333Z,1755042977699,49999,9999.8,4.77,6.9,53.0,2,26,33,44
producer-1.pitur-265048.isolateedinburgh-pg0.utah.cloudlab.us,2025-08-12T23:56:22.707441950Z,1755042982707,50130,10026.0,4.78,7.0,52.0,2,27,33,42
producer-1.pitur-265048.isolateedinburgh-pg0.utah.cloudlab.us,2025-08-12T23:56:27.714418978Z,1755042987714,50027,10003.4,4.77,6.7,41.0,2,26,32,38
producer-1.pitur-265048.isolateedinburgh-pg0.utah.cloudlab.us,2025-08-12T23:56:32.721091620Z,1755042992721,50109,10021.8,4.78,7.1,59.0,2,27,33,45
producer-1.pitur-265048.isolateedinburgh-pg0.utah.cloudlab.us,2025-08-12T23:56:37.728109126Z,1755042997728,50024,10000.8,4.77,7.6,74.0,2,28,36,58
producer-1.pitur-265048.isolateedinburgh-pg0.utah.cloudlab.us,2025-08-12T23:56:42.733611243Z,1755043002733,50113,10022.6,4.78,7.1,48.0,2,27,34,41
producer-1.pitur-265048.isolateedinburgh-pg0.utah.cloudlab.us,2025-08-12T23:56:47.742052130Z,1755043007742,49953,9986.6,4.76,7.2,48.0,2,27,34,43
producer-1.pitur-265048.isolateedinburgh-pg0.utah.cloudlab.us,2025-08-12T23:56:52.749215454Z,1755043012749,50230,10046.0,4.79,7.1,61.0,2,27,36,51
producer-1.pitur-265048.isolateedinburgh-pg0.utah.cloudlab.us,2025-08-12T23:56:57.755304381Z,1755043017755,50035,10007.0,4.77,6.5,44.0,2,26,33,40
producer-1.pitur-265048.isolateedinburgh-pg0.utah.cloudlab.us,2025-08-12T23:57:02.762236648Z,1755043022762,49932,9984.4,4.76,7.0,78.0,2,27,34,67
producer-1.pitur-265048.isolateedinburgh-pg0.utah.cloudlab.us,2025-08-12T23:57:07.767285210Z,1755043027767,50154,10030.8,4.78,7.2,61.0,2,28,37,50
producer-1.pitur-265048.isolateedinburgh-pg0.utah.cloudlab.us,2025-08-12T23:57:12.772353168Z,1755043032772,50109,10021.8,4.78,7.0,46.0,2,26,33,39
producer-1.pitur-265048.isolateedinburgh-pg0.utah.cloudlab.us,2025-08-12T23:57:17.779394948Z,1755043037779,49992,9998.4,4.77,7.1,47.0,2,27,34,42
producer-1.pitur-265048.isolateedinburgh-pg0.utah.cloudlab.us,2025-08-12T23:57:22.786215854Z,1755043042786,50009,9999.8,4.77,7.0,43.0,2,26,33,40
producer-1.pitur-265048.isolateedinburgh-pg0.utah.cloudlab.us,2025-08-12T23:57:27.793777754Z,1755043047793,50151,10030.2,4.78,7.3,46.0,2,28,34,42
producer-1.pitur-265048.isolateedinburgh-pg0.utah.cloudlab.us,2025-08-12T23:57:32.796607106Z,1755043052796,50089,10017.8,4.78,7.5,49.0,2,29,37,44
producer-1.pitur-265048.isolateedinburgh-pg0.utah.cloudlab.us,2025-08-12T23:57:37.802068655Z,1755043057802,49966,9993.2,4.77,7.0,49.0,2,26,33,42
producer-1.pitur-265048.isolateedinburgh-pg0.utah.cloudlab.us,2025-08-12T23:57:42.804233516Z,1755043062804,50017,10003.4,4.77,7.2,46.0,2,27,35,42
producer-1.pitur-265048.isolateedinburgh-pg0.utah.cloudlab.us,2025-08-12T23:57:47.812271519Z,1755043067812,50104,10020.8,4.78,7.1,51.0,2,27,33,44
producer-1.pitur-265048.isolateedinburgh-pg0.utah.cloudlab.us,2025-08-12T23:57:52.819602952Z,1755043072819,50015,10001.0,4.77,7.3,50.0,2,27,35,44
producer-1.pitur-265048.isolateedinburgh-pg0.utah.cloudlab.us,2025-08-12T23:57:57.825100764Z,1755043077825,50151,10030.2,4.78,7.2,46.0,2,27,34,40
producer-1.pitur-265048.isolateedinburgh-pg0.utah.cloudlab.us,2025-08-12T23:58:02.830081500Z,1755043082830,50092,10018.4,4.78,7.2,48.0,2,27,35,42
producer-1.pitur-265048.isolateedinburgh-pg0.utah.cloudlab.us,2025-08-12T23:58:07.837591751Z,1755043087837,49975,9991.0,4.76,7.1,47.0,2,27,34,40
producer-1.pitur-265048.isolateedinburgh-pg0.utah.cloudlab.us,2025-08-12T23:58:12.844875342Z,1755043092844,50104,10020.8,4.78,7.3,67.0,2,27,37,61
producer-1.pitur-265048.isolateedinburgh-pg0.utah.cloudlab.us,2025-08-12T23:58:17.851847803Z,1755043097851,50042,10008.4,4.77,7.0,54.0,2,26,33,45
producer-1.pitur-265048.isolateedinburgh-pg0.utah.cloudlab.us,2025-08-12T23:58:22.857450475Z,1755043102857,50147,10029.4,4.78,7.1,62.0,2,27,34,49
producer-1.pitur-265048.isolateedinburgh-pg0.utah.cloudlab.us,2025-08-12T23:58:27.862242489Z,1755043107862,49976,9995.2,4.77,6.8,50.0,2,26,32,43
producer-1.pitur-265048.isolateedinburgh-pg0.utah.cloudlab.us,2025-08-12T23:58:32.869168132Z,1755043112869,50140,10024.0,4.78,7.1,61.0,2,26,34,50
producer-1.pitur-265048.isolateedinburgh-pg0.utah.cloudlab.us,2025-08-12T23:58:37.875700311Z,1755043117875,49945,9987.0,4.76,7.3,48.0,2,28,36,45
producer-1.pitur-265048.isolateedinburgh-pg0.utah.cloudlab.us,2025-08-12T23:58:42.883020545Z,1755043122883,50100,10018.0,4.78,7.1,52.0,2,26,34,45
producer-1.pitur-265048.isolateedinburgh-pg0.utah.cloudlab.us,2025-08-12T23:58:47.890110437Z,1755043127890,50172,10034.4,4.78,7.2,60.0,2,27,34,46
producer-1.pitur-265048.isolateedinburgh-pg0.utah.cloudlab.us,2025-08-12T23:58:52.897217942Z,1755043132897,50070,10014.0,4.78,6.9,47.0,2,26,34,42
producer-1.pitur-265048.isolateedinburgh-pg0.utah.cloudlab.us,2025-08-12T23:58:57.902366971Z,1755043137902,49918,9981.6,4.76,6.7,67.0,2,26,32,53
producer-1.pitur-265048.isolateedinburgh-pg0.utah.cloudlab.us,2025-08-12T23:59:02.908579893Z,1755043142908,50197,10039.4,4.79,7.0,41.0,2,26,32,39
producer-1.pitur-265048.isolateedinburgh-pg0.utah.cloudlab.us,2025-08-12T23:59:07.913038702Z,1755043147913,49990,9998.0,4.77,6.6,54.0,2,25,32,45
producer-1.pitur-265048.isolateedinburgh-pg0.utah.cloudlab.us,2025-08-12T23:59:12.920169511Z,1755043152920,50118,10021.6,4.78,7.3,70.0,2,27,37,61
producer-1.pitur-265048.isolateedinburgh-pg0.utah.cloudlab.us,2025-08-12T23:59:17.928397588Z,1755043157928,50084,10016.8,4.78,6.9,42.0,2,26,32,39
producer-1.pitur-265048.isolateedinburgh-pg0.utah.cloudlab.us,2025-08-12T23:59:22.934930432Z,1755043162934,50043,10008.6,4.77,6.7,40.0,2,26,32,37
producer-1.pitur-265048.isolateedinburgh-pg0.utah.cloudlab.us,2025-08-12T23:59:27.941380912Z,1755043167941,50087,10017.4,4.78,6.9,42.0,2,26,33,40
producer-1.pitur-265048.isolateedinburgh-pg0.utah.cloudlab.us,2025-08-12T23:59:32.947589943Z,1755043172947,49987,9997.4,4.77,7.1,47.0,2,27,34,43
producer-1.pitur-265048.isolateedinburgh-pg0.utah.cloudlab.us,2025-08-12T23:59:37.953392753Z,1755043177953,50124,10024.8,4.78,7.2,54.0,2,27,35,49
producer-1.pitur-265048.isolateedinburgh-pg0.utah.cloudlab.us,2025-08-12T23:59:42.960897789Z,1755043182960,50080,10016.0,4.78,6.9,46.0,2,26,33,39
producer-1.pitur-265048.isolateedinburgh-pg0.utah.cloudlab.us,2025-08-12T23:59:47.967460478Z,1755043187967,49972,9994.4,4.77,7.1,67.0,2,27,34,55
producer-1.pitur-265048.isolateedinburgh-pg0.utah.cloudlab.us,2025-08-12T23:59:52.973883033Z,1755043192973,50072,10014.4,4.78,6.7,46.0,2,26,32,39
producer-1.pitur-265048.isolateedinburgh-pg0.utah.cloudlab.us,2025-08-12T23:59:57.980789638Z,1755043197980,50123,10024.6,4.78,7.0,50.0,2,26,32,40
producer-1.pitur-265048.isolateedinburgh-pg0.utah.cloudlab.us,2025-08-13T00:00:02.986137240Z,1755043202986,50087,10017.4,4.78,7.1,50.0,2,27,34,43
producer-1.pitur-265048.isolateedinburgh-pg0.utah.cloudlab.us,2025-08-13T00:00:07.991421877Z,1755043207991,50016,10003.2,4.77,7.0,54.0,2,27,34,46
producer-1.pitur-265048.isolateedinburgh-pg0.utah.cloudlab.us,2025-08-13T00:00:12.999317190Z,1755043212999,50062,10010.4,4.77,7.3,56.0,2,27,35,45
producer-1.pitur-265048.isolateedinburgh-pg0.utah.cloudlab.us,2025-08-13T00:00:18.007182822Z,1755043218007,50090,10016.0,4.78,6.9,62.0,2,26,33,50
producer-1.pitur-265048.isolateedinburgh-pg0.utah.cloudlab.us,2025-08-13T00:00:23.013026349Z,1755043223013,50027,10005.4,4.77,7.0,53.0,2,26,33,41
producer-1.pitur-265048.isolateedinburgh-pg0.utah.cloudlab.us,2025-08-13T00:00:28.019203341Z,1755043228019,50088,10015.6,4.78,6.8,45.0,2,26,32,40
producer-1.pitur-265048.isolateedinburgh-pg0.utah.cloudlab.us,2025-08-13T00:00:33.025574830Z,1755043233025,50098,10019.6,4.78,7.1,71.0,2,27,35,59
producer-1.pitur-265048.isolateedinburgh-pg0.utah.cloudlab.us,2025-08-13T00:00:38.031205377Z,1755043238031,50031,10006.2,4.77,6.7,47.0,2,26,32,42
producer-1.pitur-265048.isolateedinburgh-pg0.utah.cloudlab.us,2025-08-13T00:00:43.037612588Z,1755043243037,50100,10018.0,4.78,7.2,58.0,2,27,35,50
producer-1.pitur-265048.isolateedinburgh-pg0.utah.cloudlab.us,2025-08-13T00:00:48.044582966Z,1755043248044,49965,9993.0,4.77,7.4,67.0,2,28,35,59
producer-1.pitur-265048.isolateedinburgh-pg0.utah.cloudlab.us,2025-08-13T00:00:53.051266292Z,1755043253051,50145,10027.0,4.78,7.2,61.0,2,27,35,54
producer-1.pitur-265048.isolateedinburgh-pg0.utah.cloudlab.us,2025-08-13T00:00:58.057441009Z,1755043258057,50026,10005.2,4.77,6.7,46.0,2,26,32,38
producer-1.pitur-265048.isolateedinburgh-pg0.utah.cloudlab.us,2025-08-13T00:01:03.063443681Z,1755043263063,50063,10012.6,4.77,7.2,51.0,2,27,34,43
producer-1.pitur-265048.isolateedinburgh-pg0.utah.cloudlab.us,2025-08-13T00:01:08.071400376Z,1755043268071,50020,9998.0,4.77,6.9,62.0,2,26,33,47
producer-1.pitur-265048.isolateedinburgh-pg0.utah.cloudlab.us,2025-08-13T00:01:13.076781052Z,1755043273076,50088,10017.6,4.78,7.5,54.0,2,28,36,45
producer-1.pitur-265048.isolateedinburgh-pg0.utah.cloudlab.us,2025-08-13T00:01:18.083622670Z,1755043278083,50073,10014.6,4.78,7.0,54.0,2,27,35,48
producer-1.pitur-265048.isolateedinburgh-pg0.utah.cloudlab.us,2025-08-13T00:01:23.090550620Z,1755043283090,50150,10030.0,4.78,6.8,45.0,2,26,32,42
producer-1.pitur-265048.isolateedinburgh-pg0.utah.cloudlab.us,2025-08-13T00:01:28.098123159Z,1755043288098,49997,9997.4,4.77,6.6,47.0,2,26,31,39
producer-1.pitur-265048.isolateedinburgh-pg0.utah.cloudlab.us,2025-08-13T00:01:33.104847324Z,1755043293104,50092,10018.4,4.78,7.3,52.0,2,27,35,45
producer-1.pitur-265048.isolateedinburgh-pg0.utah.cloudlab.us,2025-08-13T00:01:38.110310931Z,1755043298110,50104,10020.8,4.78,7.1,43.0,2,27,33,39
producer-1.pitur-265048.isolateedinburgh-pg0.utah.cloudlab.us,2025-08-13T00:01:43.116497123Z,1755043303116,50071,10014.2,4.78,7.2,46.0,2,28,35,42
producer-1.pitur-265048.isolateedinburgh-pg0.utah.cloudlab.us,2025-08-13T00:01:48.124364665Z,1755043308124,50074,10014.8,4.78,7.3,70.0,2,28,37,57
producer-1.pitur-265048.isolateedinburgh-pg0.utah.cloudlab.us,2025-08-13T00:01:53.130283174Z,1755043313130,50037,10007.4,4.77,7.4,81.0,2,28,36,68
producer-1.pitur-265048.isolateedinburgh-pg0.utah.cloudlab.us,2025-08-13T00:01:58.137999865Z,1755043318137,50036,10007.2,4.77,7.1,46.0,2,27,33,41
producer-1.pitur-265048.isolateedinburgh-pg0.utah.cloudlab.us,2025-08-13T00:02:03.143799873Z,1755043323143,50129,10025.8,4.78,7.2,50.0,2,27,35,44
producer-1.pitur-265048.isolateedinburgh-pg0.utah.cloudlab.us,2025-08-13T00:02:08.149693723Z,1755043328149,50060,10012.0,4.77,7.2,42.0,2,27,34,38
producer-1.pitur-265048.isolateedinburgh-pg0.utah.cloudlab.us,2025-08-13T00:02:13.156529940Z,1755043333156,49906,9981.2,4.76,7.3,43.0,2,28,34,40
producer-1.pitur-265048.isolateedinburgh-pg0.utah.cloudlab.us,2025-08-13T00:02:18.163075443Z,1755043338163,50223,10044.6,4.79,7.2,62.0,2,27,35,50
producer-1.pitur-265048.isolateedinburgh-pg0.utah.cloudlab.us,2025-08-13T00:02:23.169097443Z,1755043343169,50061,10012.2,4.77,7.6,79.0,2,28,36,63
producer-1.pitur-265048.isolateedinburgh-pg0.utah.cloudlab.us,2025-08-13T00:02:28.175460397Z,1755043348175,49960,9992.0,4.76,6.9,48.0,2,26,32,40
producer-1.pitur-265048.isolateedinburgh-pg0.utah.cloudlab.us,2025-08-13T00:02:33.182368443Z,1755043353182,50169,10031.8,4.78,6.8,45.0,2,26,32,40
producer-1.pitur-265048.isolateedinburgh-pg0.utah.cloudlab.us,2025-08-13T00:02:38.188110740Z,1755043358188,50048,10009.6,4.77,6.9,49.0,2,26,32,40
producer-1.pitur-265048.isolateedinburgh-pg0.utah.cloudlab.us,2025-08-13T00:02:43.196163126Z,1755043363196,50091,10016.2,4.78,7.1,58.0,2,26,34,46
producer-1.pitur-265048.isolateedinburgh-pg0.utah.cloudlab.us,2025-08-13T00:02:48.204761069Z,1755043368204,50028,10005.6,4.77,6.9,61.0,2,26,35,51
producer-1.pitur-265048.isolateedinburgh-pg0.utah.cloudlab.us,2025-08-13T00:02:53.212234559Z,1755043373212,50008,9999.6,4.77,6.9,58.0,2,26,33,45
producer-1.pitur-265048.isolateedinburgh-pg0.utah.cloudlab.us,2025-08-13T00:02:58.218579282Z,1755043378218,50135,10027.0,4.78,7.0,46.0,2,26,33,40
producer-1.pitur-265048.isolateedinburgh-pg0.utah.cloudlab.us,2025-08-13T00:03:03.225029697Z,1755043383225,50061,10012.2,4.77,6.9,54.0,2,26,34,44
producer-1.pitur-265048.isolateedinburgh-pg0.utah.cloudlab.us,2025-08-13T00:03:08.231931163Z,1755043388231,50021,10004.2,4.77,7.2,58.0,2,27,35,51
producer-1.pitur-265048.isolateedinburgh-pg0.utah.cloudlab.us,2025-08-13T00:03:13.237017583Z,1755043393237,50150,10030.0,4.78,6.7,38.0,2,26,30,35
