hostname,timestamp_iso,timestamp_ms,records_sent,recs_per_sec,mb_per_sec,avg_latency,max_latency,p50,p95,p99,p999
producer-1.pitur-265048.isolateedinburgh-pg0.utah.cloudlab.us,2025-08-12T23:11:33.261518639Z,1755040293261,49962,9992.4,4.76,8.9,561.0,2,64,81,88
producer-1.pitur-265048.isolateedinburgh-pg0.utah.cloudlab.us,2025-08-12T23:11:38.291238547Z,1755040298291,50305,10061.0,4.80,2.5,39.0,1,7,12,36
producer-1.pitur-265048.isolateedinburgh-pg0.utah.cloudlab.us,2025-08-12T23:11:43.306251908Z,1755040303306,50143,10028.6,4.78,2.1,25.0,1,7,10,22
producer-1.pitur-265048.isolateedinburgh-pg0.utah.cloudlab.us,2025-08-12T23:11:48.314275303Z,1755040308314,50082,10016.4,4.78,2.3,18.0,1,7,9,16
producer-1.pitur-265048.isolateedinburgh-pg0.utah.cloudlab.us,2025-08-12T23:11:53.321055556Z,1755040313321,50056,10011.2,4.77,2.3,19.0,1,7,8,14
producer-1.pitur-265048.isolateedinburgh-pg0.utah.cloudlab.us,2025-08-12T23:11:58.327398626Z,1755040318327,50084,10016.8,4.78,2.1,23.0,1,6,9,16
producer-1.pitur-265048.isolateedinburgh-pg0.utah.cloudlab.us,2025-08-12T23:12:03.336382190Z,1755040323336,50055,10011.0,4.77,2.3,19.0,1,7,9,15
producer-1.pitur-265048.isolateedinburgh-pg0.utah.cloudlab.us,2025-08-12T23:12:08.357189756Z,1755040328357,50064,9986.8,4.76,2.8,88.0,1,7,28,74
producer-1.pitur-265048.isolateedinburgh-pg0.utah.cloudlab.us,2025-08-12T23:12:13.362090609Z,1755040333362,50212,10042.4,4.79,2.4,53.0,1,7,9,41
producer-1.pitur-265048.isolateedinburgh-pg0.utah.cloudlab.us,2025-08-12T23:12:18.367417782Z,1755040338367,50061,10012.2,4.77,2.3,21.0,1,7,9,16
producer-1.pitur-265048.isolateedinburgh-pg0.utah.cloudlab.us,2025-08-12T23:12:23.374829176Z,1755040343374,50078,10013.6,4.77,2.4,19.0,1,7,9,15
producer-1.pitur-265048.isolateedinburgh-pg0.utah.cloudlab.us,2025-08-12T23:12:28.381038470Z,1755040348381,50074,10014.8,4.78,2.3,18.0,1,7,9,15
producer-1.pitur-265048.isolateedinburgh-pg0.utah.cloudlab.us,2025-08-12T23:12:33.388184440Z,1755040353388,50031,10006.2,4.77,2.3,20.0,1,7,9,15
producer-1.pitur-265048.isolateedinburgh-pg0.utah.cloudlab.us,2025-08-12T23:12:38.395650559Z,1755040358395,50088,10017.6,4.78,2.5,79.0,1,7,11,67
producer-1.pitur-265048.isolateedinburgh-pg0.utah.cloudlab.us,2025-08-12T23:12:43.400983424Z,1755040363400,50067,10013.4,4.77,2.7,87.0,1,7,14,76
producer-1.pitur-265048.isolateedinburgh-pg0.utah.cloudlab.us,2025-08-12T23:12:48.407774039Z,1755040368407,50064,10012.8,4.77,2.2,19.0,1,7,9,14
producer-1.pitur-265048.isolateedinburgh-pg0.utah.cloudlab.us,2025-08-12T23:12:53.413562085Z,1755040373413,50054,10010.8,4.77,2.2,19.0,1,6,8,15
producer-1.pitur-265048.isolateedinburgh-pg0.utah.cloudlab.us,2025-08-12T23:12:58.421165745Z,1755040378421,50059,10011.8,4.77,2.3,18.0,1,7,10,16
producer-1.pitur-265048.isolateedinburgh-pg0.utah.cloudlab.us,2025-08-12T23:13:03.426463648Z,1755040383426,50074,10014.8,4.78,2.2,16.0,1,6,8,13
producer-1.pitur-265048.isolateedinburgh-pg0.utah.cloudlab.us,2025-08-12T23:13:08.434491531Z,1755040388434,50088,10017.6,4.78,2.4,83.0,1,7,11,69
producer-1.pitur-265048.isolateedinburgh-pg0.utah.cloudlab.us,2025-08-12T23:13:13.439759603Z,1755040393439,50036,10007.2,4.77,2.3,69.0,1,7,10,55
producer-1.pitur-265048.isolateedinburgh-pg0.utah.cloudlab.us,2025-08-12T23:13:18.446338577Z,1755040398446,50091,10018.2,4.78,2.3,18.0,1,7,9,16
producer-1.pitur-265048.isolateedinburgh-pg0.utah.cloudlab.us,2025-08-12T23:13:23.453337439Z,1755040403453,50063,10012.6,4.77,2.3,31.0,1,7,9,19
producer-1.pitur-265048.isolateedinburgh-pg0.utah.cloudlab.us,2025-08-12T23:13:28.462868189Z,1755040408462,50084,10016.8,4.78,2.2,18.0,1,7,9,15
producer-1.pitur-265048.isolateedinburgh-pg0.utah.cloudlab.us,2025-08-12T23:13:33.471188909Z,1755040413471,50060,10008.0,4.77,2.2,21.0,1,7,9,16
producer-1.pitur-265048.isolateedinburgh-pg0.utah.cloudlab.us,2025-08-12T23:13:38.478266639Z,1755040418478,50104,10020.8,4.78,2.4,38.0,1,7,10,26
producer-1.pitur-265048.isolateedinburgh-pg0.utah.cloudlab.us,2025-08-12T23:13:43.483452113Z,1755040423483,50043,10006.6,4.77,2.3,78.0,1,7,12,62
producer-1.pitur-265048.isolateedinburgh-pg0.utah.cloudlab.us,2025-08-12T23:13:48.489496318Z,1755040428489,50048,10009.6,4.77,2.4,20.0,1,7,9,16
producer-1.pitur-265048.isolateedinburgh-pg0.utah.cloudlab.us,2025-08-12T23:13:53.496462077Z,1755040433496,50081,10016.2,4.78,2.3,22.0,1,7,9,16
producer-1.pitur-265048.isolateedinburgh-pg0.utah.cloudlab.us,2025-08-12T23:13:58.502189323Z,1755040438502,50044,10008.8,4.77,2.2,18.0,1,7,8,14
producer-1.pitur-265048.isolateedinburgh-pg0.utah.cloudlab.us,2025-08-12T23:14:03.508831598Z,1755040443508,50080,10016.0,4.78,2.2,21.0,1,7,9,16
producer-1.pitur-265048.isolateedinburgh-pg0.utah.cloudlab.us,2025-08-12T23:14:08.516407703Z,1755040448516,50090,10018.0,4.78,2.4,49.0,1,7,10,35
producer-1.pitur-265048.isolateedinburgh-pg0.utah.cloudlab.us,2025-08-12T23:14:13.521449201Z,1755040453521,49954,9990.8,4.76,2.3,60.0,1,7,10,49
producer-1.pitur-265048.isolateedinburgh-pg0.utah.cloudlab.us,2025-08-12T23:14:18.526282012Z,1755040458526,50123,10024.6,4.78,2.4,78.0,1,7,10,64
producer-1.pitur-265048.isolateedinburgh-pg0.utah.cloudlab.us,2025-08-12T23:14:23.532333952Z,1755040463532,50067,10013.4,4.77,2.3,18.0,1,7,10,15
producer-1.pitur-265048.isolateedinburgh-pg0.utah.cloudlab.us,2025-08-12T23:14:28.539454733Z,1755040468539,50057,10009.4,4.77,2.4,21.0,1,7,9,16
producer-1.pitur-265048.isolateedinburgh-pg0.utah.cloudlab.us,2025-08-12T23:14:33.547401067Z,1755040473547,50089,10017.8,4.78,2.4,26.0,1,7,10,20
producer-1.pitur-265048.isolateedinburgh-pg0.utah.cloudlab.us,2025-08-12T23:14:38.555298255Z,1755040478555,50068,10013.6,4.77,2.6,66.0,1,7,11,54
producer-1.pitur-265048.isolateedinburgh-pg0.utah.cloudlab.us,2025-08-12T23:14:43.559679562Z,1755040483559,50069,10013.8,4.77,2.3,63.0,1,7,10,50
producer-1.pitur-265048.isolateedinburgh-pg0.utah.cloudlab.us,2025-08-12T23:14:48.564448709Z,1755040488564,50039,10007.8,4.77,2.5,76.0,1,7,11,62
producer-1.pitur-265048.isolateedinburgh-pg0.utah.cloudlab.us,2025-08-12T23:14:53.570223819Z,1755040493570,50053,10008.6,4.77,2.2,24.0,1,7,9,15
producer-1.pitur-265048.isolateedinburgh-pg0.utah.cloudlab.us,2025-08-12T23:14:58.577005543Z,1755040498576,50062,10012.4,4.77,2.2,19.0,1,7,9,15
producer-1.pitur-265048.isolateedinburgh-pg0.utah.cloudlab.us,2025-08-12T23:15:03.583203608Z,1755040503583,50077,10015.4,4.78,2.1,21.0,1,6,8,17
producer-1.pitur-265048.isolateedinburgh-pg0.utah.cloudlab.us,2025-08-12T23:15:08.591929546Z,1755040508591,50069,10011.8,4.77,2.5,88.0,1,7,13,76
producer-1.pitur-265048.isolateedinburgh-pg0.utah.cloudlab.us,2025-08-12T23:15:13.596911698Z,1755040513596,50056,10011.2,4.77,2.3,23.0,1,7,9,15
producer-1.pitur-265048.isolateedinburgh-pg0.utah.cloudlab.us,2025-08-12T23:15:18.602080689Z,1755040518602,50056,10011.2,4.77,2.5,81.0,1,7,11,68
producer-1.pitur-265048.isolateedinburgh-pg0.utah.cloudlab.us,2025-08-12T23:15:23.609708291Z,1755040523609,50088,10015.6,4.78,2.3,45.0,1,7,10,32
producer-1.pitur-265048.isolateedinburgh-pg0.utah.cloudlab.us,2025-08-12T23:15:28.616221804Z,1755040528616,50060,10010.0,4.77,2.3,19.0,1,6,8,14
producer-1.pitur-265048.isolateedinburgh-pg0.utah.cloudlab.us,2025-08-12T23:15:33.622376992Z,1755040533622,50052,10010.4,4.77,2.4,15.0,1,7,9,12
producer-1.pitur-265048.isolateedinburgh-pg0.utah.cloudlab.us,2025-08-12T23:15:38.632418168Z,1755040538632,50103,10018.6,4.78,2.3,23.0,1,7,9,16
producer-1.pitur-265048.isolateedinburgh-pg0.utah.cloudlab.us,2025-08-12T23:15:43.640996241Z,1755040543640,50094,10016.8,4.78,2.3,59.0,1,6,9,46
producer-1.pitur-265048.isolateedinburgh-pg0.utah.cloudlab.us,2025-08-12T23:15:48.645397122Z,1755040548645,50057,10011.4,4.77,2.3,57.0,1,7,9,47
producer-1.pitur-265048.isolateedinburgh-pg0.utah.cloudlab.us,2025-08-12T23:15:53.650090750Z,1755040553650,50023,10004.6,4.77,2.2,20.0,1,7,8,15
producer-1.pitur-265048.isolateedinburgh-pg0.utah.cloudlab.us,2025-08-12T23:15:58.655483900Z,1755040558655,50055,10011.0,4.77,2.2,48.0,1,7,8,34
producer-1.pitur-265048.isolateedinburgh-pg0.utah.cloudlab.us,2025-08-12T23:16:03.661252248Z,1755040563661,50061,10012.2,4.77,2.2,17.0,1,7,8,14
producer-1.pitur-265048.isolateedinburgh-pg0.utah.cloudlab.us,2025-08-12T23:16:08.668182783Z,1755040568668,50074,10014.8,4.78,2.2,21.0,1,7,8,16
producer-1.pitur-265048.isolateedinburgh-pg0.utah.cloudlab.us,2025-08-12T23:16:13.672784312Z,1755040573672,50051,10010.2,4.77,2.2,46.0,1,6,8,35
producer-1.pitur-265048.isolateedinburgh-pg0.utah.cloudlab.us,2025-08-12T23:16:18.678182836Z,1755040578678,50054,10008.8,4.77,2.3,38.0,1,7,9,27
producer-1.pitur-265048.isolateedinburgh-pg0.utah.cloudlab.us,2025-08-12T23:16:23.684091747Z,1755040583684,50049,10007.8,4.77,2.4,41.0,1,7,10,28
producer-1.pitur-265048.isolateedinburgh-pg0.utah.cloudlab.us,2025-08-12T23:16:28.691618130Z,1755040588691,50056,10011.2,4.77,2.3,23.0,1,7,8,15
producer-1.pitur-265048.isolateedinburgh-pg0.utah.cloudlab.us,2025-08-12T23:16:33.699092236Z,1755040593699,50092,10018.4,4.78,2.3,24.0,1,7,8,15
producer-1.pitur-265048.isolateedinburgh-pg0.utah.cloudlab.us,2025-08-12T23:16:38.706128385Z,1755040598706,50041,10008.2,4.77,2.3,24.0,1,7,8,19
producer-1.pitur-265048.isolateedinburgh-pg0.utah.cloudlab.us,2025-08-12T23:16:43.709471349Z,1755040603709,50079,10015.8,4.78,2.1,21.0,1,6,8,14
producer-1.pitur-265048.isolateedinburgh-pg0.utah.cloudlab.us,2025-08-12T23:16:48.715878957Z,1755040608715,50059,10009.8,4.77,2.5,75.0,1,7,9,61
producer-1.pitur-265048.isolateedinburgh-pg0.utah.cloudlab.us,2025-08-12T23:16:53.721914623Z,1755040613721,50030,10004.0,4.77,2.3,22.0,1,7,9,14
producer-1.pitur-265048.isolateedinburgh-pg0.utah.cloudlab.us,2025-08-12T23:16:58.728532991Z,1755040618728,50083,10014.6,4.78,2.1,21.0,1,6,8,14
producer-1.pitur-265048.isolateedinburgh-pg0.utah.cloudlab.us,2025-08-12T23:17:03.735309819Z,1755040623735,50058,10009.6,4.77,2.2,17.0,1,7,8,13
producer-1.pitur-265048.isolateedinburgh-pg0.utah.cloudlab.us,2025-08-12T23:17:08.744895825Z,1755040628744,50092,10018.4,4.78,2.2,23.0,1,6,8,16
producer-1.pitur-265048.isolateedinburgh-pg0.utah.cloudlab.us,2025-08-12T23:17:13.752282986Z,1755040633752,50090,10018.0,4.78,2.3,25.0,1,7,9,19
producer-1.pitur-265048.isolateedinburgh-pg0.utah.cloudlab.us,2025-08-12T23:17:18.756879160Z,1755040638756,50046,10009.2,4.77,2.4,16.0,1,7,8,13
producer-1.pitur-265048.isolateedinburgh-pg0.utah.cloudlab.us,2025-08-12T23:17:23.761123045Z,1755040643761,50048,10009.6,4.77,2.2,27.0,1,7,8,19
producer-1.pitur-265048.isolateedinburgh-pg0.utah.cloudlab.us,2025-08-12T23:17:28.766010178Z,1755040648766,50048,10009.6,4.77,2.4,15.0,1,7,9,12
producer-1.pitur-265048.isolateedinburgh-pg0.utah.cloudlab.us,2025-08-12T23:17:33.771134674Z,1755040653771,50041,10008.2,4.77,2.6,60.0,1,7,10,49
producer-1.pitur-265048.isolateedinburgh-pg0.utah.cloudlab.us,2025-08-12T23:17:38.776085465Z,1755040658776,50069,10013.8,4.77,2.4,16.0,1,7,10,13
producer-1.pitur-265048.isolateedinburgh-pg0.utah.cloudlab.us,2025-08-12T23:17:43.783241720Z,1755040663783,50061,10012.2,4.77,2.2,14.0,1,6,8,12
producer-1.pitur-265048.isolateedinburgh-pg0.utah.cloudlab.us,2025-08-12T23:17:48.790402325Z,1755040668790,50064,10012.8,4.77,2.3,21.0,1,7,8,16
producer-1.pitur-265048.isolateedinburgh-pg0.utah.cloudlab.us,2025-08-12T23:17:53.794343270Z,1755040673794,50052,10010.4,4.77,2.3,36.0,1,7,8,22
producer-1.pitur-265048.isolateedinburgh-pg0.utah.cloudlab.us,2025-08-12T23:17:58.800714946Z,1755040678800,50067,10011.4,4.77,2.2,16.0,1,7,8,12
producer-1.pitur-265048.isolateedinburgh-pg0.utah.cloudlab.us,2025-08-12T23:18:03.806753400Z,1755040683806,50061,10012.2,4.77,2.4,74.0,1,7,9,61
producer-1.pitur-265048.isolateedinburgh-pg0.utah.cloudlab.us,2025-08-12T23:18:08.812019059Z,1755040688812,50050,10010.0,4.77,2.3,15.0,1,7,8,11
producer-1.pitur-265048.isolateedinburgh-pg0.utah.cloudlab.us,2025-08-12T23:18:13.818230914Z,1755040693818,50054,10010.8,4.77,2.3,13.0,1,7,9,11
producer-1.pitur-265048.isolateedinburgh-pg0.utah.cloudlab.us,2025-08-12T23:18:18.825179744Z,1755040698825,50063,10012.6,4.77,2.2,24.0,1,7,8,13
producer-1.pitur-265048.isolateedinburgh-pg0.utah.cloudlab.us,2025-08-12T23:18:23.833111879Z,1755040703833,50078,10013.6,4.77,2.3,23.0,1,7,9,17
producer-1.pitur-265048.isolateedinburgh-pg0.utah.cloudlab.us,2025-08-12T23:18:28.837556804Z,1755040708837,50065,10013.0,4.77,1.8,15.0,1,6,7,12
producer-1.pitur-265048.isolateedinburgh-pg0.utah.cloudlab.us,2025-08-12T23:18:33.843753550Z,1755040713843,50050,10008.0,4.77,1.9,13.0,1,6,8,11
producer-1.pitur-265048.isolateedinburgh-pg0.utah.cloudlab.us,2025-08-12T23:18:38.849576510Z,1755040718849,50057,10011.4,4.77,2.4,16.0,1,7,9,12
producer-1.pitur-265048.isolateedinburgh-pg0.utah.cloudlab.us,2025-08-12T23:18:43.855176658Z,1755040723855,50064,10012.8,4.77,2.4,23.0,1,7,9,14
producer-1.pitur-265048.isolateedinburgh-pg0.utah.cloudlab.us,2025-08-12T23:18:48.862140226Z,1755040728862,50070,10014.0,4.78,2.2,15.0,1,6,8,12
producer-1.pitur-265048.isolateedinburgh-pg0.utah.cloudlab.us,2025-08-12T23:18:53.870217544Z,1755040733870,50092,10018.4,4.78,2.3,23.0,1,7,8,15
producer-1.pitur-265048.isolateedinburgh-pg0.utah.cloudlab.us,2025-08-12T23:18:58.876510121Z,1755040738876,50047,10007.4,4.77,2.3,17.0,1,7,8,12
producer-1.pitur-265048.isolateedinburgh-pg0.utah.cloudlab.us,2025-08-12T23:19:03.881130698Z,1755040743881,50029,10005.8,4.77,2.2,19.0,1,7,8,14
producer-1.pitur-265048.isolateedinburgh-pg0.utah.cloudlab.us,2025-08-12T23:19:08.887266655Z,1755040748887,50081,10016.2,4.78,2.3,18.0,1,7,8,13
producer-1.pitur-265048.isolateedinburgh-pg0.utah.cloudlab.us,2025-08-12T23:19:13.894697604Z,1755040753894,50056,10011.2,4.77,2.3,19.0,1,7,8,12
producer-1.pitur-265048.isolateedinburgh-pg0.utah.cloudlab.us,2025-08-12T23:19:18.900126484Z,1755040758900,50079,10015.8,4.78,2.3,18.0,1,6,8,13
producer-1.pitur-265048.isolateedinburgh-pg0.utah.cloudlab.us,2025-08-12T23:19:23.906156892Z,1755040763906,50055,10011.0,4.77,2.2,16.0,1,6,8,12
producer-1.pitur-265048.isolateedinburgh-pg0.utah.cloudlab.us,2025-08-12T23:19:28.916034638Z,1755040768916,50100,10018.0,4.78,2.4,75.0,1,7,9,61
producer-1.pitur-265048.isolateedinburgh-pg0.utah.cloudlab.us,2025-08-12T23:19:33.920364264Z,1755040773920,50034,10006.8,4.77,2.2,21.0,1,7,8,11
producer-1.pitur-265048.isolateedinburgh-pg0.utah.cloudlab.us,2025-08-12T23:19:38.925095978Z,1755040778925,50056,10011.2,4.77,2.1,16.0,1,6,8,12
producer-1.pitur-265048.isolateedinburgh-pg0.utah.cloudlab.us,2025-08-12T23:19:43.932820707Z,1755040783932,50070,10014.0,4.78,2.2,15.0,1,7,8,13
producer-1.pitur-265048.isolateedinburgh-pg0.utah.cloudlab.us,2025-08-12T23:19:48.940518890Z,1755040788940,50080,10014.0,4.78,2.3,17.0,1,7,8,13
producer-1.pitur-265048.isolateedinburgh-pg0.utah.cloudlab.us,2025-08-12T23:19:53.953259993Z,1755040793953,49945,9981.0,4.76,2.5,65.0,1,7,9,58
producer-1.pitur-265048.isolateedinburgh-pg0.utah.cloudlab.us,2025-08-12T23:19:58.957596167Z,1755040798957,50221,10044.2,4.79,2.5,73.0,1,7,9,61
producer-1.pitur-265048.isolateedinburgh-pg0.utah.cloudlab.us,2025-08-12T23:20:03.962710847Z,1755040803962,50033,10006.6,4.77,2.3,20.0,1,7,8,12
producer-1.pitur-265048.isolateedinburgh-pg0.utah.cloudlab.us,2025-08-12T23:20:08.967697400Z,1755040808967,50077,10015.4,4.78,2.1,19.0,1,6,8,13
producer-1.pitur-265048.isolateedinburgh-pg0.utah.cloudlab.us,2025-08-12T23:20:13.973015652Z,1755040813973,50047,10009.4,4.77,1.9,14.0,1,6,7,12
producer-1.pitur-265048.isolateedinburgh-pg0.utah.cloudlab.us,2025-08-12T23:20:18.978259441Z,1755040818978,50065,10013.0,4.77,2.3,15.0,1,6,8,12
producer-1.pitur-265048.isolateedinburgh-pg0.utah.cloudlab.us,2025-08-12T23:20:23.985103561Z,1755040823985,50054,10008.8,4.77,2.2,60.0,1,6,8,49
producer-1.pitur-265048.isolateedinburgh-pg0.utah.cloudlab.us,2025-08-12T23:20:28.992289156Z,1755040828992,50078,10015.6,4.78,2.4,23.0,1,7,10,19
producer-1.pitur-265048.isolateedinburgh-pg0.utah.cloudlab.us,2025-08-12T23:20:33.997350046Z,1755040833997,50060,10010.0,4.77,2.3,14.0,1,7,8,12
producer-1.pitur-265048.isolateedinburgh-pg0.utah.cloudlab.us,2025-08-12T23:20:39.002042898Z,1755040839002,50051,10010.2,4.77,2.3,21.0,1,7,8,15
producer-1.pitur-265048.isolateedinburgh-pg0.utah.cloudlab.us,2025-08-12T23:20:44.007147316Z,1755040844007,50036,10007.2,4.77,2.3,16.0,1,7,8,12
producer-1.pitur-265048.isolateedinburgh-pg0.utah.cloudlab.us,2025-08-12T23:20:49.013828819Z,1755040849013,50062,10012.4,4.77,2.3,16.0,1,7,9,12
producer-1.pitur-265048.isolateedinburgh-pg0.utah.cloudlab.us,2025-08-12T23:20:54.022209708Z,1755040854022,50095,10019.0,4.78,2.3,17.0,1,7,9,14
producer-1.pitur-265048.isolateedinburgh-pg0.utah.cloudlab.us,2025-08-12T23:20:59.029936716Z,1755040859029,50076,10015.2,4.78,2.4,68.0,1,7,9,54
producer-1.pitur-265048.isolateedinburgh-pg0.utah.cloudlab.us,2025-08-12T23:21:04.037165784Z,1755040864037,50046,10005.2,4.77,2.3,25.0,1,7,8,17
producer-1.pitur-265048.isolateedinburgh-pg0.utah.cloudlab.us,2025-08-12T23:21:09.041065935Z,1755040869041,50082,10016.4,4.78,2.3,21.0,1,7,8,14
producer-1.pitur-265048.isolateedinburgh-pg0.utah.cloudlab.us,2025-08-12T23:21:14.047172014Z,1755040874047,50013,10000.6,4.77,2.3,16.0,1,7,9,12
producer-1.pitur-265048.isolateedinburgh-pg0.utah.cloudlab.us,2025-08-12T23:21:19.053975260Z,1755040879053,50085,10017.0,4.78,2.2,21.0,1,6,8,14
producer-1.pitur-265048.isolateedinburgh-pg0.utah.cloudlab.us,2025-08-12T23:21:24.060120252Z,1755040884060,50074,10014.8,4.78,2.2,17.0,1,7,8,13
producer-1.pitur-265048.isolateedinburgh-pg0.utah.cloudlab.us,2025-08-12T23:21:29.068160081Z,1755040889068,50067,10011.4,4.77,2.3,21.0,1,7,8,15
producer-1.pitur-265048.isolateedinburgh-pg0.utah.cloudlab.us,2025-08-12T23:21:34.072403303Z,1755040894072,50053,10010.6,4.77,2.3,38.0,1,7,8,24
producer-1.pitur-265048.isolateedinburgh-pg0.utah.cloudlab.us,2025-08-12T23:21:39.077681903Z,1755040899077,50059,10011.8,4.77,2.4,21.0,1,7,9,15
producer-1.pitur-265048.isolateedinburgh-pg0.utah.cloudlab.us,2025-08-12T23:21:44.082268566Z,1755040904082,50048,10009.6,4.77,2.3,40.0,1,6,8,28
producer-1.pitur-265048.isolateedinburgh-pg0.utah.cloudlab.us,2025-08-12T23:21:49.088547098Z,1755040909088,50029,10003.8,4.77,2.3,14.0,1,7,8,12
producer-1.pitur-265048.isolateedinburgh-pg0.utah.cloudlab.us,2025-08-12T23:21:54.096024637Z,1755040914096,50096,10015.2,4.78,2.3,18.0,1,7,9,13
producer-1.pitur-265048.isolateedinburgh-pg0.utah.cloudlab.us,2025-08-12T23:21:59.102660574Z,1755040919102,50061,10012.2,4.77,2.3,17.0,1,7,8,12
producer-1.pitur-265048.isolateedinburgh-pg0.utah.cloudlab.us,2025-08-12T23:22:04.110681056Z,1755040924110,50079,10015.8,4.78,2.5,69.0,1,7,9,55
