hostname,timestamp_iso,timestamp_ms,records_sent,recs_per_sec,mb_per_sec,avg_latency,max_latency,p50,p95,p99,p999
producer-1.pitur-265048.isolateedinburgh-pg0.utah.cloudlab.us,2025-08-12T23:11:33.469473486Z,1755040293469,49956,9991.2,4.76,5.7,481.0,2,36,46,52
producer-1.pitur-265048.isolateedinburgh-pg0.utah.cloudlab.us,2025-08-12T23:11:38.500770847Z,1755040298500,50319,10063.8,4.80,2.5,43.0,1,7,13,38
producer-1.pitur-265048.isolateedinburgh-pg0.utah.cloudlab.us,2025-08-12T23:11:43.510803957Z,1755040303510,50106,10021.2,4.78,2.4,21.0,1,7,9,17
producer-1.pitur-265048.isolateedinburgh-pg0.utah.cloudlab.us,2025-08-12T23:11:48.521778567Z,1755040308521,50111,10022.2,4.78,2.4,21.0,1,7,10,17
producer-1.pitur-265048.isolateedinburgh-pg0.utah.cloudlab.us,2025-08-12T23:11:53.530415340Z,1755040313530,50083,10016.6,4.78,2.2,19.0,1,7,9,16
producer-1.pitur-265048.isolateedinburgh-pg0.utah.cloudlab.us,2025-08-12T23:11:58.537196031Z,1755040318537,50063,10012.6,4.77,2.4,20.0,1,7,9,14
producer-1.pitur-265048.isolateedinburgh-pg0.utah.cloudlab.us,2025-08-12T23:12:03.545321062Z,1755040323545,50079,10015.8,4.78,2.3,22.0,1,7,9,17
producer-1.pitur-265048.isolateedinburgh-pg0.utah.cloudlab.us,2025-08-12T23:12:08.551516090Z,1755040328551,50052,10008.4,4.77,2.9,87.0,1,7,25,73
producer-1.pitur-265048.isolateedinburgh-pg0.utah.cloudlab.us,2025-08-12T23:12:13.558544911Z,1755040333558,50093,10018.6,4.78,2.2,23.0,1,6,8,17
producer-1.pitur-265048.isolateedinburgh-pg0.utah.cloudlab.us,2025-08-12T23:12:18.565794829Z,1755040338565,50064,10012.8,4.77,2.2,17.0,1,6,9,15
producer-1.pitur-265048.isolateedinburgh-pg0.utah.cloudlab.us,2025-08-12T23:12:23.572124868Z,1755040343572,50066,10013.2,4.77,2.4,18.0,2,7,10,16
producer-1.pitur-265048.isolateedinburgh-pg0.utah.cloudlab.us,2025-08-12T23:12:28.578101490Z,1755040348578,50065,10013.0,4.77,2.3,21.0,1,7,9,16
producer-1.pitur-265048.isolateedinburgh-pg0.utah.cloudlab.us,2025-08-12T23:12:33.582125816Z,1755040353582,50033,10006.6,4.77,2.3,20.0,1,7,9,15
producer-1.pitur-265048.isolateedinburgh-pg0.utah.cloudlab.us,2025-08-12T23:12:38.588453780Z,1755040358588,50065,10011.0,4.77,2.6,75.0,1,7,10,59
producer-1.pitur-265048.isolateedinburgh-pg0.utah.cloudlab.us,2025-08-12T23:12:43.594285662Z,1755040363594,50055,10011.0,4.77,2.7,88.0,1,7,14,77
producer-1.pitur-265048.isolateedinburgh-pg0.utah.cloudlab.us,2025-08-12T23:12:48.601206464Z,1755040368601,50083,10016.6,4.78,2.3,19.0,1,7,9,16
producer-1.pitur-265048.isolateedinburgh-pg0.utah.cloudlab.us,2025-08-12T23:12:53.608479469Z,1755040373608,50062,10012.4,4.77,2.0,17.0,1,6,9,13
producer-1.pitur-265048.isolateedinburgh-pg0.utah.cloudlab.us,2025-08-12T23:12:58.615992446Z,1755040378615,50076,10015.2,4.78,2.3,24.0,1,7,9,16
producer-1.pitur-265048.isolateedinburgh-pg0.utah.cloudlab.us,2025-08-12T23:13:03.621082799Z,1755040383621,50051,10008.2,4.77,2.3,17.0,1,7,9,14
producer-1.pitur-265048.isolateedinburgh-pg0.utah.cloudlab.us,2025-08-12T23:13:08.626100983Z,1755040388626,50045,10009.0,4.77,2.7,73.0,2,7,11,59
producer-1.pitur-265048.isolateedinburgh-pg0.utah.cloudlab.us,2025-08-12T23:13:13.632968896Z,1755040393632,50069,10013.8,4.77,2.4,68.0,1,7,11,56
producer-1.pitur-265048.isolateedinburgh-pg0.utah.cloudlab.us,2025-08-12T23:13:18.639579110Z,1755040398639,50045,10009.0,4.77,2.3,26.0,1,7,10,18
producer-1.pitur-265048.isolateedinburgh-pg0.utah.cloudlab.us,2025-08-12T23:13:23.646671141Z,1755040403646,50071,10014.2,4.78,2.6,30.0,2,7,11,21
producer-1.pitur-265048.isolateedinburgh-pg0.utah.cloudlab.us,2025-08-12T23:13:28.651744573Z,1755040408651,50080,10016.0,4.78,2.4,19.0,1,7,10,17
producer-1.pitur-265048.isolateedinburgh-pg0.utah.cloudlab.us,2025-08-12T23:13:33.656186604Z,1755040413656,50046,10009.2,4.77,2.3,16.0,1,7,9,15
producer-1.pitur-265048.isolateedinburgh-pg0.utah.cloudlab.us,2025-08-12T23:13:38.662242754Z,1755040418662,50053,10008.6,4.77,2.5,37.0,1,7,9,23
producer-1.pitur-265048.isolateedinburgh-pg0.utah.cloudlab.us,2025-08-12T23:13:43.667576408Z,1755040423667,50036,10007.2,4.77,2.6,70.0,1,7,14,57
producer-1.pitur-265048.isolateedinburgh-pg0.utah.cloudlab.us,2025-08-12T23:13:48.674639096Z,1755040428674,50073,10014.6,4.78,2.4,20.0,1,7,10,17
producer-1.pitur-265048.isolateedinburgh-pg0.utah.cloudlab.us,2025-08-12T23:13:53.681703794Z,1755040433681,50092,10018.4,4.78,2.3,23.0,1,7,9,15
producer-1.pitur-265048.isolateedinburgh-pg0.utah.cloudlab.us,2025-08-12T23:13:58.685262411Z,1755040438685,50030,10006.0,4.77,2.4,20.0,1,7,9,14
producer-1.pitur-265048.isolateedinburgh-pg0.utah.cloudlab.us,2025-08-12T23:14:03.689271420Z,1755040443689,50042,10008.4,4.77,2.3,21.0,1,7,9,16
producer-1.pitur-265048.isolateedinburgh-pg0.utah.cloudlab.us,2025-08-12T23:14:08.694396300Z,1755040448694,50043,10008.6,4.77,2.5,48.0,1,7,9,37
producer-1.pitur-265048.isolateedinburgh-pg0.utah.cloudlab.us,2025-08-12T23:14:13.700083295Z,1755040453700,50059,10011.8,4.77,2.7,82.0,2,7,12,70
producer-1.pitur-265048.isolateedinburgh-pg0.utah.cloudlab.us,2025-08-12T23:14:18.706388302Z,1755040458706,50058,10011.6,4.77,2.3,21.0,1,7,9,16
producer-1.pitur-265048.isolateedinburgh-pg0.utah.cloudlab.us,2025-08-12T23:14:23.713079723Z,1755040463713,50085,10017.0,4.78,2.4,26.0,1,7,10,17
producer-1.pitur-265048.isolateedinburgh-pg0.utah.cloudlab.us,2025-08-12T23:14:28.718562230Z,1755040468718,50043,10006.6,4.77,2.5,24.0,2,7,10,18
producer-1.pitur-265048.isolateedinburgh-pg0.utah.cloudlab.us,2025-08-12T23:14:33.725292368Z,1755040473725,50061,10010.2,4.77,2.4,22.0,1,7,9,19
producer-1.pitur-265048.isolateedinburgh-pg0.utah.cloudlab.us,2025-08-12T23:14:38.731148870Z,1755040478731,50055,10011.0,4.77,2.5,66.0,1,7,10,52
producer-1.pitur-265048.isolateedinburgh-pg0.utah.cloudlab.us,2025-08-12T23:14:43.738705054Z,1755040483738,50078,10013.6,4.77,2.4,60.0,1,7,10,46
producer-1.pitur-265048.isolateedinburgh-pg0.utah.cloudlab.us,2025-08-12T23:14:48.747380223Z,1755040488747,50109,10021.8,4.78,2.5,78.0,1,7,11,65
producer-1.pitur-265048.isolateedinburgh-pg0.utah.cloudlab.us,2025-08-12T23:14:53.754073485Z,1755040493754,50029,10005.8,4.77,2.4,23.0,1,7,10,18
producer-1.pitur-265048.isolateedinburgh-pg0.utah.cloudlab.us,2025-08-12T23:14:58.758196751Z,1755040498758,50068,10013.6,4.77,2.4,19.0,1,7,9,15
producer-1.pitur-265048.isolateedinburgh-pg0.utah.cloudlab.us,2025-08-12T23:15:03.763242129Z,1755040503763,50048,10009.6,4.77,2.4,21.0,1,7,9,14
producer-1.pitur-265048.isolateedinburgh-pg0.utah.cloudlab.us,2025-08-12T23:15:08.768696739Z,1755040508768,50055,10011.0,4.77,2.6,84.0,1,7,10,69
producer-1.pitur-265048.isolateedinburgh-pg0.utah.cloudlab.us,2025-08-12T23:15:13.774195348Z,1755040513774,50056,10011.2,4.77,2.3,16.0,1,7,8,14
producer-1.pitur-265048.isolateedinburgh-pg0.utah.cloudlab.us,2025-08-12T23:15:18.782571453Z,1755040518782,50076,10013.2,4.77,2.6,90.0,1,7,12,77
producer-1.pitur-265048.isolateedinburgh-pg0.utah.cloudlab.us,2025-08-12T23:15:23.789859269Z,1755040523789,50072,10014.4,4.78,2.5,45.0,1,7,11,31
producer-1.pitur-265048.isolateedinburgh-pg0.utah.cloudlab.us,2025-08-12T23:15:28.794526741Z,1755040528794,50053,10010.6,4.77,2.2,17.0,1,7,8,14
producer-1.pitur-265048.isolateedinburgh-pg0.utah.cloudlab.us,2025-08-12T23:15:33.799599316Z,1755040533799,50064,10012.8,4.77,2.2,17.0,1,6,8,13
producer-1.pitur-265048.isolateedinburgh-pg0.utah.cloudlab.us,2025-08-12T23:15:38.806211637Z,1755040538806,50036,10007.2,4.77,2.4,16.0,1,7,8,14
producer-1.pitur-265048.isolateedinburgh-pg0.utah.cloudlab.us,2025-08-12T23:15:43.813335379Z,1755040543813,50090,10016.0,4.78,2.4,60.0,1,7,9,46
producer-1.pitur-265048.isolateedinburgh-pg0.utah.cloudlab.us,2025-08-12T23:15:48.820906093Z,1755040548820,50080,10016.0,4.78,2.5,51.0,1,7,11,44
producer-1.pitur-265048.isolateedinburgh-pg0.utah.cloudlab.us,2025-08-12T23:15:53.827252015Z,1755040553827,50059,10011.8,4.77,2.2,19.0,1,7,9,15
producer-1.pitur-265048.isolateedinburgh-pg0.utah.cloudlab.us,2025-08-12T23:15:58.832140055Z,1755040558832,50042,10008.4,4.77,2.4,47.0,1,7,9,33
producer-1.pitur-265048.isolateedinburgh-pg0.utah.cloudlab.us,2025-08-12T23:16:03.837467675Z,1755040563837,50066,10013.2,4.77,2.4,23.0,1,7,9,15
producer-1.pitur-265048.isolateedinburgh-pg0.utah.cloudlab.us,2025-08-12T23:16:08.844763619Z,1755040568844,50052,10008.4,4.77,2.4,15.0,1,7,9,14
producer-1.pitur-265048.isolateedinburgh-pg0.utah.cloudlab.us,2025-08-12T23:16:13.852408739Z,1755040573852,50085,10015.0,4.78,2.4,46.0,1,7,9,34
producer-1.pitur-265048.isolateedinburgh-pg0.utah.cloudlab.us,2025-08-12T23:16:18.861222884Z,1755040578861,50078,10015.6,4.78,2.5,35.0,1,7,9,22
producer-1.pitur-265048.isolateedinburgh-pg0.utah.cloudlab.us,2025-08-12T23:16:23.869209598Z,1755040583869,50108,10021.6,4.78,2.5,42.0,1,7,10,31
producer-1.pitur-265048.isolateedinburgh-pg0.utah.cloudlab.us,2025-08-12T23:16:28.874488984Z,1755040588874,50032,10004.4,4.77,2.4,23.0,1,7,9,16
producer-1.pitur-265048.isolateedinburgh-pg0.utah.cloudlab.us,2025-08-12T23:16:33.880208437Z,1755040593880,50068,10013.6,4.77,2.4,21.0,1,7,9,15
producer-1.pitur-265048.isolateedinburgh-pg0.utah.cloudlab.us,2025-08-12T23:16:38.887607981Z,1755040598887,50078,10013.6,4.77,2.4,17.0,1,7,8,14
producer-1.pitur-265048.isolateedinburgh-pg0.utah.cloudlab.us,2025-08-12T23:16:43.893147976Z,1755040603893,50033,10006.6,4.77,2.4,19.0,2,7,8,14
producer-1.pitur-265048.isolateedinburgh-pg0.utah.cloudlab.us,2025-08-12T23:16:48.899032993Z,1755040608899,50069,10013.8,4.77,2.5,69.0,1,7,10,55
producer-1.pitur-265048.isolateedinburgh-pg0.utah.cloudlab.us,2025-08-12T23:16:53.903203180Z,1755040613903,50045,10009.0,4.77,2.3,23.0,1,7,9,14
producer-1.pitur-265048.isolateedinburgh-pg0.utah.cloudlab.us,2025-08-12T23:16:58.908620606Z,1755040618908,50051,10010.2,4.77,2.3,16.0,1,7,8,13
producer-1.pitur-265048.isolateedinburgh-pg0.utah.cloudlab.us,2025-08-12T23:17:03.914657054Z,1755040623914,50074,10014.8,4.78,2.3,22.0,1,7,8,15
producer-1.pitur-265048.isolateedinburgh-pg0.utah.cloudlab.us,2025-08-12T23:17:08.922249Z,1755040628922,50076,10015.2,4.78,2.2,15.0,1,6,8,13
producer-1.pitur-265048.isolateedinburgh-pg0.utah.cloudlab.us,2025-08-12T23:17:13.928946586Z,1755040633928,50057,10011.4,4.77,2.2,22.0,1,7,8,14
producer-1.pitur-265048.isolateedinburgh-pg0.utah.cloudlab.us,2025-08-12T23:17:18.932384280Z,1755040638932,50031,10006.2,4.77,2.4,17.0,1,7,8,12
producer-1.pitur-265048.isolateedinburgh-pg0.utah.cloudlab.us,2025-08-12T23:17:23.938582181Z,1755040643938,50066,10011.2,4.77,2.4,27.0,1,7,9,19
producer-1.pitur-265048.isolateedinburgh-pg0.utah.cloudlab.us,2025-08-12T23:17:28.943625857Z,1755040648943,50063,10012.6,4.77,2.3,14.0,1,7,8,13
producer-1.pitur-265048.isolateedinburgh-pg0.utah.cloudlab.us,2025-08-12T23:17:33.949010709Z,1755040653949,50058,10011.6,4.77,2.4,66.0,1,7,9,52
producer-1.pitur-265048.isolateedinburgh-pg0.utah.cloudlab.us,2025-08-12T23:17:38.955861238Z,1755040658955,50053,10010.6,4.77,2.4,13.0,1,7,8,12
producer-1.pitur-265048.isolateedinburgh-pg0.utah.cloudlab.us,2025-08-12T23:17:43.962086980Z,1755040663962,50058,10011.6,4.77,2.3,18.0,1,7,8,14
producer-1.pitur-265048.isolateedinburgh-pg0.utah.cloudlab.us,2025-08-12T23:17:48.966018888Z,1755040668966,50046,10009.2,4.77,2.2,16.0,1,7,8,13
producer-1.pitur-265048.isolateedinburgh-pg0.utah.cloudlab.us,2025-08-12T23:17:53.971265776Z,1755040673971,50059,10009.8,4.77,2.3,28.0,1,7,8,20
producer-1.pitur-265048.isolateedinburgh-pg0.utah.cloudlab.us,2025-08-12T23:17:58.976879299Z,1755040678976,50034,10006.8,4.77,2.3,28.0,1,7,8,19
producer-1.pitur-265048.isolateedinburgh-pg0.utah.cloudlab.us,2025-08-12T23:18:03.982078761Z,1755040683982,50069,10013.8,4.77,2.4,70.0,1,7,9,58
producer-1.pitur-265048.isolateedinburgh-pg0.utah.cloudlab.us,2025-08-12T23:18:08.988353159Z,1755040688988,50054,10010.8,4.77,2.3,15.0,1,7,8,12
producer-1.pitur-265048.isolateedinburgh-pg0.utah.cloudlab.us,2025-08-12T23:18:13.995547254Z,1755040693995,50086,10017.2,4.78,2.3,22.0,1,7,8,17
producer-1.pitur-265048.isolateedinburgh-pg0.utah.cloudlab.us,2025-08-12T23:18:19.000667478Z,1755040699000,50041,10008.2,4.77,2.3,16.0,1,7,8,13
producer-1.pitur-265048.isolateedinburgh-pg0.utah.cloudlab.us,2025-08-12T23:18:24.005055659Z,1755040704005,50059,10011.8,4.77,2.2,16.0,1,7,8,12
producer-1.pitur-265048.isolateedinburgh-pg0.utah.cloudlab.us,2025-08-12T23:18:29.010620466Z,1755040709010,50050,10010.0,4.77,2.3,14.0,1,7,8,12
producer-1.pitur-265048.isolateedinburgh-pg0.utah.cloudlab.us,2025-08-12T23:18:34.016281705Z,1755040714016,50066,10013.2,4.77,2.2,16.0,1,6,8,12
producer-1.pitur-265048.isolateedinburgh-pg0.utah.cloudlab.us,2025-08-12T23:18:39.023473809Z,1755040719023,50048,10009.6,4.77,2.4,23.0,1,7,8,12
producer-1.pitur-265048.isolateedinburgh-pg0.utah.cloudlab.us,2025-08-12T23:18:44.029001328Z,1755040724028,50059,10011.8,4.77,2.4,16.0,1,7,8,10
producer-1.pitur-265048.isolateedinburgh-pg0.utah.cloudlab.us,2025-08-12T23:18:49.034010662Z,1755040729034,50057,10011.4,4.77,2.3,18.0,1,7,9,14
producer-1.pitur-265048.isolateedinburgh-pg0.utah.cloudlab.us,2025-08-12T23:18:54.040315489Z,1755040734040,50072,10014.4,4.78,2.4,18.0,1,7,8,13
producer-1.pitur-265048.isolateedinburgh-pg0.utah.cloudlab.us,2025-08-12T23:18:59.046668325Z,1755040739046,50053,10010.6,4.77,2.2,15.0,1,7,8,12
producer-1.pitur-265048.isolateedinburgh-pg0.utah.cloudlab.us,2025-08-12T23:19:04.053363080Z,1755040744053,50065,10013.0,4.77,2.4,22.0,1,7,8,14
producer-1.pitur-265048.isolateedinburgh-pg0.utah.cloudlab.us,2025-08-12T23:19:09.060032939Z,1755040749060,50051,10010.2,4.77,2.3,20.0,1,7,9,15
producer-1.pitur-265048.isolateedinburgh-pg0.utah.cloudlab.us,2025-08-12T23:19:14.064056787Z,1755040754064,50065,10013.0,4.77,2.4,15.0,1,7,9,13
producer-1.pitur-265048.isolateedinburgh-pg0.utah.cloudlab.us,2025-08-12T23:19:19.069864008Z,1755040759069,50054,10010.8,4.77,2.5,16.0,1,7,9,11
producer-1.pitur-265048.isolateedinburgh-pg0.utah.cloudlab.us,2025-08-12T23:19:24.075568843Z,1755040764075,50050,10010.0,4.77,2.0,16.0,1,7,8,12
producer-1.pitur-265048.isolateedinburgh-pg0.utah.cloudlab.us,2025-08-12T23:19:29.082078634Z,1755040769082,50050,10010.0,4.77,2.5,74.0,1,7,10,61
producer-1.pitur-265048.isolateedinburgh-pg0.utah.cloudlab.us,2025-08-12T23:19:34.088195321Z,1755040774088,50098,10019.6,4.78,2.3,21.0,1,7,9,15
producer-1.pitur-265048.isolateedinburgh-pg0.utah.cloudlab.us,2025-08-12T23:19:39.096086362Z,1755040779096,50055,10011.0,4.77,2.2,18.0,1,6,8,15
producer-1.pitur-265048.isolateedinburgh-pg0.utah.cloudlab.us,2025-08-12T23:19:44.100276947Z,1755040784100,50037,10007.4,4.77,2.2,23.0,1,7,8,10
producer-1.pitur-265048.isolateedinburgh-pg0.utah.cloudlab.us,2025-08-12T23:19:49.106466184Z,1755040789106,50065,10013.0,4.77,2.3,15.0,1,7,8,12
producer-1.pitur-265048.isolateedinburgh-pg0.utah.cloudlab.us,2025-08-12T23:19:54.114579666Z,1755040794114,50080,10014.0,4.78,2.3,65.0,1,6,8,53
producer-1.pitur-265048.isolateedinburgh-pg0.utah.cloudlab.us,2025-08-12T23:19:59.122014351Z,1755040799122,50085,10017.0,4.78,2.5,74.0,1,7,9,60
producer-1.pitur-265048.isolateedinburgh-pg0.utah.cloudlab.us,2025-08-12T23:20:04.129669619Z,1755040804129,50062,10012.4,4.77,2.3,22.0,1,7,8,16
producer-1.pitur-265048.isolateedinburgh-pg0.utah.cloudlab.us,2025-08-12T23:20:09.134743046Z,1755040809134,50056,10011.2,4.77,2.3,16.0,1,7,8,12
producer-1.pitur-265048.isolateedinburgh-pg0.utah.cloudlab.us,2025-08-12T23:20:14.140443616Z,1755040814140,50072,10014.4,4.78,2.2,15.0,1,6,8,12
producer-1.pitur-265048.isolateedinburgh-pg0.utah.cloudlab.us,2025-08-12T23:20:19.146703190Z,1755040819146,50043,10008.6,4.77,2.1,20.0,1,6,8,11
producer-1.pitur-265048.isolateedinburgh-pg0.utah.cloudlab.us,2025-08-12T23:20:24.153481592Z,1755040824153,50069,10011.8,4.77,2.5,59.0,1,7,9,47
producer-1.pitur-265048.isolateedinburgh-pg0.utah.cloudlab.us,2025-08-12T23:20:29.160269726Z,1755040829160,50071,10014.2,4.78,2.4,24.0,1,7,9,19
producer-1.pitur-265048.isolateedinburgh-pg0.utah.cloudlab.us,2025-08-12T23:20:34.166678082Z,1755040834166,50046,10007.2,4.77,2.3,22.0,1,7,8,13
producer-1.pitur-265048.isolateedinburgh-pg0.utah.cloudlab.us,2025-08-12T23:20:39.171166714Z,1755040839171,50043,10008.6,4.77,2.3,25.0,1,7,8,20
producer-1.pitur-265048.isolateedinburgh-pg0.utah.cloudlab.us,2025-08-12T23:20:44.177486534Z,1755040844177,50081,10016.2,4.78,2.4,22.0,1,7,9,16
producer-1.pitur-265048.isolateedinburgh-pg0.utah.cloudlab.us,2025-08-12T23:20:49.184361387Z,1755040849184,50083,10016.6,4.78,2.4,18.0,1,7,8,13
producer-1.pitur-265048.isolateedinburgh-pg0.utah.cloudlab.us,2025-08-12T23:20:54.190323396Z,1755040854190,50048,10009.6,4.77,2.3,14.0,1,7,8,12
producer-1.pitur-265048.isolateedinburgh-pg0.utah.cloudlab.us,2025-08-12T23:20:59.199362863Z,1755040859199,50079,10015.8,4.78,2.5,62.0,1,7,9,48
producer-1.pitur-265048.isolateedinburgh-pg0.utah.cloudlab.us,2025-08-12T23:21:04.204351003Z,1755040864204,50066,10013.2,4.77,2.3,22.0,1,7,8,13
producer-1.pitur-265048.isolateedinburgh-pg0.utah.cloudlab.us,2025-08-12T23:21:09.209893535Z,1755040869209,50061,10012.2,4.77,2.3,14.0,1,7,8,11
producer-1.pitur-265048.isolateedinburgh-pg0.utah.cloudlab.us,2025-08-12T23:21:14.217863226Z,1755040874217,50080,10016.0,4.78,2.2,16.0,1,7,8,11
producer-1.pitur-265048.isolateedinburgh-pg0.utah.cloudlab.us,2025-08-12T23:21:19.222903577Z,1755040879222,50050,10010.0,4.77,2.3,14.0,1,7,8,11
producer-1.pitur-265048.isolateedinburgh-pg0.utah.cloudlab.us,2025-08-12T23:21:24.231135511Z,1755040884231,50054,10008.8,4.77,2.4,19.0,1,7,10,14
producer-1.pitur-265048.isolateedinburgh-pg0.utah.cloudlab.us,2025-08-12T23:21:29.236461509Z,1755040889236,50086,10015.2,4.78,2.3,17.0,1,7,8,13
producer-1.pitur-265048.isolateedinburgh-pg0.utah.cloudlab.us,2025-08-12T23:21:34.242631964Z,1755040894242,50060,10012.0,4.77,2.5,38.0,1,7,8,26
producer-1.pitur-265048.isolateedinburgh-pg0.utah.cloudlab.us,2025-08-12T23:21:39.248489225Z,1755040899248,50059,10011.8,4.77,2.1,13.0,1,7,8,11
producer-1.pitur-265048.isolateedinburgh-pg0.utah.cloudlab.us,2025-08-12T23:21:44.254543280Z,1755040904254,50028,10005.6,4.77,2.4,39.0,1,7,8,26
producer-1.pitur-265048.isolateedinburgh-pg0.utah.cloudlab.us,2025-08-12T23:21:49.263265234Z,1755040909263,50116,10023.2,4.78,2.4,23.0,1,7,9,20
producer-1.pitur-265048.isolateedinburgh-pg0.utah.cloudlab.us,2025-08-12T23:21:54.267734556Z,1755040914267,50038,10007.6,4.77,2.3,16.0,1,7,8,12
producer-1.pitur-265048.isolateedinburgh-pg0.utah.cloudlab.us,2025-08-12T23:21:59.273018062Z,1755040919273,50044,10006.8,4.77,2.4,15.0,1,7,8,13
producer-1.pitur-265048.isolateedinburgh-pg0.utah.cloudlab.us,2025-08-12T23:22:04.278838002Z,1755040924278,50075,10015.0,4.78,2.3,65.0,1,7,8,51
