hostname,timestamp_iso,timestamp_ms,records_sent,recs_per_sec,mb_per_sec,avg_latency,max_latency,p50,p95,p99,p999
producer-1.pitur-265048.isolateedinburgh-pg0.utah.cloudlab.us,2025-08-12T23:11:33.487462845Z,1755040293487,49944,9988.8,4.76,4.5,439.0,1,29,36,51
producer-1.pitur-265048.isolateedinburgh-pg0.utah.cloudlab.us,2025-08-12T23:11:38.511791905Z,1755040298511,50282,10056.4,4.80,1.9,38.0,1,6,10,32
producer-1.pitur-265048.isolateedinburgh-pg0.utah.cloudlab.us,2025-08-12T23:11:43.516340121Z,1755040303516,50050,10010.0,4.77,1.7,17.0,1,6,8,14
producer-1.pitur-265048.isolateedinburgh-pg0.utah.cloudlab.us,2025-08-12T23:11:48.524011821Z,1755040308524,50074,10014.8,4.78,1.7,18.0,1,6,8,13
producer-1.pitur-265048.isolateedinburgh-pg0.utah.cloudlab.us,2025-08-12T23:11:53.532724279Z,1755040313532,50076,10013.2,4.77,1.8,18.0,1,6,8,13
producer-1.pitur-265048.isolateedinburgh-pg0.utah.cloudlab.us,2025-08-12T23:11:58.543140195Z,1755040318543,50109,10019.8,4.78,1.7,21.0,1,6,9,17
producer-1.pitur-265048.isolateedinburgh-pg0.utah.cloudlab.us,2025-08-12T23:12:03.548143430Z,1755040323548,50047,10007.4,4.77,1.8,20.0,1,6,9,16
producer-1.pitur-265048.isolateedinburgh-pg0.utah.cloudlab.us,2025-08-12T23:12:08.556733686Z,1755040328556,50089,10015.8,4.78,2.3,87.0,1,6,26,74
producer-1.pitur-265048.isolateedinburgh-pg0.utah.cloudlab.us,2025-08-12T23:12:13.563059588Z,1755040333563,50057,10011.4,4.77,1.9,20.0,1,7,10,15
producer-1.pitur-265048.isolateedinburgh-pg0.utah.cloudlab.us,2025-08-12T23:12:18.570434766Z,1755040338570,50074,10014.8,4.78,1.9,19.0,1,6,10,16
producer-1.pitur-265048.isolateedinburgh-pg0.utah.cloudlab.us,2025-08-12T23:12:23.577322467Z,1755040343577,50070,10014.0,4.78,1.8,19.0,1,6,9,15
producer-1.pitur-265048.isolateedinburgh-pg0.utah.cloudlab.us,2025-08-12T23:12:28.581475572Z,1755040348581,50050,10010.0,4.77,1.8,20.0,1,6,9,14
producer-1.pitur-265048.isolateedinburgh-pg0.utah.cloudlab.us,2025-08-12T23:12:33.587145599Z,1755040353587,50012,10000.4,4.77,1.7,17.0,1,6,8,14
producer-1.pitur-265048.isolateedinburgh-pg0.utah.cloudlab.us,2025-08-12T23:12:38.593105888Z,1755040358593,50093,10018.6,4.78,1.9,81.0,1,6,10,69
producer-1.pitur-265048.isolateedinburgh-pg0.utah.cloudlab.us,2025-08-12T23:12:43.602022840Z,1755040363602,50102,10020.4,4.78,2.2,86.0,1,7,14,74
producer-1.pitur-265048.isolateedinburgh-pg0.utah.cloudlab.us,2025-08-12T23:12:48.611237562Z,1755040368611,50093,10018.6,4.78,1.8,20.0,1,6,9,17
producer-1.pitur-265048.isolateedinburgh-pg0.utah.cloudlab.us,2025-08-12T23:12:53.617322901Z,1755040373617,50044,10008.8,4.77,1.8,20.0,1,6,8,14
producer-1.pitur-265048.isolateedinburgh-pg0.utah.cloudlab.us,2025-08-12T23:12:58.623654581Z,1755040378623,50066,10013.2,4.77,1.8,25.0,1,6,9,18
producer-1.pitur-265048.isolateedinburgh-pg0.utah.cloudlab.us,2025-08-12T23:13:03.630435034Z,1755040383630,50057,10011.4,4.77,1.8,16.0,1,6,8,12
producer-1.pitur-265048.isolateedinburgh-pg0.utah.cloudlab.us,2025-08-12T23:13:08.640094950Z,1755040388640,50113,10018.6,4.78,2.0,74.0,1,6,10,63
producer-1.pitur-265048.isolateedinburgh-pg0.utah.cloudlab.us,2025-08-12T23:13:13.649545127Z,1755040393649,50089,10017.8,4.78,2.0,69.0,1,6,11,54
producer-1.pitur-265048.isolateedinburgh-pg0.utah.cloudlab.us,2025-08-12T23:13:18.655300895Z,1755040398655,50065,10011.0,4.77,1.8,17.0,1,6,8,13
producer-1.pitur-265048.isolateedinburgh-pg0.utah.cloudlab.us,2025-08-12T23:13:23.661588951Z,1755040403661,50065,10013.0,4.77,1.8,20.0,1,6,8,15
producer-1.pitur-265048.isolateedinburgh-pg0.utah.cloudlab.us,2025-08-12T23:13:28.668380848Z,1755040408668,50071,10014.2,4.78,1.7,16.0,1,6,9,13
producer-1.pitur-265048.isolateedinburgh-pg0.utah.cloudlab.us,2025-08-12T23:13:33.675057672Z,1755040413675,50060,10012.0,4.77,1.8,23.0,1,6,10,17
producer-1.pitur-265048.isolateedinburgh-pg0.utah.cloudlab.us,2025-08-12T23:13:38.679731911Z,1755040418679,50040,10008.0,4.77,1.8,37.0,1,6,9,22
producer-1.pitur-265048.isolateedinburgh-pg0.utah.cloudlab.us,2025-08-12T23:13:43.685523598Z,1755040423685,50070,10012.0,4.77,1.9,71.0,1,6,11,59
producer-1.pitur-265048.isolateedinburgh-pg0.utah.cloudlab.us,2025-08-12T23:13:48.692278497Z,1755040428692,50076,10015.2,4.78,1.8,21.0,1,6,10,15
producer-1.pitur-265048.isolateedinburgh-pg0.utah.cloudlab.us,2025-08-12T23:13:53.700213412Z,1755040433700,50059,10011.8,4.77,1.7,18.0,1,6,8,14
producer-1.pitur-265048.isolateedinburgh-pg0.utah.cloudlab.us,2025-08-12T23:13:58.707369615Z,1755040438707,50083,10016.6,4.78,1.7,25.0,1,6,8,19
producer-1.pitur-265048.isolateedinburgh-pg0.utah.cloudlab.us,2025-08-12T23:14:03.711565034Z,1755040443711,50042,10008.4,4.77,1.7,19.0,1,6,8,14
producer-1.pitur-265048.isolateedinburgh-pg0.utah.cloudlab.us,2025-08-12T23:14:08.718928160Z,1755040448718,50070,10012.0,4.77,1.8,48.0,1,6,9,35
producer-1.pitur-265048.isolateedinburgh-pg0.utah.cloudlab.us,2025-08-12T23:14:13.725263511Z,1755040453725,50061,10012.2,4.77,2.0,77.0,1,6,11,65
producer-1.pitur-265048.isolateedinburgh-pg0.utah.cloudlab.us,2025-08-12T23:14:18.732414445Z,1755040458732,50066,10013.2,4.77,1.8,20.0,1,6,9,14
producer-1.pitur-265048.isolateedinburgh-pg0.utah.cloudlab.us,2025-08-12T23:14:23.739079775Z,1755040463739,50073,10014.6,4.78,1.8,25.0,1,6,9,17
producer-1.pitur-265048.isolateedinburgh-pg0.utah.cloudlab.us,2025-08-12T23:14:28.744617434Z,1755040468744,50021,10002.2,4.77,1.7,34.0,1,6,8,20
producer-1.pitur-265048.isolateedinburgh-pg0.utah.cloudlab.us,2025-08-12T23:14:33.751002293Z,1755040473750,50097,10019.4,4.78,1.7,22.0,1,6,8,13
producer-1.pitur-265048.isolateedinburgh-pg0.utah.cloudlab.us,2025-08-12T23:14:38.756363625Z,1755040478756,50056,10011.2,4.77,1.8,72.0,1,6,9,59
producer-1.pitur-265048.isolateedinburgh-pg0.utah.cloudlab.us,2025-08-12T23:14:43.764393399Z,1755040483764,50082,10016.4,4.78,1.9,65.0,1,6,10,51
producer-1.pitur-265048.isolateedinburgh-pg0.utah.cloudlab.us,2025-08-12T23:14:48.773152527Z,1755040488773,50077,10011.4,4.77,2.0,76.0,1,6,10,64
producer-1.pitur-265048.isolateedinburgh-pg0.utah.cloudlab.us,2025-08-12T23:14:53.777064611Z,1755040493777,50059,10011.8,4.77,1.8,17.0,1,6,8,13
producer-1.pitur-265048.isolateedinburgh-pg0.utah.cloudlab.us,2025-08-12T23:14:58.781633892Z,1755040498781,50028,10005.6,4.77,1.7,17.0,1,6,8,13
producer-1.pitur-265048.isolateedinburgh-pg0.utah.cloudlab.us,2025-08-12T23:15:03.789879346Z,1755040503789,50090,10016.0,4.78,1.7,21.0,1,6,8,16
producer-1.pitur-265048.isolateedinburgh-pg0.utah.cloudlab.us,2025-08-12T23:15:08.796636207Z,1755040508796,50077,10015.4,4.78,2.0,84.0,1,6,11,70
producer-1.pitur-265048.isolateedinburgh-pg0.utah.cloudlab.us,2025-08-12T23:15:13.806691433Z,1755040513806,50082,10014.4,4.78,1.8,19.0,1,6,9,14
producer-1.pitur-265048.isolateedinburgh-pg0.utah.cloudlab.us,2025-08-12T23:15:18.811726293Z,1755040518811,50061,10012.2,4.77,2.0,81.0,1,6,9,68
producer-1.pitur-265048.isolateedinburgh-pg0.utah.cloudlab.us,2025-08-12T23:15:23.818369899Z,1755040523818,50068,10011.6,4.77,1.9,42.0,1,6,9,32
producer-1.pitur-265048.isolateedinburgh-pg0.utah.cloudlab.us,2025-08-12T23:15:28.824633011Z,1755040528824,50061,10010.2,4.77,1.7,14.0,1,6,8,11
producer-1.pitur-265048.isolateedinburgh-pg0.utah.cloudlab.us,2025-08-12T23:15:33.832895141Z,1755040533832,50073,10014.6,4.78,1.7,16.0,1,6,8,12
producer-1.pitur-265048.isolateedinburgh-pg0.utah.cloudlab.us,2025-08-12T23:15:38.840818671Z,1755040538840,50087,10015.4,4.78,1.7,20.0,1,6,8,16
producer-1.pitur-265048.isolateedinburgh-pg0.utah.cloudlab.us,2025-08-12T23:15:43.844664467Z,1755040543844,50041,10008.2,4.77,1.8,59.0,1,6,8,48
producer-1.pitur-265048.isolateedinburgh-pg0.utah.cloudlab.us,2025-08-12T23:15:48.849011317Z,1755040548849,50045,10009.0,4.77,2.0,60.0,1,6,10,46
producer-1.pitur-265048.isolateedinburgh-pg0.utah.cloudlab.us,2025-08-12T23:15:53.854999889Z,1755040553854,50055,10011.0,4.77,1.8,17.0,1,6,8,12
producer-1.pitur-265048.isolateedinburgh-pg0.utah.cloudlab.us,2025-08-12T23:15:58.861679001Z,1755040558861,50070,10014.0,4.78,1.8,46.0,1,6,8,33
producer-1.pitur-265048.isolateedinburgh-pg0.utah.cloudlab.us,2025-08-12T23:16:03.867254699Z,1755040563867,50053,10010.6,4.77,1.7,14.0,1,6,8,12
producer-1.pitur-265048.isolateedinburgh-pg0.utah.cloudlab.us,2025-08-12T23:16:08.873792398Z,1755040568873,50061,10012.2,4.77,1.7,19.0,1,6,7,14
producer-1.pitur-265048.isolateedinburgh-pg0.utah.cloudlab.us,2025-08-12T23:16:13.877335052Z,1755040573877,50028,10005.6,4.77,1.7,49.0,1,6,8,35
producer-1.pitur-265048.isolateedinburgh-pg0.utah.cloudlab.us,2025-08-12T23:16:18.883212298Z,1755040578883,50068,10011.6,4.77,1.7,34.0,1,6,8,19
producer-1.pitur-265048.isolateedinburgh-pg0.utah.cloudlab.us,2025-08-12T23:16:23.888375967Z,1755040583888,50069,10013.8,4.77,1.7,40.0,1,6,8,26
producer-1.pitur-265048.isolateedinburgh-pg0.utah.cloudlab.us,2025-08-12T23:16:28.896718164Z,1755040588896,50070,10014.0,4.78,1.8,31.0,1,6,8,29
producer-1.pitur-265048.isolateedinburgh-pg0.utah.cloudlab.us,2025-08-12T23:16:33.900961660Z,1755040593900,50041,10008.2,4.77,1.7,16.0,1,6,7,12
producer-1.pitur-265048.isolateedinburgh-pg0.utah.cloudlab.us,2025-08-12T23:16:38.906108413Z,1755040598906,50050,10008.0,4.77,1.7,14.0,1,6,7,9
producer-1.pitur-265048.isolateedinburgh-pg0.utah.cloudlab.us,2025-08-12T23:16:43.911432153Z,1755040603911,50041,10006.2,4.77,1.7,16.0,1,6,7,12
producer-1.pitur-265048.isolateedinburgh-pg0.utah.cloudlab.us,2025-08-12T23:16:48.918370360Z,1755040608918,50079,10013.8,4.77,1.9,74.0,1,6,8,62
producer-1.pitur-265048.isolateedinburgh-pg0.utah.cloudlab.us,2025-08-12T23:16:53.924027865Z,1755040613924,50054,10010.8,4.77,1.8,13.0,1,6,8,12
producer-1.pitur-265048.isolateedinburgh-pg0.utah.cloudlab.us,2025-08-12T23:16:58.932340652Z,1755040618932,50074,10014.8,4.78,1.8,20.0,1,6,8,15
producer-1.pitur-265048.isolateedinburgh-pg0.utah.cloudlab.us,2025-08-12T23:17:03.937928514Z,1755040623937,50072,10012.4,4.77,1.7,14.0,1,6,7,12
producer-1.pitur-265048.isolateedinburgh-pg0.utah.cloudlab.us,2025-08-12T23:17:08.944070174Z,1755040628944,50060,10008.0,4.77,1.7,18.0,1,6,8,12
producer-1.pitur-265048.isolateedinburgh-pg0.utah.cloudlab.us,2025-08-12T23:17:13.950777716Z,1755040633950,50067,10013.4,4.77,1.7,14.0,1,5,7,11
producer-1.pitur-265048.isolateedinburgh-pg0.utah.cloudlab.us,2025-08-12T23:17:18.956706788Z,1755040638956,50062,10012.4,4.77,1.7,17.0,1,6,7,12
producer-1.pitur-265048.isolateedinburgh-pg0.utah.cloudlab.us,2025-08-12T23:17:23.962789026Z,1755040643962,50061,10012.2,4.77,1.8,26.0,1,6,8,13
producer-1.pitur-265048.isolateedinburgh-pg0.utah.cloudlab.us,2025-08-12T23:17:28.969329933Z,1755040648969,50054,10010.8,4.77,1.7,18.0,1,5,7,12
producer-1.pitur-265048.isolateedinburgh-pg0.utah.cloudlab.us,2025-08-12T23:17:33.973209375Z,1755040653973,50050,10010.0,4.77,1.9,61.0,1,6,8,48
producer-1.pitur-265048.isolateedinburgh-pg0.utah.cloudlab.us,2025-08-12T23:17:38.977773138Z,1755040658977,50046,10009.2,4.77,1.6,14.0,1,5,7,10
producer-1.pitur-265048.isolateedinburgh-pg0.utah.cloudlab.us,2025-08-12T23:17:43.982339658Z,1755040663982,50040,10008.0,4.77,1.7,15.0,1,6,8,12
producer-1.pitur-265048.isolateedinburgh-pg0.utah.cloudlab.us,2025-08-12T23:17:48.988081757Z,1755040668988,50076,10015.2,4.78,1.8,19.0,1,6,8,12
producer-1.pitur-265048.isolateedinburgh-pg0.utah.cloudlab.us,2025-08-12T23:17:53.994509132Z,1755040673994,50050,10010.0,4.77,1.8,31.0,1,6,8,18
producer-1.pitur-265048.isolateedinburgh-pg0.utah.cloudlab.us,2025-08-12T23:17:58.998072310Z,1755040678998,50053,10010.6,4.77,1.7,16.0,1,6,8,11
producer-1.pitur-265048.isolateedinburgh-pg0.utah.cloudlab.us,2025-08-12T23:18:04.002853979Z,1755040684002,50040,10008.0,4.77,1.8,65.0,1,6,8,51
producer-1.pitur-265048.isolateedinburgh-pg0.utah.cloudlab.us,2025-08-12T23:18:09.008773659Z,1755040689008,50049,10009.8,4.77,1.7,15.0,1,6,8,11
producer-1.pitur-265048.isolateedinburgh-pg0.utah.cloudlab.us,2025-08-12T23:18:14.014557483Z,1755040694014,50052,10010.4,4.77,1.7,15.0,1,6,7,12
producer-1.pitur-265048.isolateedinburgh-pg0.utah.cloudlab.us,2025-08-12T23:18:19.021702155Z,1755040699021,50079,10015.8,4.78,1.8,19.0,1,6,8,13
producer-1.pitur-265048.isolateedinburgh-pg0.utah.cloudlab.us,2025-08-12T23:18:24.025353831Z,1755040704025,50031,10006.2,4.77,1.7,16.0,1,6,7,12
producer-1.pitur-265048.isolateedinburgh-pg0.utah.cloudlab.us,2025-08-12T23:18:29.031478593Z,1755040709031,50068,10011.6,4.77,1.7,13.0,1,6,7,11
producer-1.pitur-265048.isolateedinburgh-pg0.utah.cloudlab.us,2025-08-12T23:18:34.038174498Z,1755040714038,50062,10010.4,4.77,1.7,14.0,1,6,8,11
producer-1.pitur-265048.isolateedinburgh-pg0.utah.cloudlab.us,2025-08-12T23:18:39.044387297Z,1755040719044,50052,10010.4,4.77,1.7,14.0,1,6,7,11
producer-1.pitur-265048.isolateedinburgh-pg0.utah.cloudlab.us,2025-08-12T23:18:44.053013796Z,1755040724053,50102,10020.4,4.78,1.8,26.0,1,6,8,16
producer-1.pitur-265048.isolateedinburgh-pg0.utah.cloudlab.us,2025-08-12T23:18:49.058894521Z,1755040729058,50050,10008.0,4.77,1.8,22.0,1,6,8,13
producer-1.pitur-265048.isolateedinburgh-pg0.utah.cloudlab.us,2025-08-12T23:18:54.064370841Z,1755040734064,50063,10012.6,4.77,1.7,18.0,1,6,7,12
producer-1.pitur-265048.isolateedinburgh-pg0.utah.cloudlab.us,2025-08-12T23:18:59.070372595Z,1755040739070,50063,10012.6,4.77,1.7,17.0,1,6,9,13
producer-1.pitur-265048.isolateedinburgh-pg0.utah.cloudlab.us,2025-08-12T23:19:04.076087356Z,1755040744076,50042,10008.4,4.77,1.6,18.0,1,5,8,13
producer-1.pitur-265048.isolateedinburgh-pg0.utah.cloudlab.us,2025-08-12T23:19:09.082254164Z,1755040749082,50075,10015.0,4.78,1.8,24.0,1,6,8,13
producer-1.pitur-265048.isolateedinburgh-pg0.utah.cloudlab.us,2025-08-12T23:19:14.086992731Z,1755040754086,50043,10008.6,4.77,1.7,16.0,1,6,7,12
producer-1.pitur-265048.isolateedinburgh-pg0.utah.cloudlab.us,2025-08-12T23:19:19.091874685Z,1755040759091,50050,10010.0,4.77,1.8,12.0,1,6,7,10
producer-1.pitur-265048.isolateedinburgh-pg0.utah.cloudlab.us,2025-08-12T23:19:24.098168197Z,1755040764098,50027,10005.4,4.77,1.7,13.0,1,6,7,11
producer-1.pitur-265048.isolateedinburgh-pg0.utah.cloudlab.us,2025-08-12T23:19:29.104164483Z,1755040769104,50105,10021.0,4.78,2.0,68.0,1,6,9,53
producer-1.pitur-265048.isolateedinburgh-pg0.utah.cloudlab.us,2025-08-12T23:19:34.111984944Z,1755040774111,50078,10015.6,4.78,1.7,19.0,1,6,8,13
producer-1.pitur-265048.isolateedinburgh-pg0.utah.cloudlab.us,2025-08-12T23:19:39.116968676Z,1755040779116,50042,10008.4,4.77,1.7,17.0,1,6,8,11
producer-1.pitur-265048.isolateedinburgh-pg0.utah.cloudlab.us,2025-08-12T23:19:44.121226293Z,1755040784121,50044,10008.8,4.77,1.8,15.0,1,6,9,11
producer-1.pitur-265048.isolateedinburgh-pg0.utah.cloudlab.us,2025-08-12T23:19:49.126323909Z,1755040789126,50042,10008.4,4.77,1.7,16.0,1,6,8,12
producer-1.pitur-265048.isolateedinburgh-pg0.utah.cloudlab.us,2025-08-12T23:19:54.132188450Z,1755040794132,50064,10012.8,4.77,1.8,66.0,1,6,8,53
producer-1.pitur-265048.isolateedinburgh-pg0.utah.cloudlab.us,2025-08-12T23:19:59.138581883Z,1755040799138,50059,10011.8,4.77,2.0,79.0,1,6,9,63
producer-1.pitur-265048.isolateedinburgh-pg0.utah.cloudlab.us,2025-08-12T23:20:04.142853737Z,1755040804142,50036,10007.2,4.77,1.7,18.0,1,6,7,12
producer-1.pitur-265048.isolateedinburgh-pg0.utah.cloudlab.us,2025-08-12T23:20:09.148570815Z,1755040809148,50073,10012.6,4.77,1.6,23.0,1,5,8,12
producer-1.pitur-265048.isolateedinburgh-pg0.utah.cloudlab.us,2025-08-12T23:20:14.154362549Z,1755040814154,50050,10008.0,4.77,1.7,15.0,1,6,8,12
producer-1.pitur-265048.isolateedinburgh-pg0.utah.cloudlab.us,2025-08-12T23:20:19.161175491Z,1755040819161,50070,10012.0,4.77,1.8,14.0,1,6,8,11
producer-1.pitur-265048.isolateedinburgh-pg0.utah.cloudlab.us,2025-08-12T23:20:24.168497491Z,1755040824168,50087,10017.4,4.78,1.8,60.0,1,6,8,49
producer-1.pitur-265048.isolateedinburgh-pg0.utah.cloudlab.us,2025-08-12T23:20:29.172236711Z,1755040829172,50034,10006.8,4.77,1.7,22.0,1,6,7,15
producer-1.pitur-265048.isolateedinburgh-pg0.utah.cloudlab.us,2025-08-12T23:20:34.177174708Z,1755040834177,50048,10007.6,4.77,1.7,22.0,1,6,8,13
producer-1.pitur-265048.isolateedinburgh-pg0.utah.cloudlab.us,2025-08-12T23:20:39.181443684Z,1755040839181,50031,10006.2,4.77,1.7,16.0,1,5,7,11
producer-1.pitur-265048.isolateedinburgh-pg0.utah.cloudlab.us,2025-08-12T23:20:44.187255467Z,1755040844187,50069,10013.8,4.77,1.7,15.0,1,6,7,11
producer-1.pitur-265048.isolateedinburgh-pg0.utah.cloudlab.us,2025-08-12T23:20:49.193478659Z,1755040849193,50061,10012.2,4.77,1.8,20.0,1,6,7,13
producer-1.pitur-265048.isolateedinburgh-pg0.utah.cloudlab.us,2025-08-12T23:20:54.196481449Z,1755040854196,50030,10006.0,4.77,1.8,17.0,1,6,8,12
producer-1.pitur-265048.isolateedinburgh-pg0.utah.cloudlab.us,2025-08-12T23:20:59.201114776Z,1755040859201,50042,10008.4,4.77,1.9,68.0,1,6,8,54
producer-1.pitur-265048.isolateedinburgh-pg0.utah.cloudlab.us,2025-08-12T23:21:04.205385039Z,1755040864205,50038,10007.6,4.77,1.8,16.0,1,6,7,12
producer-1.pitur-265048.isolateedinburgh-pg0.utah.cloudlab.us,2025-08-12T23:21:09.210751031Z,1755040869210,50059,10011.8,4.77,1.8,19.0,1,6,8,13
producer-1.pitur-265048.isolateedinburgh-pg0.utah.cloudlab.us,2025-08-12T23:21:14.217462310Z,1755040874217,50071,10014.2,4.78,1.8,13.0,1,6,8,12
producer-1.pitur-265048.isolateedinburgh-pg0.utah.cloudlab.us,2025-08-12T23:21:19.224898047Z,1755040879224,50060,10010.0,4.77,1.7,21.0,1,6,8,14
producer-1.pitur-265048.isolateedinburgh-pg0.utah.cloudlab.us,2025-08-12T23:21:24.230632869Z,1755040884230,50047,10009.4,4.77,1.7,21.0,1,6,7,12
producer-1.pitur-265048.isolateedinburgh-pg0.utah.cloudlab.us,2025-08-12T23:21:29.236485081Z,1755040889236,50088,10017.6,4.78,1.8,19.0,1,6,8,12
producer-1.pitur-265048.isolateedinburgh-pg0.utah.cloudlab.us,2025-08-12T23:21:34.242011995Z,1755040894242,50046,10009.2,4.77,1.8,46.0,1,6,8,32
producer-1.pitur-265048.isolateedinburgh-pg0.utah.cloudlab.us,2025-08-12T23:21:39.248509005Z,1755040899248,50049,10009.8,4.77,1.6,14.0,1,5,7,12
producer-1.pitur-265048.isolateedinburgh-pg0.utah.cloudlab.us,2025-08-12T23:21:44.254931638Z,1755040904254,50072,10014.4,4.78,1.8,36.0,1,6,8,23
producer-1.pitur-265048.isolateedinburgh-pg0.utah.cloudlab.us,2025-08-12T23:21:49.258193629Z,1755040909258,50038,10007.6,4.77,1.7,15.0,1,6,8,12
producer-1.pitur-265048.isolateedinburgh-pg0.utah.cloudlab.us,2025-08-12T23:21:54.262057938Z,1755040914262,50046,10009.2,4.77,1.7,21.0,1,6,7,12
producer-1.pitur-265048.isolateedinburgh-pg0.utah.cloudlab.us,2025-08-12T23:21:59.268350433Z,1755040919268,50073,10014.6,4.78,1.9,16.0,1,6,9,12
producer-1.pitur-265048.isolateedinburgh-pg0.utah.cloudlab.us,2025-08-12T23:22:04.275158525Z,1755040924275,50066,10013.2,4.77,1.9,65.0,1,6,9,51
