hostname,timestamp_iso,timestamp_ms,records_sent,recs_per_sec,mb_per_sec,avg_latency,max_latency,p50,p95,p99,p999
producer-1.pitur-265048.isolateedinburgh-pg0.utah.cloudlab.us,2025-08-12T23:11:33.421289954Z,1755040293421,49976,9993.2,4.77,6.5,478.0,2,43,55,68
producer-1.pitur-265048.isolateedinburgh-pg0.utah.cloudlab.us,2025-08-12T23:11:38.450913645Z,1755040298450,50293,10056.6,4.80,2.5,41.0,1,7,13,36
producer-1.pitur-265048.isolateedinburgh-pg0.utah.cloudlab.us,2025-08-12T23:11:43.464068328Z,1755040303464,50142,10028.4,4.78,2.2,25.0,1,7,9,20
producer-1.pitur-265048.isolateedinburgh-pg0.utah.cloudlab.us,2025-08-12T23:11:48.490101150Z,1755040308490,50268,10053.6,4.79,2.3,31.0,1,7,10,18
producer-1.pitur-265048.isolateedinburgh-pg0.utah.cloudlab.us,2025-08-12T23:11:53.498607310Z,1755040313498,50053,10010.6,4.77,2.3,18.0,1,7,9,16
producer-1.pitur-265048.isolateedinburgh-pg0.utah.cloudlab.us,2025-08-12T23:11:58.506357521Z,1755040318506,50113,10022.6,4.78,2.2,21.0,1,7,10,16
producer-1.pitur-265048.isolateedinburgh-pg0.utah.cloudlab.us,2025-08-12T23:12:03.513276649Z,1755040323513,50066,10013.2,4.77,2.2,19.0,1,7,9,16
producer-1.pitur-265048.isolateedinburgh-pg0.utah.cloudlab.us,2025-08-12T23:12:08.520809955Z,1755040328520,50077,10015.4,4.78,2.7,86.0,1,7,28,73
producer-1.pitur-265048.isolateedinburgh-pg0.utah.cloudlab.us,2025-08-12T23:12:13.526329732Z,1755040333526,50033,10006.6,4.77,2.3,20.0,1,7,10,16
producer-1.pitur-265048.isolateedinburgh-pg0.utah.cloudlab.us,2025-08-12T23:12:18.534130978Z,1755040338534,50091,10016.2,4.78,2.4,19.0,1,7,10,17
producer-1.pitur-265048.isolateedinburgh-pg0.utah.cloudlab.us,2025-08-12T23:12:23.542959710Z,1755040343542,50084,10014.8,4.78,2.3,17.0,1,7,9,13
producer-1.pitur-265048.isolateedinburgh-pg0.utah.cloudlab.us,2025-08-12T23:12:28.550132261Z,1755040348550,50076,10015.2,4.78,2.3,20.0,1,7,9,16
producer-1.pitur-265048.isolateedinburgh-pg0.utah.cloudlab.us,2025-08-12T23:12:33.557482238Z,1755040353557,50072,10014.4,4.78,2.2,23.0,1,6,9,16
producer-1.pitur-265048.isolateedinburgh-pg0.utah.cloudlab.us,2025-08-12T23:12:38.562548022Z,1755040358562,50025,10005.0,4.77,2.4,81.0,1,7,10,68
producer-1.pitur-265048.isolateedinburgh-pg0.utah.cloudlab.us,2025-08-12T23:12:43.568652574Z,1755040363568,50078,10015.6,4.78,2.7,86.0,1,7,15,75
producer-1.pitur-265048.isolateedinburgh-pg0.utah.cloudlab.us,2025-08-12T23:12:48.576219253Z,1755040368576,50080,10016.0,4.78,2.3,25.0,1,7,9,17
producer-1.pitur-265048.isolateedinburgh-pg0.utah.cloudlab.us,2025-08-12T23:12:53.583262628Z,1755040373583,50058,10011.6,4.77,2.3,20.0,1,7,9,16
producer-1.pitur-265048.isolateedinburgh-pg0.utah.cloudlab.us,2025-08-12T23:12:58.590180150Z,1755040378590,50076,10015.2,4.78,2.2,24.0,1,7,10,19
producer-1.pitur-265048.isolateedinburgh-pg0.utah.cloudlab.us,2025-08-12T23:13:03.597696465Z,1755040383597,50073,10014.6,4.78,2.2,20.0,1,6,9,17
producer-1.pitur-265048.isolateedinburgh-pg0.utah.cloudlab.us,2025-08-12T23:13:08.602366316Z,1755040388602,50055,10011.0,4.77,2.4,75.0,1,7,10,62
producer-1.pitur-265048.isolateedinburgh-pg0.utah.cloudlab.us,2025-08-12T23:13:13.609585601Z,1755040393609,50082,10016.4,4.78,2.5,68.0,1,7,12,56
producer-1.pitur-265048.isolateedinburgh-pg0.utah.cloudlab.us,2025-08-12T23:13:18.616312338Z,1755040398616,50061,10012.2,4.77,2.2,19.0,1,7,9,14
producer-1.pitur-265048.isolateedinburgh-pg0.utah.cloudlab.us,2025-08-12T23:13:23.625033552Z,1755040403625,50107,10021.4,4.78,2.1,18.0,1,6,9,15
producer-1.pitur-265048.isolateedinburgh-pg0.utah.cloudlab.us,2025-08-12T23:13:28.633033835Z,1755040408633,50063,10010.6,4.77,2.2,23.0,1,6,9,15
producer-1.pitur-265048.isolateedinburgh-pg0.utah.cloudlab.us,2025-08-12T23:13:33.638226109Z,1755040413638,50059,10009.8,4.77,2.3,18.0,1,7,10,16
producer-1.pitur-265048.isolateedinburgh-pg0.utah.cloudlab.us,2025-08-12T23:13:38.643231034Z,1755040418643,50055,10011.0,4.77,2.3,35.0,1,7,10,21
producer-1.pitur-265048.isolateedinburgh-pg0.utah.cloudlab.us,2025-08-12T23:13:43.650222353Z,1755040423650,50056,10011.2,4.77,2.5,78.0,1,7,14,66
producer-1.pitur-265048.isolateedinburgh-pg0.utah.cloudlab.us,2025-08-12T23:13:48.658475970Z,1755040428658,50090,10018.0,4.78,2.3,19.0,1,7,10,16
producer-1.pitur-265048.isolateedinburgh-pg0.utah.cloudlab.us,2025-08-12T23:13:53.665999711Z,1755040433665,50060,10012.0,4.77,2.0,17.0,1,6,8,15
producer-1.pitur-265048.isolateedinburgh-pg0.utah.cloudlab.us,2025-08-12T23:13:58.675052361Z,1755040438675,50094,10018.8,4.78,2.2,22.0,1,6,9,18
producer-1.pitur-265048.isolateedinburgh-pg0.utah.cloudlab.us,2025-08-12T23:14:03.679699379Z,1755040443679,50050,10010.0,4.77,2.2,18.0,1,6,8,16
producer-1.pitur-265048.isolateedinburgh-pg0.utah.cloudlab.us,2025-08-12T23:14:08.685459625Z,1755040448685,50056,10011.2,4.77,2.2,49.0,1,6,9,36
producer-1.pitur-265048.isolateedinburgh-pg0.utah.cloudlab.us,2025-08-12T23:14:13.693759526Z,1755040453693,50077,10013.4,4.77,2.2,78.0,1,6,10,66
producer-1.pitur-265048.isolateedinburgh-pg0.utah.cloudlab.us,2025-08-12T23:14:18.700026779Z,1755040458700,50083,10016.6,4.78,2.2,21.0,1,6,10,16
producer-1.pitur-265048.isolateedinburgh-pg0.utah.cloudlab.us,2025-08-12T23:14:23.708796272Z,1755040463708,50073,10012.6,4.77,2.3,22.0,1,7,10,16
producer-1.pitur-265048.isolateedinburgh-pg0.utah.cloudlab.us,2025-08-12T23:14:28.713732887Z,1755040468713,50057,10011.4,4.77,2.3,18.0,1,7,9,16
producer-1.pitur-265048.isolateedinburgh-pg0.utah.cloudlab.us,2025-08-12T23:14:33.718261031Z,1755040473718,50039,10007.8,4.77,2.2,20.0,1,6,8,16
producer-1.pitur-265048.isolateedinburgh-pg0.utah.cloudlab.us,2025-08-12T23:14:38.725122015Z,1755040478725,50071,10010.2,4.77,2.3,73.0,1,6,10,59
producer-1.pitur-265048.isolateedinburgh-pg0.utah.cloudlab.us,2025-08-12T23:14:43.733385234Z,1755040483733,50073,10014.6,4.78,2.4,64.0,1,6,10,51
producer-1.pitur-265048.isolateedinburgh-pg0.utah.cloudlab.us,2025-08-12T23:14:48.740889261Z,1755040488740,50062,10012.4,4.77,2.5,83.0,1,7,11,72
producer-1.pitur-265048.isolateedinburgh-pg0.utah.cloudlab.us,2025-08-12T23:14:53.748430033Z,1755040493748,50095,10019.0,4.78,2.3,24.0,1,7,10,19
producer-1.pitur-265048.isolateedinburgh-pg0.utah.cloudlab.us,2025-08-12T23:14:58.753361966Z,1755040498753,50044,10008.8,4.77,2.2,22.0,1,7,9,15
producer-1.pitur-265048.isolateedinburgh-pg0.utah.cloudlab.us,2025-08-12T23:15:03.758482920Z,1755040503758,50064,10012.8,4.77,2.1,18.0,1,6,8,13
producer-1.pitur-265048.isolateedinburgh-pg0.utah.cloudlab.us,2025-08-12T23:15:08.765565128Z,1755040508765,50070,10014.0,4.78,2.5,82.0,1,7,11,70
producer-1.pitur-265048.isolateedinburgh-pg0.utah.cloudlab.us,2025-08-12T23:15:13.772745630Z,1755040513772,50072,10014.4,4.78,2.1,19.0,1,6,9,13
producer-1.pitur-265048.isolateedinburgh-pg0.utah.cloudlab.us,2025-08-12T23:15:18.780025360Z,1755040518780,50075,10015.0,4.78,2.3,86.0,1,6,9,75
producer-1.pitur-265048.isolateedinburgh-pg0.utah.cloudlab.us,2025-08-12T23:15:23.787904478Z,1755040523787,50073,10014.6,4.78,2.3,44.0,1,7,10,34
producer-1.pitur-265048.isolateedinburgh-pg0.utah.cloudlab.us,2025-08-12T23:15:28.793858404Z,1755040528793,50071,10014.2,4.78,2.2,19.0,1,6,8,11
producer-1.pitur-265048.isolateedinburgh-pg0.utah.cloudlab.us,2025-08-12T23:15:33.800015724Z,1755040533800,50042,10006.4,4.77,2.2,21.0,1,6,8,12
producer-1.pitur-265048.isolateedinburgh-pg0.utah.cloudlab.us,2025-08-12T23:15:38.806011203Z,1755040538806,50069,10013.8,4.77,2.1,16.0,1,6,8,12
producer-1.pitur-265048.isolateedinburgh-pg0.utah.cloudlab.us,2025-08-12T23:15:43.813107495Z,1755040543813,50063,10010.6,4.77,2.3,60.0,1,7,9,46
producer-1.pitur-265048.isolateedinburgh-pg0.utah.cloudlab.us,2025-08-12T23:15:48.820355995Z,1755040548820,50086,10017.2,4.78,2.3,59.0,1,7,10,45
producer-1.pitur-265048.isolateedinburgh-pg0.utah.cloudlab.us,2025-08-12T23:15:53.825895094Z,1755040553825,50044,10008.8,4.77,1.9,17.0,1,6,8,12
producer-1.pitur-265048.isolateedinburgh-pg0.utah.cloudlab.us,2025-08-12T23:15:58.830674349Z,1755040558830,50057,10011.4,4.77,2.2,48.0,1,6,9,35
producer-1.pitur-265048.isolateedinburgh-pg0.utah.cloudlab.us,2025-08-12T23:16:03.837017853Z,1755040563837,50070,10014.0,4.78,2.1,18.0,1,6,8,11
producer-1.pitur-265048.isolateedinburgh-pg0.utah.cloudlab.us,2025-08-12T23:16:08.843049458Z,1755040568843,50018,10003.6,4.77,2.1,15.0,1,6,8,12
producer-1.pitur-265048.isolateedinburgh-pg0.utah.cloudlab.us,2025-08-12T23:16:13.849816406Z,1755040573849,50101,10020.2,4.78,2.2,48.0,1,6,8,32
producer-1.pitur-265048.isolateedinburgh-pg0.utah.cloudlab.us,2025-08-12T23:16:18.857021156Z,1755040578857,50084,10016.8,4.78,2.2,34.0,1,6,9,21
producer-1.pitur-265048.isolateedinburgh-pg0.utah.cloudlab.us,2025-08-12T23:16:23.862272240Z,1755040583862,50014,10002.8,4.77,2.1,41.0,1,6,8,28
producer-1.pitur-265048.isolateedinburgh-pg0.utah.cloudlab.us,2025-08-12T23:16:28.868241170Z,1755040588868,50083,10014.6,4.78,2.1,24.0,1,6,9,15
producer-1.pitur-265048.isolateedinburgh-pg0.utah.cloudlab.us,2025-08-12T23:16:33.874012075Z,1755040593874,50056,10011.2,4.77,2.0,13.0,1,6,8,11
producer-1.pitur-265048.isolateedinburgh-pg0.utah.cloudlab.us,2025-08-12T23:16:38.881381855Z,1755040598881,50072,10014.4,4.78,2.2,19.0,1,6,8,13
producer-1.pitur-265048.isolateedinburgh-pg0.utah.cloudlab.us,2025-08-12T23:16:43.891613425Z,1755040603891,50102,10018.4,4.78,2.2,23.0,1,6,8,17
producer-1.pitur-265048.isolateedinburgh-pg0.utah.cloudlab.us,2025-08-12T23:16:48.896638912Z,1755040608896,50046,10009.2,4.77,2.3,76.0,1,6,9,63
producer-1.pitur-265048.isolateedinburgh-pg0.utah.cloudlab.us,2025-08-12T23:16:53.902337064Z,1755040613902,50068,10013.6,4.77,2.2,22.0,1,6,9,13
producer-1.pitur-265048.isolateedinburgh-pg0.utah.cloudlab.us,2025-08-12T23:16:58.909039162Z,1755040618909,50066,10011.2,4.77,2.2,14.0,1,7,8,11
producer-1.pitur-265048.isolateedinburgh-pg0.utah.cloudlab.us,2025-08-12T23:17:03.915048070Z,1755040623915,50064,10012.8,4.77,2.1,14.0,1,6,8,12
producer-1.pitur-265048.isolateedinburgh-pg0.utah.cloudlab.us,2025-08-12T23:17:08.922820850Z,1755040628922,50076,10015.2,4.78,2.2,20.0,1,7,9,13
producer-1.pitur-265048.isolateedinburgh-pg0.utah.cloudlab.us,2025-08-12T23:17:13.926868955Z,1755040633926,50040,10008.0,4.77,2.2,14.0,1,6,8,11
producer-1.pitur-265048.isolateedinburgh-pg0.utah.cloudlab.us,2025-08-12T23:17:18.932078668Z,1755040638932,50062,10012.4,4.77,2.0,14.0,1,6,8,12
producer-1.pitur-265048.isolateedinburgh-pg0.utah.cloudlab.us,2025-08-12T23:17:23.937591127Z,1755040643937,50035,10007.0,4.77,2.1,26.0,1,6,8,15
producer-1.pitur-265048.isolateedinburgh-pg0.utah.cloudlab.us,2025-08-12T23:17:28.944570980Z,1755040648944,50071,10012.2,4.77,2.1,15.0,1,6,8,12
producer-1.pitur-265048.isolateedinburgh-pg0.utah.cloudlab.us,2025-08-12T23:17:33.950409504Z,1755040653950,50078,10015.6,4.78,2.4,60.0,1,6,9,49
producer-1.pitur-265048.isolateedinburgh-pg0.utah.cloudlab.us,2025-08-12T23:17:38.957339837Z,1755040658957,50053,10010.6,4.77,2.0,25.0,1,6,8,12
producer-1.pitur-265048.isolateedinburgh-pg0.utah.cloudlab.us,2025-08-12T23:17:43.961351611Z,1755040663961,50037,10007.4,4.77,2.2,16.0,1,6,8,12
producer-1.pitur-265048.isolateedinburgh-pg0.utah.cloudlab.us,2025-08-12T23:17:48.966555554Z,1755040668966,50049,10009.8,4.77,2.2,15.0,1,6,9,12
producer-1.pitur-265048.isolateedinburgh-pg0.utah.cloudlab.us,2025-08-12T23:17:53.972085480Z,1755040673972,50073,10014.6,4.78,2.2,32.0,1,7,9,19
producer-1.pitur-265048.isolateedinburgh-pg0.utah.cloudlab.us,2025-08-12T23:17:58.977307083Z,1755040678977,50030,10006.0,4.77,2.1,15.0,1,6,8,11
producer-1.pitur-265048.isolateedinburgh-pg0.utah.cloudlab.us,2025-08-12T23:18:03.984812958Z,1755040683984,50063,10012.6,4.77,2.2,66.0,1,6,8,55
producer-1.pitur-265048.isolateedinburgh-pg0.utah.cloudlab.us,2025-08-12T23:18:08.991588844Z,1755040688991,50089,10017.8,4.78,2.3,21.0,1,7,8,17
producer-1.pitur-265048.isolateedinburgh-pg0.utah.cloudlab.us,2025-08-12T23:18:13.996842141Z,1755040693996,50060,10010.0,4.77,2.1,18.0,1,6,8,12
producer-1.pitur-265048.isolateedinburgh-pg0.utah.cloudlab.us,2025-08-12T23:18:19.002626986Z,1755040699002,50060,10012.0,4.77,2.2,14.0,1,7,8,12
producer-1.pitur-265048.isolateedinburgh-pg0.utah.cloudlab.us,2025-08-12T23:18:24.008280357Z,1755040704008,50064,10012.8,4.77,2.1,16.0,1,6,8,12
producer-1.pitur-265048.isolateedinburgh-pg0.utah.cloudlab.us,2025-08-12T23:18:29.014659360Z,1755040709014,50046,10009.2,4.77,2.1,14.0,1,6,7,11
producer-1.pitur-265048.isolateedinburgh-pg0.utah.cloudlab.us,2025-08-12T23:18:34.021150903Z,1755040714021,50070,10014.0,4.78,2.2,18.0,1,6,8,13
producer-1.pitur-265048.isolateedinburgh-pg0.utah.cloudlab.us,2025-08-12T23:18:39.028505688Z,1755040719028,50073,10014.6,4.78,2.2,19.0,1,6,8,14
producer-1.pitur-265048.isolateedinburgh-pg0.utah.cloudlab.us,2025-08-12T23:18:44.034403302Z,1755040724034,50057,10009.4,4.77,2.2,22.0,1,7,8,13
producer-1.pitur-265048.isolateedinburgh-pg0.utah.cloudlab.us,2025-08-12T23:18:49.039114548Z,1755040729039,50045,10009.0,4.77,2.0,15.0,1,6,8,12
producer-1.pitur-265048.isolateedinburgh-pg0.utah.cloudlab.us,2025-08-12T23:18:54.045176342Z,1755040734045,50044,10006.8,4.77,2.1,16.0,1,6,8,12
producer-1.pitur-265048.isolateedinburgh-pg0.utah.cloudlab.us,2025-08-12T23:18:59.051132194Z,1755040739051,50079,10015.8,4.78,2.2,22.0,1,7,9,13
producer-1.pitur-265048.isolateedinburgh-pg0.utah.cloudlab.us,2025-08-12T23:19:04.059089504Z,1755040744059,50065,10011.0,4.77,2.2,24.0,1,6,8,19
producer-1.pitur-265048.isolateedinburgh-pg0.utah.cloudlab.us,2025-08-12T23:19:09.062012965Z,1755040749062,50048,10009.6,4.77,2.3,19.0,1,7,8,12
producer-1.pitur-265048.isolateedinburgh-pg0.utah.cloudlab.us,2025-08-12T23:19:14.066041619Z,1755040754066,50035,10007.0,4.77,2.2,14.0,1,6,8,12
producer-1.pitur-265048.isolateedinburgh-pg0.utah.cloudlab.us,2025-08-12T23:19:19.071453289Z,1755040759071,50064,10012.8,4.77,2.2,14.0,1,6,8,11
producer-1.pitur-265048.isolateedinburgh-pg0.utah.cloudlab.us,2025-08-12T23:19:24.076249417Z,1755040764076,50037,10007.4,4.77,2.1,13.0,1,6,8,11
producer-1.pitur-265048.isolateedinburgh-pg0.utah.cloudlab.us,2025-08-12T23:19:29.084201529Z,1755040769084,50076,10011.2,4.77,2.5,76.0,1,7,10,63
producer-1.pitur-265048.isolateedinburgh-pg0.utah.cloudlab.us,2025-08-12T23:19:34.093036261Z,1755040774093,50111,10022.2,4.78,2.3,22.0,1,7,9,15
producer-1.pitur-265048.isolateedinburgh-pg0.utah.cloudlab.us,2025-08-12T23:19:39.100115322Z,1755040779100,50066,10013.2,4.77,2.2,22.0,1,7,8,13
producer-1.pitur-265048.isolateedinburgh-pg0.utah.cloudlab.us,2025-08-12T23:19:44.104489810Z,1755040784104,50035,10007.0,4.77,2.3,23.0,1,7,9,14
producer-1.pitur-265048.isolateedinburgh-pg0.utah.cloudlab.us,2025-08-12T23:19:49.109608556Z,1755040789109,50045,10009.0,4.77,2.2,16.0,1,7,8,12
producer-1.pitur-265048.isolateedinburgh-pg0.utah.cloudlab.us,2025-08-12T23:19:54.115376584Z,1755040794115,50050,10008.0,4.77,2.3,67.0,1,7,8,53
producer-1.pitur-265048.isolateedinburgh-pg0.utah.cloudlab.us,2025-08-12T23:19:59.122116830Z,1755040799122,50051,10010.2,4.77,2.4,79.0,1,7,9,66
producer-1.pitur-265048.isolateedinburgh-pg0.utah.cloudlab.us,2025-08-12T23:20:04.128010618Z,1755040804128,50085,10017.0,4.78,2.2,22.0,1,6,8,16
producer-1.pitur-265048.isolateedinburgh-pg0.utah.cloudlab.us,2025-08-12T23:20:09.136030882Z,1755040809136,50077,10013.4,4.77,2.1,18.0,1,6,8,14
producer-1.pitur-265048.isolateedinburgh-pg0.utah.cloudlab.us,2025-08-12T23:20:14.140134639Z,1755040814140,50041,10008.2,4.77,2.2,26.0,1,6,8,13
producer-1.pitur-265048.isolateedinburgh-pg0.utah.cloudlab.us,2025-08-12T23:20:19.146468618Z,1755040819146,50065,10011.0,4.77,2.1,22.0,1,6,8,12
producer-1.pitur-265048.isolateedinburgh-pg0.utah.cloudlab.us,2025-08-12T23:20:24.151076503Z,1755040824151,50060,10012.0,4.77,2.3,61.0,1,6,8,47
producer-1.pitur-265048.isolateedinburgh-pg0.utah.cloudlab.us,2025-08-12T23:20:29.157098821Z,1755040829157,50051,10010.2,4.77,2.2,22.0,1,6,8,15
producer-1.pitur-265048.isolateedinburgh-pg0.utah.cloudlab.us,2025-08-12T23:20:34.163097838Z,1755040834163,50055,10011.0,4.77,2.1,24.0,1,6,8,14
producer-1.pitur-265048.isolateedinburgh-pg0.utah.cloudlab.us,2025-08-12T23:20:39.166059787Z,1755040839166,50028,10003.6,4.77,2.1,23.0,1,6,8,14
producer-1.pitur-265048.isolateedinburgh-pg0.utah.cloudlab.us,2025-08-12T23:20:44.171553521Z,1755040844171,50067,10013.4,4.77,2.1,15.0,1,6,8,13
producer-1.pitur-265048.isolateedinburgh-pg0.utah.cloudlab.us,2025-08-12T23:20:49.176489665Z,1755040849176,50050,10010.0,4.77,2.2,17.0,1,6,8,12
producer-1.pitur-265048.isolateedinburgh-pg0.utah.cloudlab.us,2025-08-12T23:20:54.183832023Z,1755040854183,50069,10011.8,4.77,2.2,16.0,1,6,8,11
producer-1.pitur-265048.isolateedinburgh-pg0.utah.cloudlab.us,2025-08-12T23:20:59.189328634Z,1755040859189,50031,10006.2,4.77,2.4,67.0,1,7,9,56
producer-1.pitur-265048.isolateedinburgh-pg0.utah.cloudlab.us,2025-08-12T23:21:04.195193101Z,1755040864195,50072,10014.4,4.78,2.2,24.0,1,6,8,17
producer-1.pitur-265048.isolateedinburgh-pg0.utah.cloudlab.us,2025-08-12T23:21:09.199804464Z,1755040869199,50033,10006.6,4.77,2.3,18.0,1,7,9,14
producer-1.pitur-265048.isolateedinburgh-pg0.utah.cloudlab.us,2025-08-12T23:21:14.205066592Z,1755040874205,50083,10016.6,4.78,2.2,18.0,1,6,8,13
producer-1.pitur-265048.isolateedinburgh-pg0.utah.cloudlab.us,2025-08-12T23:21:19.210758296Z,1755040879210,50030,10006.0,4.77,2.2,20.0,1,6,8,13
producer-1.pitur-265048.isolateedinburgh-pg0.utah.cloudlab.us,2025-08-12T23:21:24.216647840Z,1755040884216,50081,10016.2,4.78,2.1,24.0,1,6,8,15
producer-1.pitur-265048.isolateedinburgh-pg0.utah.cloudlab.us,2025-08-12T23:21:29.222893205Z,1755040889222,50056,10011.2,4.77,2.3,17.0,1,7,8,13
producer-1.pitur-265048.isolateedinburgh-pg0.utah.cloudlab.us,2025-08-12T23:21:34.229415790Z,1755040894229,50070,10014.0,4.78,2.3,47.0,1,7,8,32
producer-1.pitur-265048.isolateedinburgh-pg0.utah.cloudlab.us,2025-08-12T23:21:39.238145479Z,1755040899238,50072,10012.4,4.77,2.2,20.0,1,6,8,17
producer-1.pitur-265048.isolateedinburgh-pg0.utah.cloudlab.us,2025-08-12T23:21:44.242844462Z,1755040904242,50055,10011.0,4.77,2.3,34.0,1,7,9,23
producer-1.pitur-265048.isolateedinburgh-pg0.utah.cloudlab.us,2025-08-12T23:21:49.248272126Z,1755040909248,50051,10010.2,4.77,2.2,16.0,1,7,9,12
producer-1.pitur-265048.isolateedinburgh-pg0.utah.cloudlab.us,2025-08-12T23:21:54.253593092Z,1755040914253,50064,10012.8,4.77,2.3,17.0,1,6,8,13
producer-1.pitur-265048.isolateedinburgh-pg0.utah.cloudlab.us,2025-08-12T23:21:59.259311710Z,1755040919259,50053,10010.6,4.77,2.3,14.0,1,7,8,12
producer-1.pitur-265048.isolateedinburgh-pg0.utah.cloudlab.us,2025-08-12T23:22:04.266304313Z,1755040924266,50054,10010.8,4.77,2.4,63.0,1,7,9,52
