hostname,timestamp_iso,timestamp_ms,records_sent,recs_per_sec,mb_per_sec,avg_latency,max_latency,p50,p95,p99,p999
producer-1.pitur-265048.isolateedinburgh-pg0.utah.cloudlab.us,2025-08-12T23:11:33.491134245Z,1755040293491,49924,9982.8,4.76,5.4,461.0,2,34,50,80
producer-1.pitur-265048.isolateedinburgh-pg0.utah.cloudlab.us,2025-08-12T23:11:38.515095195Z,1755040298515,50288,10057.6,4.80,1.9,42.0,1,6,11,31
producer-1.pitur-265048.isolateedinburgh-pg0.utah.cloudlab.us,2025-08-12T23:11:43.520639291Z,1755040303520,50050,10010.0,4.77,1.7,17.0,1,6,9,14
producer-1.pitur-265048.isolateedinburgh-pg0.utah.cloudlab.us,2025-08-12T23:11:48.528063137Z,1755040308528,50083,10016.6,4.78,1.8,19.0,1,6,9,14
producer-1.pitur-265048.isolateedinburgh-pg0.utah.cloudlab.us,2025-08-12T23:11:53.537236322Z,1755040313537,50087,10015.4,4.78,1.8,14.0,1,6,8,13
producer-1.pitur-265048.isolateedinburgh-pg0.utah.cloudlab.us,2025-08-12T23:11:58.544751068Z,1755040318544,50070,10014.0,4.78,1.8,17.0,1,6,9,14
producer-1.pitur-265048.isolateedinburgh-pg0.utah.cloudlab.us,2025-08-12T23:12:03.549740831Z,1755040323549,50029,10005.8,4.77,1.8,15.0,1,6,9,13
producer-1.pitur-265048.isolateedinburgh-pg0.utah.cloudlab.us,2025-08-12T23:12:08.556051023Z,1755040328556,50081,10014.2,4.78,2.3,87.0,1,6,26,73
producer-1.pitur-265048.isolateedinburgh-pg0.utah.cloudlab.us,2025-08-12T23:12:13.563982574Z,1755040333563,50080,10016.0,4.78,1.7,17.0,1,6,8,14
producer-1.pitur-265048.isolateedinburgh-pg0.utah.cloudlab.us,2025-08-12T23:12:18.570415445Z,1755040338570,50060,10012.0,4.77,1.8,16.0,1,6,8,13
producer-1.pitur-265048.isolateedinburgh-pg0.utah.cloudlab.us,2025-08-12T23:12:23.580191948Z,1755040343580,50091,10018.2,4.78,1.8,24.0,1,6,9,16
producer-1.pitur-265048.isolateedinburgh-pg0.utah.cloudlab.us,2025-08-12T23:12:28.585337035Z,1755040348585,50065,10013.0,4.77,1.8,17.0,1,6,8,13
producer-1.pitur-265048.isolateedinburgh-pg0.utah.cloudlab.us,2025-08-12T23:12:33.591287528Z,1755040353591,50034,10004.8,4.77,1.8,16.0,1,6,9,13
producer-1.pitur-265048.isolateedinburgh-pg0.utah.cloudlab.us,2025-08-12T23:12:38.598911322Z,1755040358598,50099,10019.8,4.78,1.9,73.0,1,6,10,61
producer-1.pitur-265048.isolateedinburgh-pg0.utah.cloudlab.us,2025-08-12T23:12:43.606734513Z,1755040363606,50081,10016.2,4.78,2.1,87.0,1,6,14,73
producer-1.pitur-265048.isolateedinburgh-pg0.utah.cloudlab.us,2025-08-12T23:12:48.611349126Z,1755040368611,50036,10007.2,4.77,1.7,19.0,1,5,8,14
producer-1.pitur-265048.isolateedinburgh-pg0.utah.cloudlab.us,2025-08-12T23:12:53.616203106Z,1755040373616,50060,10012.0,4.77,1.7,16.0,1,6,8,12
producer-1.pitur-265048.isolateedinburgh-pg0.utah.cloudlab.us,2025-08-12T23:12:58.622174876Z,1755040378622,50059,10011.8,4.77,1.8,20.0,1,6,8,14
producer-1.pitur-265048.isolateedinburgh-pg0.utah.cloudlab.us,2025-08-12T23:13:03.629258007Z,1755040383629,50065,10011.0,4.77,1.7,19.0,1,5,8,12
producer-1.pitur-265048.isolateedinburgh-pg0.utah.cloudlab.us,2025-08-12T23:13:08.636039545Z,1755040388636,50070,10012.0,4.77,1.9,73.0,1,6,9,60
producer-1.pitur-265048.isolateedinburgh-pg0.utah.cloudlab.us,2025-08-12T23:13:13.641132477Z,1755040393641,50059,10011.8,4.77,1.9,67.0,1,6,9,56
producer-1.pitur-265048.isolateedinburgh-pg0.utah.cloudlab.us,2025-08-12T23:13:18.646179847Z,1755040398646,50041,10008.2,4.77,1.8,16.0,1,6,8,13
producer-1.pitur-265048.isolateedinburgh-pg0.utah.cloudlab.us,2025-08-12T23:13:23.652033570Z,1755040403652,50065,10013.0,4.77,1.7,20.0,1,6,8,14
producer-1.pitur-265048.isolateedinburgh-pg0.utah.cloudlab.us,2025-08-12T23:13:28.661072322Z,1755040408661,50091,10018.2,4.78,1.8,24.0,1,6,8,16
producer-1.pitur-265048.isolateedinburgh-pg0.utah.cloudlab.us,2025-08-12T23:13:33.665961763Z,1755040413665,50043,10008.6,4.77,1.8,16.0,1,6,8,12
producer-1.pitur-265048.isolateedinburgh-pg0.utah.cloudlab.us,2025-08-12T23:13:38.670351613Z,1755040418670,50057,10011.4,4.77,1.8,36.0,1,6,8,23
producer-1.pitur-265048.isolateedinburgh-pg0.utah.cloudlab.us,2025-08-12T23:13:43.676488579Z,1755040423676,50053,10008.6,4.77,1.9,72.0,1,5,10,58
producer-1.pitur-265048.isolateedinburgh-pg0.utah.cloudlab.us,2025-08-12T23:13:48.683585908Z,1755040428683,50066,10013.2,4.77,1.8,17.0,1,6,8,12
producer-1.pitur-265048.isolateedinburgh-pg0.utah.cloudlab.us,2025-08-12T23:13:53.692128219Z,1755040433692,50085,10017.0,4.78,1.7,19.0,1,5,8,15
producer-1.pitur-265048.isolateedinburgh-pg0.utah.cloudlab.us,2025-08-12T23:13:58.698621161Z,1755040438698,50069,10011.8,4.77,1.7,20.0,1,6,8,12
producer-1.pitur-265048.isolateedinburgh-pg0.utah.cloudlab.us,2025-08-12T23:14:03.704147989Z,1755040443704,50053,10008.6,4.77,1.6,15.0,1,5,8,13
producer-1.pitur-265048.isolateedinburgh-pg0.utah.cloudlab.us,2025-08-12T23:14:08.711381411Z,1755040448711,50077,10013.4,4.77,1.7,47.0,1,6,8,36
producer-1.pitur-265048.isolateedinburgh-pg0.utah.cloudlab.us,2025-08-12T23:14:13.718132185Z,1755040453718,50060,10012.0,4.77,2.1,77.0,1,6,10,65
producer-1.pitur-265048.isolateedinburgh-pg0.utah.cloudlab.us,2025-08-12T23:14:18.724391403Z,1755040458724,50051,10010.2,4.77,1.8,19.0,1,6,8,14
producer-1.pitur-265048.isolateedinburgh-pg0.utah.cloudlab.us,2025-08-12T23:14:23.729634138Z,1755040463729,50056,10011.2,4.77,1.7,18.0,1,6,8,15
producer-1.pitur-265048.isolateedinburgh-pg0.utah.cloudlab.us,2025-08-12T23:14:28.734569607Z,1755040468734,50054,10010.8,4.77,1.7,19.0,1,6,8,13
producer-1.pitur-265048.isolateedinburgh-pg0.utah.cloudlab.us,2025-08-12T23:14:33.740078317Z,1755040473740,50063,10012.6,4.77,1.8,25.0,1,6,8,18
producer-1.pitur-265048.isolateedinburgh-pg0.utah.cloudlab.us,2025-08-12T23:14:38.748142843Z,1755040478748,50080,10014.0,4.78,2.0,65.0,1,6,10,53
producer-1.pitur-265048.isolateedinburgh-pg0.utah.cloudlab.us,2025-08-12T23:14:43.753135188Z,1755040483753,50046,10007.2,4.77,1.9,57.0,1,6,9,45
producer-1.pitur-265048.isolateedinburgh-pg0.utah.cloudlab.us,2025-08-12T23:14:48.758210418Z,1755040488758,50060,10010.0,4.77,1.9,77.0,1,6,9,65
producer-1.pitur-265048.isolateedinburgh-pg0.utah.cloudlab.us,2025-08-12T23:14:53.763262700Z,1755040493763,50038,10007.6,4.77,1.6,14.0,1,6,8,11
producer-1.pitur-265048.isolateedinburgh-pg0.utah.cloudlab.us,2025-08-12T23:14:58.769526529Z,1755040498769,50055,10011.0,4.77,1.7,16.0,1,6,8,14
producer-1.pitur-265048.isolateedinburgh-pg0.utah.cloudlab.us,2025-08-12T23:15:03.777809098Z,1755040503777,50098,10019.6,4.78,1.7,23.0,1,5,8,17
producer-1.pitur-265048.isolateedinburgh-pg0.utah.cloudlab.us,2025-08-12T23:15:08.784017683Z,1755040508784,50052,10010.4,4.77,2.0,85.0,1,6,10,71
producer-1.pitur-265048.isolateedinburgh-pg0.utah.cloudlab.us,2025-08-12T23:15:13.788216715Z,1755040513788,50059,10011.8,4.77,1.8,17.0,1,6,8,14
producer-1.pitur-265048.isolateedinburgh-pg0.utah.cloudlab.us,2025-08-12T23:15:18.793500009Z,1755040518793,50039,10007.8,4.77,2.0,82.0,1,6,9,70
producer-1.pitur-265048.isolateedinburgh-pg0.utah.cloudlab.us,2025-08-12T23:15:23.800065481Z,1755040523800,50063,10012.6,4.77,1.8,41.0,1,6,9,31
producer-1.pitur-265048.isolateedinburgh-pg0.utah.cloudlab.us,2025-08-12T23:15:28.805586191Z,1755040528805,50067,10013.4,4.77,1.7,19.0,1,5,7,14
producer-1.pitur-265048.isolateedinburgh-pg0.utah.cloudlab.us,2025-08-12T23:15:33.814515694Z,1755040533814,50072,10012.4,4.77,1.8,23.0,1,6,8,14
producer-1.pitur-265048.isolateedinburgh-pg0.utah.cloudlab.us,2025-08-12T23:15:38.819335127Z,1755040538819,50067,10011.4,4.77,1.7,17.0,1,6,8,13
producer-1.pitur-265048.isolateedinburgh-pg0.utah.cloudlab.us,2025-08-12T23:15:43.823290120Z,1755040543823,50024,10004.8,4.77,1.8,60.0,1,5,7,45
producer-1.pitur-265048.isolateedinburgh-pg0.utah.cloudlab.us,2025-08-12T23:15:48.829062107Z,1755040548829,50053,10008.6,4.77,1.9,52.0,1,6,9,43
producer-1.pitur-265048.isolateedinburgh-pg0.utah.cloudlab.us,2025-08-12T23:15:53.837562908Z,1755040553837,50094,10014.8,4.78,1.8,21.0,1,6,8,16
producer-1.pitur-265048.isolateedinburgh-pg0.utah.cloudlab.us,2025-08-12T23:15:58.844628143Z,1755040558844,50080,10016.0,4.78,1.8,48.0,1,5,8,36
producer-1.pitur-265048.isolateedinburgh-pg0.utah.cloudlab.us,2025-08-12T23:16:03.848029211Z,1755040563848,50030,10006.0,4.77,1.7,16.0,1,6,7,14
producer-1.pitur-265048.isolateedinburgh-pg0.utah.cloudlab.us,2025-08-12T23:16:08.852438311Z,1755040568852,50027,10005.4,4.77,1.8,15.0,1,6,8,13
producer-1.pitur-265048.isolateedinburgh-pg0.utah.cloudlab.us,2025-08-12T23:16:13.857011788Z,1755040573857,50063,10012.6,4.77,1.8,49.0,1,6,8,35
producer-1.pitur-265048.isolateedinburgh-pg0.utah.cloudlab.us,2025-08-12T23:16:18.863229715Z,1755040578863,50053,10010.6,4.77,1.8,33.0,1,6,8,21
producer-1.pitur-265048.isolateedinburgh-pg0.utah.cloudlab.us,2025-08-12T23:16:23.870780849Z,1755040583870,50087,10017.4,4.78,1.9,40.0,1,6,10,27
producer-1.pitur-265048.isolateedinburgh-pg0.utah.cloudlab.us,2025-08-12T23:16:28.875098982Z,1755040588875,50039,10005.8,4.77,1.8,25.0,1,6,7,14
producer-1.pitur-265048.isolateedinburgh-pg0.utah.cloudlab.us,2025-08-12T23:16:33.880928270Z,1755040593880,50061,10012.2,4.77,1.8,23.0,1,6,7,17
producer-1.pitur-265048.isolateedinburgh-pg0.utah.cloudlab.us,2025-08-12T23:16:38.886446222Z,1755040598886,50057,10011.4,4.77,1.8,15.0,1,6,8,12
producer-1.pitur-265048.isolateedinburgh-pg0.utah.cloudlab.us,2025-08-12T23:16:43.892248863Z,1755040603892,50038,10007.6,4.77,1.7,13.0,1,6,7,12
producer-1.pitur-265048.isolateedinburgh-pg0.utah.cloudlab.us,2025-08-12T23:16:48.898699596Z,1755040608898,50085,10017.0,4.78,1.9,70.0,1,6,8,58
producer-1.pitur-265048.isolateedinburgh-pg0.utah.cloudlab.us,2025-08-12T23:16:53.905045900Z,1755040613905,50046,10005.2,4.77,1.8,23.0,1,6,8,15
producer-1.pitur-265048.isolateedinburgh-pg0.utah.cloudlab.us,2025-08-12T23:16:58.909175355Z,1755040618909,50063,10012.6,4.77,1.6,14.0,1,5,7,12
producer-1.pitur-265048.isolateedinburgh-pg0.utah.cloudlab.us,2025-08-12T23:17:03.916097973Z,1755040623916,50047,10005.4,4.77,1.7,13.0,1,5,7,10
producer-1.pitur-265048.isolateedinburgh-pg0.utah.cloudlab.us,2025-08-12T23:17:08.924006465Z,1755040628924,50094,10014.8,4.78,1.7,20.0,1,5,7,12
producer-1.pitur-265048.isolateedinburgh-pg0.utah.cloudlab.us,2025-08-12T23:17:13.932720392Z,1755040633932,50073,10014.6,4.78,1.7,18.0,1,6,7,14
producer-1.pitur-265048.isolateedinburgh-pg0.utah.cloudlab.us,2025-08-12T23:17:18.937500355Z,1755040638937,50056,10009.2,4.77,1.8,17.0,1,6,8,11
producer-1.pitur-265048.isolateedinburgh-pg0.utah.cloudlab.us,2025-08-12T23:17:23.942412657Z,1755040643942,50051,10010.2,4.77,1.7,22.0,1,5,8,11
producer-1.pitur-265048.isolateedinburgh-pg0.utah.cloudlab.us,2025-08-12T23:17:28.949045882Z,1755040648949,50079,10015.8,4.78,1.8,13.0,1,6,8,11
producer-1.pitur-265048.isolateedinburgh-pg0.utah.cloudlab.us,2025-08-12T23:17:33.958053972Z,1755040653958,50080,10012.0,4.77,1.9,59.0,1,6,8,47
producer-1.pitur-265048.isolateedinburgh-pg0.utah.cloudlab.us,2025-08-12T23:17:38.965225139Z,1755040658965,50057,10009.4,4.77,1.9,14.0,1,6,8,13
producer-1.pitur-265048.isolateedinburgh-pg0.utah.cloudlab.us,2025-08-12T23:17:43.972112738Z,1755040663972,50084,10016.8,4.78,1.8,21.0,1,6,7,14
producer-1.pitur-265048.isolateedinburgh-pg0.utah.cloudlab.us,2025-08-12T23:17:48.976191882Z,1755040668976,50058,10011.6,4.77,1.8,15.0,1,6,8,11
producer-1.pitur-265048.isolateedinburgh-pg0.utah.cloudlab.us,2025-08-12T23:17:53.982026855Z,1755040673982,50042,10006.4,4.77,1.7,28.0,1,6,7,15
producer-1.pitur-265048.isolateedinburgh-pg0.utah.cloudlab.us,2025-08-12T23:17:58.987372194Z,1755040678987,50067,10013.4,4.77,1.7,14.0,1,6,7,12
producer-1.pitur-265048.isolateedinburgh-pg0.utah.cloudlab.us,2025-08-12T23:18:03.993049604Z,1755040683993,50049,10009.8,4.77,1.9,70.0,1,6,8,58
producer-1.pitur-265048.isolateedinburgh-pg0.utah.cloudlab.us,2025-08-12T23:18:08.998723620Z,1755040688998,50052,10008.4,4.77,1.8,25.0,1,6,8,12
producer-1.pitur-265048.isolateedinburgh-pg0.utah.cloudlab.us,2025-08-12T23:18:14.003472325Z,1755040694003,50052,10010.4,4.77,1.7,18.0,1,6,7,12
producer-1.pitur-265048.isolateedinburgh-pg0.utah.cloudlab.us,2025-08-12T23:18:19.008295607Z,1755040699008,50051,10010.2,4.77,1.7,12.0,1,5,7,11
producer-1.pitur-265048.isolateedinburgh-pg0.utah.cloudlab.us,2025-08-12T23:18:24.013081194Z,1755040704013,50039,10007.8,4.77,1.7,17.0,1,5,7,11
producer-1.pitur-265048.isolateedinburgh-pg0.utah.cloudlab.us,2025-08-12T23:18:29.021381562Z,1755040709021,50085,10017.0,4.78,1.7,15.0,1,5,7,12
producer-1.pitur-265048.isolateedinburgh-pg0.utah.cloudlab.us,2025-08-12T23:18:34.028883951Z,1755040714028,50074,10014.8,4.78,1.8,19.0,1,6,7,13
producer-1.pitur-265048.isolateedinburgh-pg0.utah.cloudlab.us,2025-08-12T23:18:39.032011648Z,1755040719032,50035,10007.0,4.77,1.8,17.0,1,6,7,12
producer-1.pitur-265048.isolateedinburgh-pg0.utah.cloudlab.us,2025-08-12T23:18:44.036567664Z,1755040724036,50046,10009.2,4.77,1.8,15.0,1,6,7,10
producer-1.pitur-265048.isolateedinburgh-pg0.utah.cloudlab.us,2025-08-12T23:18:49.042205197Z,1755040729042,50059,10011.8,4.77,1.8,11.0,1,6,7,10
producer-1.pitur-265048.isolateedinburgh-pg0.utah.cloudlab.us,2025-08-12T23:18:54.049170605Z,1755040734049,50061,10010.2,4.77,1.8,13.0,1,6,7,12
producer-1.pitur-265048.isolateedinburgh-pg0.utah.cloudlab.us,2025-08-12T23:18:59.056557713Z,1755040739056,50078,10015.6,4.78,1.7,18.0,1,6,8,13
producer-1.pitur-265048.isolateedinburgh-pg0.utah.cloudlab.us,2025-08-12T23:19:04.061259226Z,1755040744061,50042,10008.4,4.77,1.7,21.0,1,5,7,12
producer-1.pitur-265048.isolateedinburgh-pg0.utah.cloudlab.us,2025-08-12T23:19:09.067619924Z,1755040749067,50070,10012.0,4.77,1.7,13.0,1,5,7,9
producer-1.pitur-265048.isolateedinburgh-pg0.utah.cloudlab.us,2025-08-12T23:19:14.072116876Z,1755040754072,50039,10007.8,4.77,1.8,14.0,1,6,7,10
producer-1.pitur-265048.isolateedinburgh-pg0.utah.cloudlab.us,2025-08-12T23:19:19.079773480Z,1755040759079,50065,10011.0,4.77,1.8,16.0,1,6,7,11
producer-1.pitur-265048.isolateedinburgh-pg0.utah.cloudlab.us,2025-08-12T23:19:24.086212061Z,1755040764086,50079,10015.8,4.78,1.6,19.0,1,5,7,14
producer-1.pitur-265048.isolateedinburgh-pg0.utah.cloudlab.us,2025-08-12T23:19:29.089122041Z,1755040769089,50027,10005.4,4.77,1.8,65.0,1,6,8,53
producer-1.pitur-265048.isolateedinburgh-pg0.utah.cloudlab.us,2025-08-12T23:19:34.094549907Z,1755040774094,50057,10011.4,4.77,1.7,14.0,1,5,7,10
producer-1.pitur-265048.isolateedinburgh-pg0.utah.cloudlab.us,2025-08-12T23:19:39.100452793Z,1755040779100,50063,10012.6,4.77,1.7,14.0,1,5,7,11
producer-1.pitur-265048.isolateedinburgh-pg0.utah.cloudlab.us,2025-08-12T23:19:44.105974590Z,1755040784105,50050,10010.0,4.77,1.8,14.0,1,6,7,11
producer-1.pitur-265048.isolateedinburgh-pg0.utah.cloudlab.us,2025-08-12T23:19:49.113841361Z,1755040789113,50080,10016.0,4.78,1.8,23.0,1,6,7,13
producer-1.pitur-265048.isolateedinburgh-pg0.utah.cloudlab.us,2025-08-12T23:19:54.117088476Z,1755040794117,50037,10007.4,4.77,1.9,66.0,1,6,8,54
producer-1.pitur-265048.isolateedinburgh-pg0.utah.cloudlab.us,2025-08-12T23:19:59.121886343Z,1755040799121,50025,10005.0,4.77,2.0,76.0,1,6,8,61
producer-1.pitur-265048.isolateedinburgh-pg0.utah.cloudlab.us,2025-08-12T23:20:04.128190792Z,1755040804128,50084,10016.8,4.78,1.8,24.0,1,6,8,15
producer-1.pitur-265048.isolateedinburgh-pg0.utah.cloudlab.us,2025-08-12T23:20:09.135785647Z,1755040809135,50074,10012.8,4.77,1.7,14.0,1,5,7,11
producer-1.pitur-265048.isolateedinburgh-pg0.utah.cloudlab.us,2025-08-12T23:20:14.141146067Z,1755040814141,50052,10010.4,4.77,1.6,18.0,1,5,7,11
producer-1.pitur-265048.isolateedinburgh-pg0.utah.cloudlab.us,2025-08-12T23:20:19.145811707Z,1755040819145,50041,10008.2,4.77,1.7,16.0,1,5,7,11
producer-1.pitur-265048.isolateedinburgh-pg0.utah.cloudlab.us,2025-08-12T23:20:24.151294084Z,1755040824151,50057,10011.4,4.77,1.8,61.0,1,5,7,47
producer-1.pitur-265048.isolateedinburgh-pg0.utah.cloudlab.us,2025-08-12T23:20:29.156127909Z,1755040829156,50040,10008.0,4.77,1.8,19.0,1,6,7,14
producer-1.pitur-265048.isolateedinburgh-pg0.utah.cloudlab.us,2025-08-12T23:20:34.162431525Z,1755040834162,50053,10010.6,4.77,1.7,18.0,1,6,7,12
producer-1.pitur-265048.isolateedinburgh-pg0.utah.cloudlab.us,2025-08-12T23:20:39.168419378Z,1755040839168,50077,10015.4,4.78,1.7,22.0,1,5,7,16
producer-1.pitur-265048.isolateedinburgh-pg0.utah.cloudlab.us,2025-08-12T23:20:44.171612867Z,1755040844171,50029,10005.8,4.77,1.8,20.0,1,6,7,12
producer-1.pitur-265048.isolateedinburgh-pg0.utah.cloudlab.us,2025-08-12T23:20:49.176151588Z,1755040849176,50044,10008.8,4.77,1.7,15.0,1,5,7,10
producer-1.pitur-265048.isolateedinburgh-pg0.utah.cloudlab.us,2025-08-12T23:20:54.181793403Z,1755040854181,50066,10013.2,4.77,1.7,14.0,1,5,7,11
producer-1.pitur-265048.isolateedinburgh-pg0.utah.cloudlab.us,2025-08-12T23:20:59.188119180Z,1755040859188,50054,10008.8,4.77,1.8,62.0,1,6,7,47
producer-1.pitur-265048.isolateedinburgh-pg0.utah.cloudlab.us,2025-08-12T23:21:04.198289153Z,1755040864198,49946,9981.2,4.76,1.8,25.0,1,6,7,16
producer-1.pitur-265048.isolateedinburgh-pg0.utah.cloudlab.us,2025-08-12T23:21:09.203539457Z,1755040869203,50211,10040.2,4.79,1.8,24.0,1,5,7,13
producer-1.pitur-265048.isolateedinburgh-pg0.utah.cloudlab.us,2025-08-12T23:21:14.208520038Z,1755040874208,50059,10011.8,4.77,1.7,20.0,1,5,7,11
producer-1.pitur-265048.isolateedinburgh-pg0.utah.cloudlab.us,2025-08-12T23:21:19.213629491Z,1755040879213,50059,10011.8,4.77,1.7,15.0,1,6,7,10
producer-1.pitur-265048.isolateedinburgh-pg0.utah.cloudlab.us,2025-08-12T23:21:24.219030361Z,1755040884219,50045,10009.0,4.77,1.7,15.0,1,6,7,11
producer-1.pitur-265048.isolateedinburgh-pg0.utah.cloudlab.us,2025-08-12T23:21:29.225140016Z,1755040889225,50064,10012.8,4.77,1.8,16.0,1,6,7,12
producer-1.pitur-265048.isolateedinburgh-pg0.utah.cloudlab.us,2025-08-12T23:21:34.230874688Z,1755040894230,50053,10008.6,4.77,1.8,38.0,1,6,8,25
producer-1.pitur-265048.isolateedinburgh-pg0.utah.cloudlab.us,2025-08-12T23:21:39.235316354Z,1755040899235,50057,10011.4,4.77,1.7,17.0,1,6,8,13
producer-1.pitur-265048.isolateedinburgh-pg0.utah.cloudlab.us,2025-08-12T23:21:44.240178506Z,1755040904240,50046,10009.2,4.77,1.8,40.0,1,6,7,27
producer-1.pitur-265048.isolateedinburgh-pg0.utah.cloudlab.us,2025-08-12T23:21:49.246038002Z,1755040909246,50047,10009.4,4.77,1.7,12.0,1,5,7,10
producer-1.pitur-265048.isolateedinburgh-pg0.utah.cloudlab.us,2025-08-12T23:21:54.252028997Z,1755040914252,50060,10012.0,4.77,1.6,21.0,1,5,7,13
producer-1.pitur-265048.isolateedinburgh-pg0.utah.cloudlab.us,2025-08-12T23:21:59.257068235Z,1755040919257,50043,10006.6,4.77,1.7,16.0,1,5,7,11
producer-1.pitur-265048.isolateedinburgh-pg0.utah.cloudlab.us,2025-08-12T23:22:04.262144114Z,1755040924262,50057,10011.4,4.77,1.9,61.0,1,6,8,49
