hostname,timestamp_iso,timestamp_ms,records_sent,recs_per_sec,mb_per_sec,avg_latency,max_latency,p50,p95,p99,p999
producer-1.pitur-265048.isolateedinburgh-pg0.utah.cloudlab.us,2025-08-12T23:11:33.284094691Z,1755040293284,49963,9990.6,4.76,6.9,3304.0,6,16,23,45
producer-1.pitur-265048.isolateedinburgh-pg0.utah.cloudlab.us,2025-08-12T23:11:38.314180684Z,1755040298314,50317,10063.4,4.80,2.0,42.0,1,6,11,38
producer-1.pitur-265048.isolateedinburgh-pg0.utah.cloudlab.us,2025-08-12T23:11:43.325940413Z,1755040303325,50122,10024.4,4.78,1.8,20.0,1,6,9,17
producer-1.pitur-265048.isolateedinburgh-pg0.utah.cloudlab.us,2025-08-12T23:11:48.333843052Z,1755040308333,50070,10014.0,4.78,1.8,19.0,1,6,9,16
producer-1.pitur-265048.isolateedinburgh-pg0.utah.cloudlab.us,2025-08-12T23:11:53.341550993Z,1755040313341,50079,10013.8,4.77,1.8,18.0,1,6,8,16
producer-1.pitur-265048.isolateedinburgh-pg0.utah.cloudlab.us,2025-08-12T23:11:58.349480172Z,1755040318349,50071,10014.2,4.78,1.9,16.0,1,6,8,13
producer-1.pitur-265048.isolateedinburgh-pg0.utah.cloudlab.us,2025-08-12T23:12:03.357427849Z,1755040323357,50090,10018.0,4.78,1.8,15.0,1,6,8,14
producer-1.pitur-265048.isolateedinburgh-pg0.utah.cloudlab.us,2025-08-12T23:12:08.362212Z,1755040328362,50040,10008.0,4.77,2.3,85.0,1,6,20,70
producer-1.pitur-265048.isolateedinburgh-pg0.utah.cloudlab.us,2025-08-12T23:12:13.368691499Z,1755040333368,50064,10012.8,4.77,1.9,49.0,1,6,9,35
producer-1.pitur-265048.isolateedinburgh-pg0.utah.cloudlab.us,2025-08-12T23:12:18.376254900Z,1755040338376,50082,10016.4,4.78,1.8,18.0,1,6,9,16
producer-1.pitur-265048.isolateedinburgh-pg0.utah.cloudlab.us,2025-08-12T23:12:23.384756013Z,1755040343384,50078,10015.6,4.78,1.8,20.0,1,6,8,14
producer-1.pitur-265048.isolateedinburgh-pg0.utah.cloudlab.us,2025-08-12T23:12:28.390072034Z,1755040348390,50034,10004.8,4.77,1.8,21.0,1,6,9,15
producer-1.pitur-265048.isolateedinburgh-pg0.utah.cloudlab.us,2025-08-12T23:12:33.395345476Z,1755040353395,50084,10016.8,4.78,1.8,22.0,1,6,8,16
producer-1.pitur-265048.isolateedinburgh-pg0.utah.cloudlab.us,2025-08-12T23:12:38.400393523Z,1755040358400,50047,10009.4,4.77,1.9,73.0,1,6,10,59
producer-1.pitur-265048.isolateedinburgh-pg0.utah.cloudlab.us,2025-08-12T23:12:43.407297309Z,1755040363407,50072,10014.4,4.78,2.2,87.0,1,6,13,76
producer-1.pitur-265048.isolateedinburgh-pg0.utah.cloudlab.us,2025-08-12T23:12:48.414316722Z,1755040368414,50026,10005.2,4.77,1.8,18.0,1,6,8,16
producer-1.pitur-265048.isolateedinburgh-pg0.utah.cloudlab.us,2025-08-12T23:12:53.421352313Z,1755040373421,50096,10015.2,4.78,1.9,19.0,1,6,9,14
producer-1.pitur-265048.isolateedinburgh-pg0.utah.cloudlab.us,2025-08-12T23:12:58.427105004Z,1755040378427,50067,10013.4,4.77,1.8,20.0,1,6,8,13
producer-1.pitur-265048.isolateedinburgh-pg0.utah.cloudlab.us,2025-08-12T23:13:03.432033819Z,1755040383432,50062,10012.4,4.77,1.7,17.0,1,6,8,13
producer-1.pitur-265048.isolateedinburgh-pg0.utah.cloudlab.us,2025-08-12T23:13:08.439016261Z,1755040388439,50059,10011.8,4.77,2.0,74.0,1,6,10,60
producer-1.pitur-265048.isolateedinburgh-pg0.utah.cloudlab.us,2025-08-12T23:13:13.443536884Z,1755040393443,50039,10007.8,4.77,2.0,68.0,1,6,10,54
producer-1.pitur-265048.isolateedinburgh-pg0.utah.cloudlab.us,2025-08-12T23:13:18.449374346Z,1755040398449,50047,10009.4,4.77,1.8,19.0,1,6,9,14
producer-1.pitur-265048.isolateedinburgh-pg0.utah.cloudlab.us,2025-08-12T23:13:23.455222549Z,1755040403455,50065,10013.0,4.77,1.9,17.0,1,6,9,16
producer-1.pitur-265048.isolateedinburgh-pg0.utah.cloudlab.us,2025-08-12T23:13:28.462463412Z,1755040408462,50082,10016.4,4.78,1.8,22.0,1,6,9,17
producer-1.pitur-265048.isolateedinburgh-pg0.utah.cloudlab.us,2025-08-12T23:13:33.467225922Z,1755040413467,50045,10009.0,4.77,1.8,17.0,1,6,9,15
producer-1.pitur-265048.isolateedinburgh-pg0.utah.cloudlab.us,2025-08-12T23:13:38.472066065Z,1755040418472,50040,10008.0,4.77,1.9,38.0,1,6,9,25
producer-1.pitur-265048.isolateedinburgh-pg0.utah.cloudlab.us,2025-08-12T23:13:43.477367171Z,1755040423477,50058,10011.6,4.77,2.2,68.0,1,7,13,57
producer-1.pitur-265048.isolateedinburgh-pg0.utah.cloudlab.us,2025-08-12T23:13:48.483210416Z,1755040428483,50053,10010.6,4.77,1.8,19.0,1,6,9,16
producer-1.pitur-265048.isolateedinburgh-pg0.utah.cloudlab.us,2025-08-12T23:13:53.492647444Z,1755040433492,50109,10021.8,4.78,1.8,21.0,1,6,8,16
producer-1.pitur-265048.isolateedinburgh-pg0.utah.cloudlab.us,2025-08-12T23:13:58.497901131Z,1755040438497,50045,10009.0,4.77,1.9,20.0,1,6,9,14
producer-1.pitur-265048.isolateedinburgh-pg0.utah.cloudlab.us,2025-08-12T23:14:03.503484346Z,1755040443503,50054,10010.8,4.77,1.7,17.0,1,6,8,14
producer-1.pitur-265048.isolateedinburgh-pg0.utah.cloudlab.us,2025-08-12T23:14:08.509781038Z,1755040448509,50059,10011.8,4.77,2.0,49.0,1,6,9,38
producer-1.pitur-265048.isolateedinburgh-pg0.utah.cloudlab.us,2025-08-12T23:14:13.517124132Z,1755040453517,50009,9999.8,4.77,2.0,26.0,1,6,9,19
producer-1.pitur-265048.isolateedinburgh-pg0.utah.cloudlab.us,2025-08-12T23:14:18.521889475Z,1755040458521,50124,10024.8,4.78,2.1,83.0,1,6,9,71
producer-1.pitur-265048.isolateedinburgh-pg0.utah.cloudlab.us,2025-08-12T23:14:23.526637314Z,1755040463526,50050,10010.0,4.77,1.8,22.0,1,6,9,15
producer-1.pitur-265048.isolateedinburgh-pg0.utah.cloudlab.us,2025-08-12T23:14:28.532648779Z,1755040468532,50051,10010.2,4.77,1.9,18.0,1,6,9,16
producer-1.pitur-265048.isolateedinburgh-pg0.utah.cloudlab.us,2025-08-12T23:14:33.539545387Z,1755040473539,50079,10015.8,4.78,1.9,21.0,1,6,8,17
producer-1.pitur-265048.isolateedinburgh-pg0.utah.cloudlab.us,2025-08-12T23:14:38.546034453Z,1755040478546,50067,10013.4,4.77,2.0,65.0,1,6,9,53
producer-1.pitur-265048.isolateedinburgh-pg0.utah.cloudlab.us,2025-08-12T23:14:43.551269165Z,1755040483551,50061,10012.2,4.77,1.8,58.0,1,6,9,46
producer-1.pitur-265048.isolateedinburgh-pg0.utah.cloudlab.us,2025-08-12T23:14:48.556520005Z,1755040488556,50044,10008.8,4.77,2.0,78.0,1,6,10,66
producer-1.pitur-265048.isolateedinburgh-pg0.utah.cloudlab.us,2025-08-12T23:14:53.562499676Z,1755040493562,50036,10007.2,4.77,1.9,18.0,1,6,9,13
producer-1.pitur-265048.isolateedinburgh-pg0.utah.cloudlab.us,2025-08-12T23:14:58.568814714Z,1755040498568,50081,10016.2,4.78,1.9,17.0,1,6,8,11
producer-1.pitur-265048.isolateedinburgh-pg0.utah.cloudlab.us,2025-08-12T23:15:03.575758762Z,1755040503575,50057,10011.4,4.77,1.9,16.0,1,6,9,13
producer-1.pitur-265048.isolateedinburgh-pg0.utah.cloudlab.us,2025-08-12T23:15:08.580385478Z,1755040508580,50050,10010.0,4.77,2.1,81.0,1,6,9,70
producer-1.pitur-265048.isolateedinburgh-pg0.utah.cloudlab.us,2025-08-12T23:15:13.586036908Z,1755040513586,50069,10013.8,4.77,1.8,19.0,1,6,8,12
producer-1.pitur-265048.isolateedinburgh-pg0.utah.cloudlab.us,2025-08-12T23:15:18.592246810Z,1755040518592,50048,10009.6,4.77,2.1,89.0,1,6,9,79
producer-1.pitur-265048.isolateedinburgh-pg0.utah.cloudlab.us,2025-08-12T23:15:23.598608060Z,1755040523598,50076,10015.2,4.78,1.9,40.0,1,6,9,30
producer-1.pitur-265048.isolateedinburgh-pg0.utah.cloudlab.us,2025-08-12T23:15:28.602457460Z,1755040528602,50047,10009.4,4.77,1.8,21.0,1,6,8,12
producer-1.pitur-265048.isolateedinburgh-pg0.utah.cloudlab.us,2025-08-12T23:15:33.607183300Z,1755040533607,50038,10007.6,4.77,1.7,18.0,1,6,7,11
producer-1.pitur-265048.isolateedinburgh-pg0.utah.cloudlab.us,2025-08-12T23:15:38.613874826Z,1755040538613,50065,10013.0,4.77,1.9,18.0,1,6,8,12
producer-1.pitur-265048.isolateedinburgh-pg0.utah.cloudlab.us,2025-08-12T23:15:43.622630857Z,1755040543622,50081,10014.2,4.78,2.0,60.0,1,6,8,48
producer-1.pitur-265048.isolateedinburgh-pg0.utah.cloudlab.us,2025-08-12T23:15:48.629345514Z,1755040548629,50083,10016.6,4.78,2.0,51.0,1,6,10,47
producer-1.pitur-265048.isolateedinburgh-pg0.utah.cloudlab.us,2025-08-12T23:15:53.633526394Z,1755040553633,50033,10006.6,4.77,1.7,18.0,1,5,7,12
producer-1.pitur-265048.isolateedinburgh-pg0.utah.cloudlab.us,2025-08-12T23:15:58.638722934Z,1755040558638,50040,10008.0,4.77,1.9,48.0,1,6,9,34
producer-1.pitur-265048.isolateedinburgh-pg0.utah.cloudlab.us,2025-08-12T23:16:03.644485563Z,1755040563644,50060,10012.0,4.77,1.9,19.0,1,6,9,14
producer-1.pitur-265048.isolateedinburgh-pg0.utah.cloudlab.us,2025-08-12T23:16:08.651012817Z,1755040568651,50068,10011.6,4.77,1.8,20.0,1,6,8,14
producer-1.pitur-265048.isolateedinburgh-pg0.utah.cloudlab.us,2025-08-12T23:16:13.657348264Z,1755040573657,50076,10015.2,4.78,2.0,48.0,1,6,9,36
producer-1.pitur-265048.isolateedinburgh-pg0.utah.cloudlab.us,2025-08-12T23:16:18.661241380Z,1755040578661,49995,9999.0,4.77,1.8,35.0,1,6,8,21
producer-1.pitur-265048.isolateedinburgh-pg0.utah.cloudlab.us,2025-08-12T23:16:23.666069666Z,1755040583666,50096,10019.2,4.78,1.9,41.0,1,6,8,30
producer-1.pitur-265048.isolateedinburgh-pg0.utah.cloudlab.us,2025-08-12T23:16:28.671637632Z,1755040588671,50036,10007.2,4.77,1.9,23.0,1,6,8,12
producer-1.pitur-265048.isolateedinburgh-pg0.utah.cloudlab.us,2025-08-12T23:16:33.678016274Z,1755040593678,50083,10016.6,4.78,1.8,18.0,1,6,8,14
producer-1.pitur-265048.isolateedinburgh-pg0.utah.cloudlab.us,2025-08-12T23:16:38.683696990Z,1755040598683,50041,10006.2,4.77,1.9,21.0,1,6,8,11
producer-1.pitur-265048.isolateedinburgh-pg0.utah.cloudlab.us,2025-08-12T23:16:43.688579075Z,1755040603688,50061,10012.2,4.77,1.8,14.0,1,6,7,11
producer-1.pitur-265048.isolateedinburgh-pg0.utah.cloudlab.us,2025-08-12T23:16:48.694165030Z,1755040608694,50046,10009.2,4.77,1.9,70.0,1,6,8,56
producer-1.pitur-265048.isolateedinburgh-pg0.utah.cloudlab.us,2025-08-12T23:16:53.702121173Z,1755040613702,50069,10011.8,4.77,1.8,18.0,1,6,9,13
producer-1.pitur-265048.isolateedinburgh-pg0.utah.cloudlab.us,2025-08-12T23:16:58.708869031Z,1755040618708,50083,10016.6,4.78,1.8,20.0,1,6,8,13
producer-1.pitur-265048.isolateedinburgh-pg0.utah.cloudlab.us,2025-08-12T23:17:03.713029746Z,1755040623713,50027,10005.4,4.77,1.8,15.0,1,6,8,12
producer-1.pitur-265048.isolateedinburgh-pg0.utah.cloudlab.us,2025-08-12T23:17:08.718587326Z,1755040628718,50064,10010.8,4.77,1.8,16.0,1,6,7,12
producer-1.pitur-265048.isolateedinburgh-pg0.utah.cloudlab.us,2025-08-12T23:17:13.724029615Z,1755040633724,50071,10014.2,4.78,1.9,15.0,1,6,8,10
producer-1.pitur-265048.isolateedinburgh-pg0.utah.cloudlab.us,2025-08-12T23:17:18.730041253Z,1755040638730,50060,10012.0,4.77,1.8,14.0,1,6,8,12
producer-1.pitur-265048.isolateedinburgh-pg0.utah.cloudlab.us,2025-08-12T23:17:23.736168819Z,1755040643736,50041,10008.2,4.77,1.9,20.0,1,6,8,14
producer-1.pitur-265048.isolateedinburgh-pg0.utah.cloudlab.us,2025-08-12T23:17:28.743238087Z,1755040648743,50067,10013.4,4.77,1.9,17.0,1,6,8,15
producer-1.pitur-265048.isolateedinburgh-pg0.utah.cloudlab.us,2025-08-12T23:17:33.746248937Z,1755040653746,50056,10011.2,4.77,2.0,60.0,1,6,8,48
producer-1.pitur-265048.isolateedinburgh-pg0.utah.cloudlab.us,2025-08-12T23:17:38.750925569Z,1755040658750,50034,10006.8,4.77,1.9,21.0,1,6,8,12
producer-1.pitur-265048.isolateedinburgh-pg0.utah.cloudlab.us,2025-08-12T23:17:43.756867851Z,1755040663756,50059,10011.8,4.77,1.8,14.0,1,6,8,11
producer-1.pitur-265048.isolateedinburgh-pg0.utah.cloudlab.us,2025-08-12T23:17:48.763388805Z,1755040668763,50071,10014.2,4.78,1.8,13.0,1,6,8,12
producer-1.pitur-265048.isolateedinburgh-pg0.utah.cloudlab.us,2025-08-12T23:17:53.771206998Z,1755040673771,50072,10014.4,4.78,1.9,28.0,1,6,8,18
producer-1.pitur-265048.isolateedinburgh-pg0.utah.cloudlab.us,2025-08-12T23:17:58.775052580Z,1755040678775,50053,10010.6,4.77,1.8,18.0,1,6,7,9
producer-1.pitur-265048.isolateedinburgh-pg0.utah.cloudlab.us,2025-08-12T23:18:03.780120294Z,1755040683780,50026,10005.2,4.77,1.9,68.0,1,6,8,52
producer-1.pitur-265048.isolateedinburgh-pg0.utah.cloudlab.us,2025-08-12T23:18:08.785118357Z,1755040688785,50051,10010.2,4.77,1.8,16.0,1,6,8,12
producer-1.pitur-265048.isolateedinburgh-pg0.utah.cloudlab.us,2025-08-12T23:18:13.792283728Z,1755040693792,50065,10011.0,4.77,1.8,15.0,1,6,7,11
producer-1.pitur-265048.isolateedinburgh-pg0.utah.cloudlab.us,2025-08-12T23:18:18.800316080Z,1755040698800,50107,10021.4,4.78,1.9,22.0,1,6,8,17
producer-1.pitur-265048.isolateedinburgh-pg0.utah.cloudlab.us,2025-08-12T23:18:23.805681374Z,1755040703805,50046,10009.2,4.77,1.8,18.0,1,6,8,13
producer-1.pitur-265048.isolateedinburgh-pg0.utah.cloudlab.us,2025-08-12T23:18:28.810663314Z,1755040708810,50042,10008.4,4.77,1.8,22.0,1,6,8,11
producer-1.pitur-265048.isolateedinburgh-pg0.utah.cloudlab.us,2025-08-12T23:18:33.816790055Z,1755040713816,50068,10013.6,4.77,1.7,13.0,1,6,7,11
producer-1.pitur-265048.isolateedinburgh-pg0.utah.cloudlab.us,2025-08-12T23:18:38.822144727Z,1755040718822,50054,10010.8,4.77,1.8,13.0,1,6,8,11
producer-1.pitur-265048.isolateedinburgh-pg0.utah.cloudlab.us,2025-08-12T23:18:43.830180612Z,1755040723830,50076,10013.2,4.77,1.9,20.0,1,6,8,13
producer-1.pitur-265048.isolateedinburgh-pg0.utah.cloudlab.us,2025-08-12T23:18:48.834367991Z,1755040728834,50050,10010.0,4.77,2.0,23.0,1,6,8,12
producer-1.pitur-265048.isolateedinburgh-pg0.utah.cloudlab.us,2025-08-12T23:18:53.839389109Z,1755040733839,50043,10008.6,4.77,1.9,14.0,1,6,8,12
producer-1.pitur-265048.isolateedinburgh-pg0.utah.cloudlab.us,2025-08-12T23:18:58.846237538Z,1755040738846,50067,10011.4,4.77,1.8,14.0,1,6,8,11
producer-1.pitur-265048.isolateedinburgh-pg0.utah.cloudlab.us,2025-08-12T23:19:03.852117698Z,1755040743852,50050,10010.0,4.77,1.9,19.0,1,6,8,13
producer-1.pitur-265048.isolateedinburgh-pg0.utah.cloudlab.us,2025-08-12T23:19:08.859085966Z,1755040748859,50083,10016.6,4.78,1.9,21.0,1,6,8,17
producer-1.pitur-265048.isolateedinburgh-pg0.utah.cloudlab.us,2025-08-12T23:19:13.864512537Z,1755040753864,50047,10007.4,4.77,1.9,14.0,1,6,8,12
producer-1.pitur-265048.isolateedinburgh-pg0.utah.cloudlab.us,2025-08-12T23:19:18.870684091Z,1755040758870,50057,10011.4,4.77,1.9,13.0,1,6,8,9
producer-1.pitur-265048.isolateedinburgh-pg0.utah.cloudlab.us,2025-08-12T23:19:23.875309075Z,1755040763875,50053,10010.6,4.77,1.8,16.0,1,6,8,13
producer-1.pitur-265048.isolateedinburgh-pg0.utah.cloudlab.us,2025-08-12T23:19:28.881407938Z,1755040768881,50060,10012.0,4.77,2.0,67.0,1,6,9,55
producer-1.pitur-265048.isolateedinburgh-pg0.utah.cloudlab.us,2025-08-12T23:19:33.888370076Z,1755040773888,50080,10016.0,4.78,1.8,21.0,1,6,7,13
producer-1.pitur-265048.isolateedinburgh-pg0.utah.cloudlab.us,2025-08-12T23:19:38.893105503Z,1755040778893,50027,10003.4,4.77,1.7,17.0,1,6,7,12
producer-1.pitur-265048.isolateedinburgh-pg0.utah.cloudlab.us,2025-08-12T23:19:43.898216389Z,1755040783898,50059,10011.8,4.77,1.8,22.0,1,6,7,12
producer-1.pitur-265048.isolateedinburgh-pg0.utah.cloudlab.us,2025-08-12T23:19:48.905124939Z,1755040788905,50074,10012.8,4.77,1.8,16.0,1,6,7,11
producer-1.pitur-265048.isolateedinburgh-pg0.utah.cloudlab.us,2025-08-12T23:19:53.910395179Z,1755040793910,50062,10012.4,4.77,1.9,64.0,1,6,8,53
producer-1.pitur-265048.isolateedinburgh-pg0.utah.cloudlab.us,2025-08-12T23:19:58.916146537Z,1755040798916,50055,10011.0,4.77,2.0,75.0,1,6,8,62
producer-1.pitur-265048.isolateedinburgh-pg0.utah.cloudlab.us,2025-08-12T23:20:03.921273426Z,1755040803921,50052,10010.4,4.77,1.8,24.0,1,6,8,12
producer-1.pitur-265048.isolateedinburgh-pg0.utah.cloudlab.us,2025-08-12T23:20:08.926048061Z,1755040808926,50041,10008.2,4.77,1.8,12.0,1,6,8,9
producer-1.pitur-265048.isolateedinburgh-pg0.utah.cloudlab.us,2025-08-12T23:20:13.931636315Z,1755040813931,50047,10009.4,4.77,1.9,16.0,1,6,8,11
producer-1.pitur-265048.isolateedinburgh-pg0.utah.cloudlab.us,2025-08-12T23:20:18.937332301Z,1755040818937,50077,10015.4,4.78,1.7,20.0,1,5,8,12
producer-1.pitur-265048.isolateedinburgh-pg0.utah.cloudlab.us,2025-08-12T23:20:23.945503648Z,1755040823945,50075,10015.0,4.78,2.0,62.0,1,6,8,48
producer-1.pitur-265048.isolateedinburgh-pg0.utah.cloudlab.us,2025-08-12T23:20:28.950654997Z,1755040828950,50049,10009.8,4.77,1.9,21.0,1,6,8,15
producer-1.pitur-265048.isolateedinburgh-pg0.utah.cloudlab.us,2025-08-12T23:20:33.957527748Z,1755040833957,50057,10009.4,4.77,1.8,24.0,1,6,8,16
producer-1.pitur-265048.isolateedinburgh-pg0.utah.cloudlab.us,2025-08-12T23:20:38.963559772Z,1755040838963,50067,10013.4,4.77,1.8,15.0,1,6,7,12
producer-1.pitur-265048.isolateedinburgh-pg0.utah.cloudlab.us,2025-08-12T23:20:43.970078224Z,1755040843970,50085,10017.0,4.78,1.9,16.0,1,6,8,13
producer-1.pitur-265048.isolateedinburgh-pg0.utah.cloudlab.us,2025-08-12T23:20:48.978548136Z,1755040848978,50073,10012.6,4.77,1.8,16.0,1,6,8,12
producer-1.pitur-265048.isolateedinburgh-pg0.utah.cloudlab.us,2025-08-12T23:20:53.982156354Z,1755040853982,50041,10008.2,4.77,1.8,16.0,1,6,7,11
producer-1.pitur-265048.isolateedinburgh-pg0.utah.cloudlab.us,2025-08-12T23:20:58.987010221Z,1755040858987,50045,10009.0,4.77,2.0,61.0,1,6,8,49
producer-1.pitur-265048.isolateedinburgh-pg0.utah.cloudlab.us,2025-08-12T23:21:03.994028696Z,1755040863994,50059,10009.8,4.77,1.7,20.0,1,6,7,11
producer-1.pitur-265048.isolateedinburgh-pg0.utah.cloudlab.us,2025-08-12T23:21:08.999245336Z,1755040868999,50067,10013.4,4.77,1.8,15.0,1,6,7,11
producer-1.pitur-265048.isolateedinburgh-pg0.utah.cloudlab.us,2025-08-12T23:21:14.006268932Z,1755040874006,50070,10014.0,4.78,1.8,18.0,1,6,8,13
producer-1.pitur-265048.isolateedinburgh-pg0.utah.cloudlab.us,2025-08-12T23:21:19.010084883Z,1755040879010,50018,10003.6,4.77,1.9,16.0,1,6,8,11
producer-1.pitur-265048.isolateedinburgh-pg0.utah.cloudlab.us,2025-08-12T23:21:24.015754713Z,1755040884015,50056,10011.2,4.77,1.9,14.0,1,6,9,12
producer-1.pitur-265048.isolateedinburgh-pg0.utah.cloudlab.us,2025-08-12T23:21:29.021162841Z,1755040889021,50059,10011.8,4.77,1.8,15.0,1,6,7,12
producer-1.pitur-265048.isolateedinburgh-pg0.utah.cloudlab.us,2025-08-12T23:21:34.026494919Z,1755040894026,50063,10012.6,4.77,1.9,38.0,1,6,8,27
producer-1.pitur-265048.isolateedinburgh-pg0.utah.cloudlab.us,2025-08-12T23:21:39.033977509Z,1755040899033,50071,10014.2,4.78,1.8,19.0,1,6,8,13
producer-1.pitur-265048.isolateedinburgh-pg0.utah.cloudlab.us,2025-08-12T23:21:44.038064864Z,1755040904038,50046,10009.2,4.77,1.9,33.0,1,6,8,20
producer-1.pitur-265048.isolateedinburgh-pg0.utah.cloudlab.us,2025-08-12T23:21:49.044545739Z,1755040909044,50066,10013.2,4.77,1.9,13.0,1,6,8,11
producer-1.pitur-265048.isolateedinburgh-pg0.utah.cloudlab.us,2025-08-12T23:21:54.050682243Z,1755040914050,50059,10011.8,4.77,1.9,15.0,1,6,8,12
producer-1.pitur-265048.isolateedinburgh-pg0.utah.cloudlab.us,2025-08-12T23:21:59.057600589Z,1755040919057,50061,10012.2,4.77,1.9,25.0,1,6,8,14
producer-1.pitur-265048.isolateedinburgh-pg0.utah.cloudlab.us,2025-08-12T23:22:04.062249090Z,1755040924062,50049,10009.8,4.77,1.9,62.0,1,6,8,51
