hostname,timestamp_iso,timestamp_ms,records_sent,recs_per_sec,mb_per_sec,avg_latency,max_latency,p50,p95,p99,p999
producer-1.pitur-265048.isolateedinburgh-pg0.utah.cloudlab.us,2025-08-12T23:11:33.332825831Z,1755040293332,49965,9993.0,4.77,10.9,3295.0,8,31,55,88
producer-1.pitur-265048.isolateedinburgh-pg0.utah.cloudlab.us,2025-08-12T23:11:38.364631958Z,1755040298364,50337,10067.4,4.80,2.6,44.0,1,7,13,39
producer-1.pitur-265048.isolateedinburgh-pg0.utah.cloudlab.us,2025-08-12T23:11:43.373264600Z,1755040303373,50073,10010.6,4.77,2.1,22.0,1,6,9,16
producer-1.pitur-265048.isolateedinburgh-pg0.utah.cloudlab.us,2025-08-12T23:11:48.377248775Z,1755040308377,50039,10007.8,4.77,2.2,18.0,1,7,9,16
producer-1.pitur-265048.isolateedinburgh-pg0.utah.cloudlab.us,2025-08-12T23:11:53.384960080Z,1755040313384,50088,10017.6,4.78,2.2,17.0,1,7,9,14
producer-1.pitur-265048.isolateedinburgh-pg0.utah.cloudlab.us,2025-08-12T23:11:58.392340283Z,1755040318392,50070,10012.0,4.77,2.1,18.0,1,6,9,14
producer-1.pitur-265048.isolateedinburgh-pg0.utah.cloudlab.us,2025-08-12T23:12:03.400229047Z,1755040323400,50086,10017.2,4.78,2.2,19.0,1,7,9,15
producer-1.pitur-265048.isolateedinburgh-pg0.utah.cloudlab.us,2025-08-12T23:12:08.409372158Z,1755040328409,49979,9993.8,4.77,2.7,93.0,1,7,28,81
producer-1.pitur-265048.isolateedinburgh-pg0.utah.cloudlab.us,2025-08-12T23:12:13.414435980Z,1755040333414,50165,10033.0,4.78,2.3,51.0,1,7,9,39
producer-1.pitur-265048.isolateedinburgh-pg0.utah.cloudlab.us,2025-08-12T23:12:18.421264427Z,1755040338421,50048,10007.6,4.77,2.3,18.0,1,7,9,15
producer-1.pitur-265048.isolateedinburgh-pg0.utah.cloudlab.us,2025-08-12T23:12:23.427217Z,1755040343427,50079,10015.8,4.78,2.2,22.0,1,7,9,15
producer-1.pitur-265048.isolateedinburgh-pg0.utah.cloudlab.us,2025-08-12T23:12:28.433493825Z,1755040348433,50050,10010.0,4.77,2.3,18.0,1,7,9,15
producer-1.pitur-265048.isolateedinburgh-pg0.utah.cloudlab.us,2025-08-12T23:12:33.440390311Z,1755040353440,50052,10010.4,4.77,2.3,25.0,1,7,9,15
producer-1.pitur-265048.isolateedinburgh-pg0.utah.cloudlab.us,2025-08-12T23:12:38.446042981Z,1755040358446,50073,10012.6,4.77,2.4,79.0,1,7,10,66
producer-1.pitur-265048.isolateedinburgh-pg0.utah.cloudlab.us,2025-08-12T23:12:43.452370965Z,1755040363452,50046,10009.2,4.77,2.6,89.0,1,7,14,75
producer-1.pitur-265048.isolateedinburgh-pg0.utah.cloudlab.us,2025-08-12T23:12:48.458489075Z,1755040368458,50044,10008.8,4.77,2.2,18.0,1,6,9,14
producer-1.pitur-265048.isolateedinburgh-pg0.utah.cloudlab.us,2025-08-12T23:12:53.465814026Z,1755040373465,50105,10021.0,4.78,2.2,24.0,1,6,8,16
producer-1.pitur-265048.isolateedinburgh-pg0.utah.cloudlab.us,2025-08-12T23:12:58.471980936Z,1755040378471,50073,10014.6,4.78,2.2,22.0,1,6,10,16
producer-1.pitur-265048.isolateedinburgh-pg0.utah.cloudlab.us,2025-08-12T23:13:03.479376420Z,1755040383479,50079,10015.8,4.78,2.1,22.0,1,6,9,14
producer-1.pitur-265048.isolateedinburgh-pg0.utah.cloudlab.us,2025-08-12T23:13:08.484990385Z,1755040388484,50045,10009.0,4.77,2.4,81.0,1,6,10,68
producer-1.pitur-265048.isolateedinburgh-pg0.utah.cloudlab.us,2025-08-12T23:13:13.491278720Z,1755040393491,50079,10015.8,4.78,2.3,67.0,1,7,10,55
producer-1.pitur-265048.isolateedinburgh-pg0.utah.cloudlab.us,2025-08-12T23:13:18.497382034Z,1755040398497,50047,10009.4,4.77,2.2,17.0,1,6,8,14
producer-1.pitur-265048.isolateedinburgh-pg0.utah.cloudlab.us,2025-08-12T23:13:23.504097734Z,1755040403504,50079,10015.8,4.78,2.2,16.0,1,6,9,14
producer-1.pitur-265048.isolateedinburgh-pg0.utah.cloudlab.us,2025-08-12T23:13:28.512766560Z,1755040408512,50081,10014.2,4.78,2.1,24.0,1,6,9,16
producer-1.pitur-265048.isolateedinburgh-pg0.utah.cloudlab.us,2025-08-12T23:13:33.517367872Z,1755040413517,50039,10007.8,4.77,2.1,21.0,1,6,8,15
producer-1.pitur-265048.isolateedinburgh-pg0.utah.cloudlab.us,2025-08-12T23:13:38.521520213Z,1755040418521,50050,10010.0,4.77,2.3,37.0,1,7,9,23
producer-1.pitur-265048.isolateedinburgh-pg0.utah.cloudlab.us,2025-08-12T23:13:43.527394052Z,1755040423527,50044,10008.8,4.77,2.3,76.0,1,7,11,64
producer-1.pitur-265048.isolateedinburgh-pg0.utah.cloudlab.us,2025-08-12T23:13:48.532012770Z,1755040428532,50066,10013.2,4.77,2.3,18.0,1,7,9,15
producer-1.pitur-265048.isolateedinburgh-pg0.utah.cloudlab.us,2025-08-12T23:13:53.539239657Z,1755040433539,50057,10011.4,4.77,2.2,19.0,1,7,9,15
producer-1.pitur-265048.isolateedinburgh-pg0.utah.cloudlab.us,2025-08-12T23:13:58.546309193Z,1755040438546,50065,10013.0,4.77,2.2,23.0,1,6,9,17
producer-1.pitur-265048.isolateedinburgh-pg0.utah.cloudlab.us,2025-08-12T23:14:03.550198075Z,1755040443550,50052,10010.4,4.77,2.2,22.0,1,6,8,17
producer-1.pitur-265048.isolateedinburgh-pg0.utah.cloudlab.us,2025-08-12T23:14:08.555618410Z,1755040448555,50041,10008.2,4.77,2.3,48.0,1,6,9,33
producer-1.pitur-265048.isolateedinburgh-pg0.utah.cloudlab.us,2025-08-12T23:14:13.562588497Z,1755040453562,49867,9971.4,4.75,2.2,54.0,1,6,10,42
producer-1.pitur-265048.isolateedinburgh-pg0.utah.cloudlab.us,2025-08-12T23:14:18.569547432Z,1755040458569,50249,10049.8,4.79,2.3,80.0,1,6,10,68
producer-1.pitur-265048.isolateedinburgh-pg0.utah.cloudlab.us,2025-08-12T23:14:23.577262129Z,1755040463577,50109,10021.8,4.78,2.2,21.0,1,7,10,17
producer-1.pitur-265048.isolateedinburgh-pg0.utah.cloudlab.us,2025-08-12T23:14:28.583638493Z,1755040468583,50070,10014.0,4.78,2.3,24.0,1,7,10,17
producer-1.pitur-265048.isolateedinburgh-pg0.utah.cloudlab.us,2025-08-12T23:14:33.589191261Z,1755040473589,50051,10010.2,4.77,2.3,25.0,1,7,9,18
producer-1.pitur-265048.isolateedinburgh-pg0.utah.cloudlab.us,2025-08-12T23:14:38.593063857Z,1755040478593,50039,10007.8,4.77,2.4,66.0,1,7,10,55
producer-1.pitur-265048.isolateedinburgh-pg0.utah.cloudlab.us,2025-08-12T23:14:43.598270021Z,1755040483598,50051,10010.2,4.77,2.3,62.0,1,7,10,49
producer-1.pitur-265048.isolateedinburgh-pg0.utah.cloudlab.us,2025-08-12T23:14:48.604423106Z,1755040488604,50053,10008.6,4.77,2.3,76.0,1,7,10,63
producer-1.pitur-265048.isolateedinburgh-pg0.utah.cloudlab.us,2025-08-12T23:14:53.611585787Z,1755040493611,50098,10019.6,4.78,2.1,21.0,1,6,8,15
producer-1.pitur-265048.isolateedinburgh-pg0.utah.cloudlab.us,2025-08-12T23:14:58.618040147Z,1755040498618,50035,10007.0,4.77,2.1,19.0,1,6,9,15
producer-1.pitur-265048.isolateedinburgh-pg0.utah.cloudlab.us,2025-08-12T23:15:03.623372780Z,1755040503623,50069,10013.8,4.77,2.1,22.0,1,6,8,16
producer-1.pitur-265048.isolateedinburgh-pg0.utah.cloudlab.us,2025-08-12T23:15:08.629236440Z,1755040508629,50048,10009.6,4.77,2.5,88.0,1,7,11,74
producer-1.pitur-265048.isolateedinburgh-pg0.utah.cloudlab.us,2025-08-12T23:15:13.634711372Z,1755040513634,50067,10013.4,4.77,2.2,17.0,1,6,8,13
producer-1.pitur-265048.isolateedinburgh-pg0.utah.cloudlab.us,2025-08-12T23:15:18.642464710Z,1755040518642,50084,10016.8,4.78,2.4,84.0,1,7,11,68
producer-1.pitur-265048.isolateedinburgh-pg0.utah.cloudlab.us,2025-08-12T23:15:23.649660481Z,1755040523649,50058,10011.6,4.77,2.2,41.0,1,6,10,32
producer-1.pitur-265048.isolateedinburgh-pg0.utah.cloudlab.us,2025-08-12T23:15:28.657147354Z,1755040528657,50077,10015.4,4.78,2.1,20.0,1,6,8,15
producer-1.pitur-265048.isolateedinburgh-pg0.utah.cloudlab.us,2025-08-12T23:15:33.661135787Z,1755040533661,50053,10010.6,4.77,2.2,19.0,1,6,8,13
producer-1.pitur-265048.isolateedinburgh-pg0.utah.cloudlab.us,2025-08-12T23:15:38.667607669Z,1755040538667,50029,10003.8,4.77,2.2,17.0,1,6,8,14
producer-1.pitur-265048.isolateedinburgh-pg0.utah.cloudlab.us,2025-08-12T23:15:43.674703197Z,1755040543674,50061,10012.2,4.77,2.3,62.0,1,6,9,48
producer-1.pitur-265048.isolateedinburgh-pg0.utah.cloudlab.us,2025-08-12T23:15:48.681446124Z,1755040548681,50098,10019.6,4.78,2.3,52.0,1,6,10,43
producer-1.pitur-265048.isolateedinburgh-pg0.utah.cloudlab.us,2025-08-12T23:15:53.689194419Z,1755040553689,50079,10013.8,4.77,2.2,21.0,1,7,8,16
producer-1.pitur-265048.isolateedinburgh-pg0.utah.cloudlab.us,2025-08-12T23:15:58.693874579Z,1755040558693,50039,10007.8,4.77,2.2,47.0,1,6,8,35
producer-1.pitur-265048.isolateedinburgh-pg0.utah.cloudlab.us,2025-08-12T23:16:03.698201315Z,1755040563698,50052,10010.4,4.77,2.1,20.0,1,6,8,15
producer-1.pitur-265048.isolateedinburgh-pg0.utah.cloudlab.us,2025-08-12T23:16:08.704059262Z,1755040568704,50069,10011.8,4.77,2.1,23.0,1,6,8,13
producer-1.pitur-265048.isolateedinburgh-pg0.utah.cloudlab.us,2025-08-12T23:16:13.709554010Z,1755040573709,50034,10006.8,4.77,2.2,48.0,1,6,8,34
producer-1.pitur-265048.isolateedinburgh-pg0.utah.cloudlab.us,2025-08-12T23:16:18.716832362Z,1755040578716,50076,10015.2,4.78,2.2,34.0,1,7,9,23
producer-1.pitur-265048.isolateedinburgh-pg0.utah.cloudlab.us,2025-08-12T23:16:23.724612731Z,1755040583724,50078,10013.6,4.77,2.3,41.0,1,7,10,27
producer-1.pitur-265048.isolateedinburgh-pg0.utah.cloudlab.us,2025-08-12T23:16:28.729469815Z,1755040588729,50043,10008.6,4.77,2.1,23.0,1,6,8,15
producer-1.pitur-265048.isolateedinburgh-pg0.utah.cloudlab.us,2025-08-12T23:16:33.734112098Z,1755040593734,50024,10004.8,4.77,2.2,20.0,1,6,8,14
producer-1.pitur-265048.isolateedinburgh-pg0.utah.cloudlab.us,2025-08-12T23:16:38.741682790Z,1755040598741,50105,10019.0,4.78,2.2,24.0,1,7,8,17
producer-1.pitur-265048.isolateedinburgh-pg0.utah.cloudlab.us,2025-08-12T23:16:43.748140185Z,1755040603748,50073,10014.6,4.78,2.1,20.0,1,6,8,13
producer-1.pitur-265048.isolateedinburgh-pg0.utah.cloudlab.us,2025-08-12T23:16:48.754077493Z,1755040608754,50057,10011.4,4.77,2.4,75.0,1,7,9,61
producer-1.pitur-265048.isolateedinburgh-pg0.utah.cloudlab.us,2025-08-12T23:16:53.760020373Z,1755040613760,50061,10012.2,4.77,2.2,23.0,1,6,8,16
producer-1.pitur-265048.isolateedinburgh-pg0.utah.cloudlab.us,2025-08-12T23:16:58.765134684Z,1755040618765,50050,10008.0,4.77,2.0,40.0,1,6,8,33
producer-1.pitur-265048.isolateedinburgh-pg0.utah.cloudlab.us,2025-08-12T23:17:03.770049957Z,1755040623770,50045,10009.0,4.77,2.2,15.0,1,6,8,12
producer-1.pitur-265048.isolateedinburgh-pg0.utah.cloudlab.us,2025-08-12T23:17:08.775555591Z,1755040628775,50053,10010.6,4.77,2.2,15.0,1,6,8,12
producer-1.pitur-265048.isolateedinburgh-pg0.utah.cloudlab.us,2025-08-12T23:17:13.781634582Z,1755040633781,50041,10008.2,4.77,2.2,15.0,1,6,8,11
producer-1.pitur-265048.isolateedinburgh-pg0.utah.cloudlab.us,2025-08-12T23:17:18.788118917Z,1755040638788,50094,10018.8,4.78,2.2,21.0,1,7,8,12
producer-1.pitur-265048.isolateedinburgh-pg0.utah.cloudlab.us,2025-08-12T23:17:23.796663287Z,1755040643796,50077,10015.4,4.78,2.1,27.0,1,6,8,18
producer-1.pitur-265048.isolateedinburgh-pg0.utah.cloudlab.us,2025-08-12T23:17:28.801285792Z,1755040648801,50034,10006.8,4.77,2.2,19.0,1,7,8,12
producer-1.pitur-265048.isolateedinburgh-pg0.utah.cloudlab.us,2025-08-12T23:17:33.806069934Z,1755040653806,50060,10012.0,4.77,2.4,62.0,1,7,10,49
producer-1.pitur-265048.isolateedinburgh-pg0.utah.cloudlab.us,2025-08-12T23:17:38.811781465Z,1755040658811,50053,10010.6,4.77,2.2,15.0,1,7,9,12
producer-1.pitur-265048.isolateedinburgh-pg0.utah.cloudlab.us,2025-08-12T23:17:43.818267228Z,1755040663818,50085,10017.0,4.78,2.1,15.0,1,6,8,12
producer-1.pitur-265048.isolateedinburgh-pg0.utah.cloudlab.us,2025-08-12T23:17:48.824229489Z,1755040668824,50057,10011.4,4.77,2.1,14.0,1,6,8,12
producer-1.pitur-265048.isolateedinburgh-pg0.utah.cloudlab.us,2025-08-12T23:17:53.830821120Z,1755040673830,50039,10007.8,4.77,2.2,34.0,1,6,8,23
producer-1.pitur-265048.isolateedinburgh-pg0.utah.cloudlab.us,2025-08-12T23:17:58.835081836Z,1755040678835,50075,10015.0,4.78,2.2,21.0,1,6,8,15
producer-1.pitur-265048.isolateedinburgh-pg0.utah.cloudlab.us,2025-08-12T23:18:03.839975599Z,1755040683839,50031,10006.2,4.77,2.3,70.0,1,6,8,59
producer-1.pitur-265048.isolateedinburgh-pg0.utah.cloudlab.us,2025-08-12T23:18:08.844420880Z,1755040688844,50064,10012.8,4.77,2.2,21.0,1,7,8,13
producer-1.pitur-265048.isolateedinburgh-pg0.utah.cloudlab.us,2025-08-12T23:18:13.850603844Z,1755040693850,50052,10010.4,4.77,2.2,14.0,1,7,8,12
producer-1.pitur-265048.isolateedinburgh-pg0.utah.cloudlab.us,2025-08-12T23:18:18.856588587Z,1755040698856,50028,10005.6,4.77,2.2,16.0,1,6,8,11
producer-1.pitur-265048.isolateedinburgh-pg0.utah.cloudlab.us,2025-08-12T23:18:23.862965680Z,1755040703862,50085,10017.0,4.78,2.2,17.0,1,6,8,14
producer-1.pitur-265048.isolateedinburgh-pg0.utah.cloudlab.us,2025-08-12T23:18:28.871674817Z,1755040708871,50097,10017.4,4.78,1.8,19.0,1,6,7,15
producer-1.pitur-265048.isolateedinburgh-pg0.utah.cloudlab.us,2025-08-12T23:18:33.877875293Z,1755040713877,50049,10007.8,4.77,1.8,23.0,1,6,7,11
producer-1.pitur-265048.isolateedinburgh-pg0.utah.cloudlab.us,2025-08-12T23:18:38.882054141Z,1755040718882,50041,10008.2,4.77,2.3,21.0,1,7,9,15
producer-1.pitur-265048.isolateedinburgh-pg0.utah.cloudlab.us,2025-08-12T23:18:43.887626747Z,1755040723887,50041,10008.2,4.77,2.2,15.0,1,7,9,13
producer-1.pitur-265048.isolateedinburgh-pg0.utah.cloudlab.us,2025-08-12T23:18:48.896487048Z,1755040728896,50119,10021.8,4.78,2.2,18.0,1,6,8,15
producer-1.pitur-265048.isolateedinburgh-pg0.utah.cloudlab.us,2025-08-12T23:18:53.903090665Z,1755040733903,50069,10013.8,4.77,2.2,16.0,1,6,8,13
producer-1.pitur-265048.isolateedinburgh-pg0.utah.cloudlab.us,2025-08-12T23:18:58.910795324Z,1755040738910,50071,10014.2,4.78,2.2,21.0,1,7,8,14
producer-1.pitur-265048.isolateedinburgh-pg0.utah.cloudlab.us,2025-08-12T23:19:03.916020325Z,1755040743916,50050,10008.0,4.77,2.1,20.0,1,6,8,13
producer-1.pitur-265048.isolateedinburgh-pg0.utah.cloudlab.us,2025-08-12T23:19:08.921641835Z,1755040748921,50047,10009.4,4.77,2.2,22.0,1,6,8,13
producer-1.pitur-265048.isolateedinburgh-pg0.utah.cloudlab.us,2025-08-12T23:19:13.927363035Z,1755040753927,50056,10011.2,4.77,2.2,22.0,1,7,8,13
producer-1.pitur-265048.isolateedinburgh-pg0.utah.cloudlab.us,2025-08-12T23:19:18.933166726Z,1755040758933,50053,10010.6,4.77,2.2,17.0,1,6,8,13
producer-1.pitur-265048.isolateedinburgh-pg0.utah.cloudlab.us,2025-08-12T23:19:23.939075151Z,1755040763939,50066,10013.2,4.77,2.1,22.0,1,6,7,13
producer-1.pitur-265048.isolateedinburgh-pg0.utah.cloudlab.us,2025-08-12T23:19:28.946556150Z,1755040768946,50087,10015.4,4.78,2.4,75.0,1,6,8,62
producer-1.pitur-265048.isolateedinburgh-pg0.utah.cloudlab.us,2025-08-12T23:19:33.952955561Z,1755040773952,50047,10007.4,4.77,2.2,17.0,1,6,8,10
producer-1.pitur-265048.isolateedinburgh-pg0.utah.cloudlab.us,2025-08-12T23:19:38.957267494Z,1755040778957,50041,10008.2,4.77,2.1,21.0,1,6,8,16
producer-1.pitur-265048.isolateedinburgh-pg0.utah.cloudlab.us,2025-08-12T23:19:43.961494188Z,1755040783961,50037,10007.4,4.77,2.2,19.0,1,6,8,12
producer-1.pitur-265048.isolateedinburgh-pg0.utah.cloudlab.us,2025-08-12T23:19:48.966788039Z,1755040788966,50057,10011.4,4.77,2.2,24.0,1,6,8,14
producer-1.pitur-265048.isolateedinburgh-pg0.utah.cloudlab.us,2025-08-12T23:19:53.974815516Z,1755040793974,50099,10019.8,4.78,2.3,70.0,1,6,9,58
producer-1.pitur-265048.isolateedinburgh-pg0.utah.cloudlab.us,2025-08-12T23:19:58.983643436Z,1755040798983,50077,10015.4,4.78,2.4,75.0,1,7,9,61
producer-1.pitur-265048.isolateedinburgh-pg0.utah.cloudlab.us,2025-08-12T23:20:03.990342734Z,1755040803990,50072,10014.4,4.78,2.1,23.0,1,6,8,17
producer-1.pitur-265048.isolateedinburgh-pg0.utah.cloudlab.us,2025-08-12T23:20:08.995011819Z,1755040808995,50051,10010.2,4.77,2.1,17.0,1,6,8,12
producer-1.pitur-265048.isolateedinburgh-pg0.utah.cloudlab.us,2025-08-12T23:20:13.999166865Z,1755040813999,50028,10005.6,4.77,1.8,15.0,1,6,7,12
producer-1.pitur-265048.isolateedinburgh-pg0.utah.cloudlab.us,2025-08-12T23:20:19.004184054Z,1755040819004,50059,10011.8,4.77,2.1,14.0,1,6,8,12
producer-1.pitur-265048.isolateedinburgh-pg0.utah.cloudlab.us,2025-08-12T23:20:24.010142419Z,1755040824010,50047,10009.4,4.77,2.1,61.0,1,6,8,48
producer-1.pitur-265048.isolateedinburgh-pg0.utah.cloudlab.us,2025-08-12T23:20:29.017315745Z,1755040829017,50078,10015.6,4.78,2.3,22.0,1,7,9,17
producer-1.pitur-265048.isolateedinburgh-pg0.utah.cloudlab.us,2025-08-12T23:20:34.023225163Z,1755040834023,50055,10007.0,4.77,2.2,21.0,1,6,8,12
producer-1.pitur-265048.isolateedinburgh-pg0.utah.cloudlab.us,2025-08-12T23:20:39.027167595Z,1755040839027,50056,10011.2,4.77,2.2,18.0,1,6,8,14
producer-1.pitur-265048.isolateedinburgh-pg0.utah.cloudlab.us,2025-08-12T23:20:44.032014517Z,1755040844032,50047,10009.4,4.77,2.2,26.0,1,6,8,13
producer-1.pitur-265048.isolateedinburgh-pg0.utah.cloudlab.us,2025-08-12T23:20:49.038590517Z,1755040849038,50059,10009.8,4.77,2.3,17.0,1,7,9,12
producer-1.pitur-265048.isolateedinburgh-pg0.utah.cloudlab.us,2025-08-12T23:20:54.045497261Z,1755040854045,50066,10013.2,4.77,2.2,15.0,1,7,9,12
producer-1.pitur-265048.isolateedinburgh-pg0.utah.cloudlab.us,2025-08-12T23:20:59.052229869Z,1755040859052,50070,10014.0,4.78,2.3,69.0,1,6,8,56
producer-1.pitur-265048.isolateedinburgh-pg0.utah.cloudlab.us,2025-08-12T23:21:04.060016230Z,1755040864060,50071,10012.2,4.77,2.2,25.0,1,6,8,19
producer-1.pitur-265048.isolateedinburgh-pg0.utah.cloudlab.us,2025-08-12T23:21:09.064109199Z,1755040869064,50053,10010.6,4.77,2.2,18.0,1,6,8,13
producer-1.pitur-265048.isolateedinburgh-pg0.utah.cloudlab.us,2025-08-12T23:21:14.069161520Z,1755040874069,50050,10008.0,4.77,2.2,19.0,1,7,8,12
producer-1.pitur-265048.isolateedinburgh-pg0.utah.cloudlab.us,2025-08-12T23:21:19.074076629Z,1755040879074,50055,10011.0,4.77,2.2,16.0,1,6,8,12
producer-1.pitur-265048.isolateedinburgh-pg0.utah.cloudlab.us,2025-08-12T23:21:24.082306320Z,1755040884082,50070,10010.0,4.77,2.0,17.0,1,6,8,12
producer-1.pitur-265048.isolateedinburgh-pg0.utah.cloudlab.us,2025-08-12T23:21:29.090780397Z,1755040889090,50074,10014.8,4.78,2.2,21.0,1,6,8,15
producer-1.pitur-265048.isolateedinburgh-pg0.utah.cloudlab.us,2025-08-12T23:21:34.094537962Z,1755040894094,50041,10008.2,4.77,2.2,39.0,1,6,8,27
producer-1.pitur-265048.isolateedinburgh-pg0.utah.cloudlab.us,2025-08-12T23:21:39.100315282Z,1755040899100,50071,10012.2,4.77,2.3,19.0,1,7,8,14
producer-1.pitur-265048.isolateedinburgh-pg0.utah.cloudlab.us,2025-08-12T23:21:44.105072760Z,1755040904105,50058,10011.6,4.77,2.2,40.0,1,6,8,28
producer-1.pitur-265048.isolateedinburgh-pg0.utah.cloudlab.us,2025-08-12T23:21:49.110465524Z,1755040909110,50051,10008.2,4.77,2.2,14.0,1,6,8,12
producer-1.pitur-265048.isolateedinburgh-pg0.utah.cloudlab.us,2025-08-12T23:21:54.116232071Z,1755040914116,50037,10007.4,4.77,2.2,15.0,1,6,8,12
producer-1.pitur-265048.isolateedinburgh-pg0.utah.cloudlab.us,2025-08-12T23:21:59.123551940Z,1755040919123,50093,10016.6,4.78,2.1,22.0,1,6,7,13
producer-1.pitur-265048.isolateedinburgh-pg0.utah.cloudlab.us,2025-08-12T23:22:04.132906371Z,1755040924132,50093,10018.6,4.78,2.4,67.0,1,6,9,54
