hostname,timestamp_iso,timestamp_ms,records_sent,recs_per_sec,mb_per_sec,avg_latency,max_latency,p50,p95,p99,p999
producer-1.pitur-265048.isolateedinburgh-pg0.utah.cloudlab.us,2025-08-12T23:11:33.309774847Z,1755040293309,49862,9972.4,4.76,8.1,3302.0,6,22,45,66
producer-1.pitur-265048.isolateedinburgh-pg0.utah.cloudlab.us,2025-08-12T23:11:38.339374633Z,1755040298339,50288,10055.6,4.79,3.1,37.0,2,8,14,33
producer-1.pitur-265048.isolateedinburgh-pg0.utah.cloudlab.us,2025-08-12T23:11:43.353499458Z,1755040303353,50154,10030.8,4.78,2.8,33.0,2,7,11,22
producer-1.pitur-265048.isolateedinburgh-pg0.utah.cloudlab.us,2025-08-12T23:11:48.361370530Z,1755040308361,50066,10013.2,4.77,2.9,21.0,2,7,11,18
producer-1.pitur-265048.isolateedinburgh-pg0.utah.cloudlab.us,2025-08-12T23:11:53.369670139Z,1755040313369,50090,10016.0,4.78,2.9,21.0,2,7,10,18
producer-1.pitur-265048.isolateedinburgh-pg0.utah.cloudlab.us,2025-08-12T23:11:58.377229571Z,1755040318377,50048,10009.6,4.77,2.8,19.0,2,7,10,16
producer-1.pitur-265048.isolateedinburgh-pg0.utah.cloudlab.us,2025-08-12T23:12:03.387081342Z,1755040323387,50114,10022.8,4.78,2.8,21.0,2,7,10,18
producer-1.pitur-265048.isolateedinburgh-pg0.utah.cloudlab.us,2025-08-12T23:12:08.396467740Z,1755040328396,50029,10005.8,4.77,3.2,86.0,2,7,24,72
producer-1.pitur-265048.isolateedinburgh-pg0.utah.cloudlab.us,2025-08-12T23:12:13.404108391Z,1755040333404,50169,10033.8,4.78,3.0,48.0,2,7,12,34
producer-1.pitur-265048.isolateedinburgh-pg0.utah.cloudlab.us,2025-08-12T23:12:18.412065145Z,1755040338412,50084,10016.8,4.78,2.9,23.0,2,7,11,18
producer-1.pitur-265048.isolateedinburgh-pg0.utah.cloudlab.us,2025-08-12T23:12:23.417463316Z,1755040343417,50020,10004.0,4.77,2.9,19.0,2,7,10,16
producer-1.pitur-265048.isolateedinburgh-pg0.utah.cloudlab.us,2025-08-12T23:12:28.423553674Z,1755040348423,50058,10011.6,4.77,2.8,23.0,2,7,10,19
producer-1.pitur-265048.isolateedinburgh-pg0.utah.cloudlab.us,2025-08-12T23:12:33.431479799Z,1755040353431,50061,10010.2,4.77,2.8,19.0,2,7,9,15
producer-1.pitur-265048.isolateedinburgh-pg0.utah.cloudlab.us,2025-08-12T23:12:38.437717117Z,1755040358437,50109,10021.8,4.78,3.0,81.0,2,7,12,69
producer-1.pitur-265048.isolateedinburgh-pg0.utah.cloudlab.us,2025-08-12T23:12:43.446484113Z,1755040363446,50074,10014.8,4.78,3.3,92.0,2,7,15,83
producer-1.pitur-265048.isolateedinburgh-pg0.utah.cloudlab.us,2025-08-12T23:12:48.453127441Z,1755040368453,50051,10010.2,4.77,2.7,18.0,2,7,10,16
producer-1.pitur-265048.isolateedinburgh-pg0.utah.cloudlab.us,2025-08-12T23:12:53.460552034Z,1755040373460,50092,10018.4,4.78,2.3,25.0,1,7,9,18
producer-1.pitur-265048.isolateedinburgh-pg0.utah.cloudlab.us,2025-08-12T23:12:58.465157977Z,1755040378465,50036,10007.2,4.77,2.8,24.0,2,7,10,18
producer-1.pitur-265048.isolateedinburgh-pg0.utah.cloudlab.us,2025-08-12T23:13:03.470335254Z,1755040383470,50072,10014.4,4.78,2.8,16.0,2,7,9,15
producer-1.pitur-265048.isolateedinburgh-pg0.utah.cloudlab.us,2025-08-12T23:13:08.476133838Z,1755040388476,50073,10014.6,4.78,3.0,76.0,2,7,11,62
producer-1.pitur-265048.isolateedinburgh-pg0.utah.cloudlab.us,2025-08-12T23:13:13.480951518Z,1755040393480,50024,10004.8,4.77,2.9,69.0,2,7,11,54
producer-1.pitur-265048.isolateedinburgh-pg0.utah.cloudlab.us,2025-08-12T23:13:18.488435493Z,1755040398488,50074,10012.8,4.77,2.6,25.0,2,7,9,16
producer-1.pitur-265048.isolateedinburgh-pg0.utah.cloudlab.us,2025-08-12T23:13:23.495030277Z,1755040403495,50081,10016.2,4.78,2.8,19.0,2,7,10,16
producer-1.pitur-265048.isolateedinburgh-pg0.utah.cloudlab.us,2025-08-12T23:13:28.502225324Z,1755040408502,50069,10013.8,4.77,2.7,18.0,2,7,10,15
producer-1.pitur-265048.isolateedinburgh-pg0.utah.cloudlab.us,2025-08-12T23:13:33.513172982Z,1755040413513,50091,10016.2,4.78,2.8,23.0,2,7,10,19
producer-1.pitur-265048.isolateedinburgh-pg0.utah.cloudlab.us,2025-08-12T23:13:38.518052202Z,1755040418518,50046,10009.2,4.77,2.9,38.0,2,7,10,24
producer-1.pitur-265048.isolateedinburgh-pg0.utah.cloudlab.us,2025-08-12T23:13:43.524131414Z,1755040423524,50064,10012.8,4.77,2.9,79.0,2,7,14,66
producer-1.pitur-265048.isolateedinburgh-pg0.utah.cloudlab.us,2025-08-12T23:13:48.529059085Z,1755040428529,50057,10011.4,4.77,2.8,24.0,2,7,11,17
producer-1.pitur-265048.isolateedinburgh-pg0.utah.cloudlab.us,2025-08-12T23:13:53.536470017Z,1755040433536,50080,10016.0,4.78,2.6,19.0,2,7,9,16
producer-1.pitur-265048.isolateedinburgh-pg0.utah.cloudlab.us,2025-08-12T23:13:58.544199891Z,1755040438544,50065,10009.0,4.77,2.8,18.0,2,7,9,15
producer-1.pitur-265048.isolateedinburgh-pg0.utah.cloudlab.us,2025-08-12T23:14:03.551010732Z,1755040443551,50075,10015.0,4.78,2.7,22.0,2,7,10,16
producer-1.pitur-265048.isolateedinburgh-pg0.utah.cloudlab.us,2025-08-12T23:14:08.558035981Z,1755040448558,50055,10011.0,4.77,2.8,49.0,2,7,10,36
producer-1.pitur-265048.isolateedinburgh-pg0.utah.cloudlab.us,2025-08-12T23:14:13.565524989Z,1755040453565,49869,9973.8,4.76,2.7,57.0,2,7,11,43
producer-1.pitur-265048.isolateedinburgh-pg0.utah.cloudlab.us,2025-08-12T23:14:18.570472464Z,1755040458570,50241,10048.2,4.79,2.9,80.0,2,7,12,66
producer-1.pitur-265048.isolateedinburgh-pg0.utah.cloudlab.us,2025-08-12T23:14:23.577134285Z,1755040463577,50092,10016.4,4.78,2.9,23.0,2,7,10,18
producer-1.pitur-265048.isolateedinburgh-pg0.utah.cloudlab.us,2025-08-12T23:14:28.582664113Z,1755040468582,50053,10010.6,4.77,2.8,20.0,2,7,10,16
producer-1.pitur-265048.isolateedinburgh-pg0.utah.cloudlab.us,2025-08-12T23:14:33.588097246Z,1755040473588,50062,10012.4,4.77,2.8,26.0,2,7,10,18
producer-1.pitur-265048.isolateedinburgh-pg0.utah.cloudlab.us,2025-08-12T23:14:38.593223564Z,1755040478593,50047,10009.4,4.77,2.8,72.0,2,7,9,57
producer-1.pitur-265048.isolateedinburgh-pg0.utah.cloudlab.us,2025-08-12T23:14:43.602542419Z,1755040483602,50070,10010.0,4.77,2.9,64.0,2,7,10,50
producer-1.pitur-265048.isolateedinburgh-pg0.utah.cloudlab.us,2025-08-12T23:14:48.611350435Z,1755040488611,50099,10019.8,4.78,3.0,75.0,2,7,12,64
producer-1.pitur-265048.isolateedinburgh-pg0.utah.cloudlab.us,2025-08-12T23:14:53.619029125Z,1755040493619,50055,10011.0,4.77,2.8,30.0,2,7,10,23
producer-1.pitur-265048.isolateedinburgh-pg0.utah.cloudlab.us,2025-08-12T23:14:58.623277660Z,1755040498623,50059,10011.8,4.77,2.7,21.0,2,7,9,16
producer-1.pitur-265048.isolateedinburgh-pg0.utah.cloudlab.us,2025-08-12T23:15:03.628384960Z,1755040503628,50046,10009.2,4.77,2.7,19.0,2,7,9,15
producer-1.pitur-265048.isolateedinburgh-pg0.utah.cloudlab.us,2025-08-12T23:15:08.634128285Z,1755040508634,50092,10018.4,4.78,3.1,83.0,2,7,13,69
producer-1.pitur-265048.isolateedinburgh-pg0.utah.cloudlab.us,2025-08-12T23:15:13.641314433Z,1755040513641,50076,10015.2,4.78,2.8,19.0,2,7,10,15
producer-1.pitur-265048.isolateedinburgh-pg0.utah.cloudlab.us,2025-08-12T23:15:18.650641551Z,1755040518650,50079,10011.8,4.77,2.9,88.0,2,7,11,75
producer-1.pitur-265048.isolateedinburgh-pg0.utah.cloudlab.us,2025-08-12T23:15:23.657608663Z,1755040523657,50044,10008.8,4.77,2.8,46.0,2,7,10,34
producer-1.pitur-265048.isolateedinburgh-pg0.utah.cloudlab.us,2025-08-12T23:15:28.665274718Z,1755040528665,50092,10018.4,4.78,2.8,20.0,2,7,9,16
producer-1.pitur-265048.isolateedinburgh-pg0.utah.cloudlab.us,2025-08-12T23:15:33.676217544Z,1755040533676,50115,10021.0,4.78,2.7,26.0,2,7,8,20
producer-1.pitur-265048.isolateedinburgh-pg0.utah.cloudlab.us,2025-08-12T23:15:38.682314940Z,1755040538682,50056,10009.2,4.77,2.6,22.0,2,7,8,15
producer-1.pitur-265048.isolateedinburgh-pg0.utah.cloudlab.us,2025-08-12T23:15:43.687453217Z,1755040543687,50012,10002.4,4.77,2.8,60.0,2,7,10,46
producer-1.pitur-265048.isolateedinburgh-pg0.utah.cloudlab.us,2025-08-12T23:15:48.694352494Z,1755040548694,50115,10023.0,4.78,2.9,58.0,2,7,12,46
producer-1.pitur-265048.isolateedinburgh-pg0.utah.cloudlab.us,2025-08-12T23:15:53.701769723Z,1755040553701,50077,10013.4,4.77,2.4,18.0,1,7,9,15
producer-1.pitur-265048.isolateedinburgh-pg0.utah.cloudlab.us,2025-08-12T23:15:58.709254263Z,1755040558709,50080,10014.0,4.78,2.8,46.0,2,7,9,35
producer-1.pitur-265048.isolateedinburgh-pg0.utah.cloudlab.us,2025-08-12T23:16:03.716256509Z,1755040563716,50062,10012.4,4.77,2.7,16.0,2,7,9,13
producer-1.pitur-265048.isolateedinburgh-pg0.utah.cloudlab.us,2025-08-12T23:16:08.724699943Z,1755040568724,50098,10017.6,4.78,2.7,21.0,2,7,8,15
producer-1.pitur-265048.isolateedinburgh-pg0.utah.cloudlab.us,2025-08-12T23:16:13.729192030Z,1755040573729,50058,10011.6,4.77,2.8,46.0,2,7,9,34
producer-1.pitur-265048.isolateedinburgh-pg0.utah.cloudlab.us,2025-08-12T23:16:18.734320535Z,1755040578734,50037,10007.4,4.77,2.7,35.0,2,7,9,22
producer-1.pitur-265048.isolateedinburgh-pg0.utah.cloudlab.us,2025-08-12T23:16:23.739550707Z,1755040583739,50028,10005.6,4.77,2.7,44.0,2,7,9,31
producer-1.pitur-265048.isolateedinburgh-pg0.utah.cloudlab.us,2025-08-12T23:16:28.745265Z,1755040588745,50086,10017.2,4.78,2.6,24.0,2,7,9,16
producer-1.pitur-265048.isolateedinburgh-pg0.utah.cloudlab.us,2025-08-12T23:16:33.751354923Z,1755040593751,50064,10012.8,4.77,2.5,17.0,2,7,9,13
producer-1.pitur-265048.isolateedinburgh-pg0.utah.cloudlab.us,2025-08-12T23:16:38.758122802Z,1755040598758,50066,10011.2,4.77,2.7,17.0,2,7,8,14
producer-1.pitur-265048.isolateedinburgh-pg0.utah.cloudlab.us,2025-08-12T23:16:43.764424557Z,1755040603764,50060,10012.0,4.77,2.8,15.0,2,7,8,13
producer-1.pitur-265048.isolateedinburgh-pg0.utah.cloudlab.us,2025-08-12T23:16:48.772028192Z,1755040608772,50045,10009.0,4.77,2.9,76.0,2,7,10,65
producer-1.pitur-265048.isolateedinburgh-pg0.utah.cloudlab.us,2025-08-12T23:16:53.776092466Z,1755040613776,50049,10007.8,4.77,2.6,17.0,2,7,9,13
producer-1.pitur-265048.isolateedinburgh-pg0.utah.cloudlab.us,2025-08-12T23:16:58.782780470Z,1755040618782,50087,10015.4,4.78,2.7,24.0,2,7,9,14
producer-1.pitur-265048.isolateedinburgh-pg0.utah.cloudlab.us,2025-08-12T23:17:03.787079026Z,1755040623787,50040,10008.0,4.77,2.7,21.0,2,7,8,13
producer-1.pitur-265048.isolateedinburgh-pg0.utah.cloudlab.us,2025-08-12T23:17:08.792802881Z,1755040628792,50043,10008.6,4.77,2.7,14.0,2,7,9,12
producer-1.pitur-265048.isolateedinburgh-pg0.utah.cloudlab.us,2025-08-12T23:17:13.799012189Z,1755040633799,50077,10013.4,4.77,2.7,22.0,2,7,9,15
producer-1.pitur-265048.isolateedinburgh-pg0.utah.cloudlab.us,2025-08-12T23:17:18.805427369Z,1755040638805,50043,10008.6,4.77,2.6,14.0,2,7,8,12
producer-1.pitur-265048.isolateedinburgh-pg0.utah.cloudlab.us,2025-08-12T23:17:23.812201343Z,1755040643812,50070,10012.0,4.77,2.7,26.0,2,7,9,17
producer-1.pitur-265048.isolateedinburgh-pg0.utah.cloudlab.us,2025-08-12T23:17:28.819150771Z,1755040648819,50087,10015.4,4.78,2.7,20.0,2,7,8,14
producer-1.pitur-265048.isolateedinburgh-pg0.utah.cloudlab.us,2025-08-12T23:17:33.826191966Z,1755040653826,50063,10012.6,4.77,2.9,65.0,2,7,11,53
producer-1.pitur-265048.isolateedinburgh-pg0.utah.cloudlab.us,2025-08-12T23:17:38.830201037Z,1755040658830,50034,10006.8,4.77,2.6,24.0,2,7,8,16
producer-1.pitur-265048.isolateedinburgh-pg0.utah.cloudlab.us,2025-08-12T23:17:43.835434577Z,1755040663835,50056,10009.2,4.77,2.8,18.0,2,7,9,14
producer-1.pitur-265048.isolateedinburgh-pg0.utah.cloudlab.us,2025-08-12T23:17:48.840644646Z,1755040668840,50060,10012.0,4.77,2.7,15.0,2,7,9,12
producer-1.pitur-265048.isolateedinburgh-pg0.utah.cloudlab.us,2025-08-12T23:17:53.846398035Z,1755040673846,50020,10004.0,4.77,2.8,32.0,2,7,10,19
producer-1.pitur-265048.isolateedinburgh-pg0.utah.cloudlab.us,2025-08-12T23:17:58.853245401Z,1755040678853,50107,10019.4,4.78,2.8,23.0,2,7,9,18
producer-1.pitur-265048.isolateedinburgh-pg0.utah.cloudlab.us,2025-08-12T23:18:03.859199280Z,1755040683859,50070,10014.0,4.78,2.7,70.0,2,7,9,56
producer-1.pitur-265048.isolateedinburgh-pg0.utah.cloudlab.us,2025-08-12T23:18:08.865291379Z,1755040688865,50048,10009.6,4.77,2.7,15.0,2,7,8,12
producer-1.pitur-265048.isolateedinburgh-pg0.utah.cloudlab.us,2025-08-12T23:18:13.873761108Z,1755040693873,50054,10008.8,4.77,2.7,20.0,2,7,8,14
producer-1.pitur-265048.isolateedinburgh-pg0.utah.cloudlab.us,2025-08-12T23:18:18.881231655Z,1755040698881,50104,10020.8,4.78,2.7,23.0,2,7,9,20
producer-1.pitur-265048.isolateedinburgh-pg0.utah.cloudlab.us,2025-08-12T23:18:23.886920730Z,1755040703886,50045,10009.0,4.77,2.5,21.0,2,7,8,15
producer-1.pitur-265048.isolateedinburgh-pg0.utah.cloudlab.us,2025-08-12T23:18:28.894094227Z,1755040708894,50089,10013.8,4.77,2.6,20.0,2,7,8,13
producer-1.pitur-265048.isolateedinburgh-pg0.utah.cloudlab.us,2025-08-12T23:18:33.899061676Z,1755040713899,50050,10010.0,4.77,2.6,16.0,2,7,8,12
producer-1.pitur-265048.isolateedinburgh-pg0.utah.cloudlab.us,2025-08-12T23:18:38.905077446Z,1755040718905,50048,10009.6,4.77,2.7,15.0,2,7,8,12
producer-1.pitur-265048.isolateedinburgh-pg0.utah.cloudlab.us,2025-08-12T23:18:43.912432485Z,1755040723912,50075,10013.0,4.77,2.8,22.0,2,7,9,14
producer-1.pitur-265048.isolateedinburgh-pg0.utah.cloudlab.us,2025-08-12T23:18:48.919360819Z,1755040728919,50073,10014.6,4.78,2.6,24.0,2,7,9,14
producer-1.pitur-265048.isolateedinburgh-pg0.utah.cloudlab.us,2025-08-12T23:18:53.927425968Z,1755040733927,50093,10018.6,4.78,2.6,19.0,2,7,8,15
producer-1.pitur-265048.isolateedinburgh-pg0.utah.cloudlab.us,2025-08-12T23:18:58.931608613Z,1755040738931,50022,10004.4,4.77,2.7,16.0,2,7,9,13
producer-1.pitur-265048.isolateedinburgh-pg0.utah.cloudlab.us,2025-08-12T23:19:03.936408641Z,1755040743936,50056,10011.2,4.77,2.6,23.0,2,7,9,16
producer-1.pitur-265048.isolateedinburgh-pg0.utah.cloudlab.us,2025-08-12T23:19:08.944047365Z,1755040748944,50062,10008.4,4.77,2.7,19.0,2,7,9,13
producer-1.pitur-265048.isolateedinburgh-pg0.utah.cloudlab.us,2025-08-12T23:19:13.950477804Z,1755040753950,50091,10018.2,4.78,2.8,19.0,2,7,9,14
producer-1.pitur-265048.isolateedinburgh-pg0.utah.cloudlab.us,2025-08-12T23:19:18.957722841Z,1755040758957,50063,10010.6,4.77,2.7,15.0,2,7,8,12
producer-1.pitur-265048.isolateedinburgh-pg0.utah.cloudlab.us,2025-08-12T23:19:23.964724420Z,1755040763964,50077,10013.4,4.77,2.3,15.0,1,6,8,12
producer-1.pitur-265048.isolateedinburgh-pg0.utah.cloudlab.us,2025-08-12T23:19:28.972716032Z,1755040768972,50080,10016.0,4.78,3.0,74.0,2,7,11,60
producer-1.pitur-265048.isolateedinburgh-pg0.utah.cloudlab.us,2025-08-12T23:19:33.982193808Z,1755040773982,50079,10013.8,4.77,2.9,20.0,2,7,9,15
producer-1.pitur-265048.isolateedinburgh-pg0.utah.cloudlab.us,2025-08-12T23:19:38.992516131Z,1755040778992,50103,10020.6,4.78,2.7,24.0,2,7,9,17
producer-1.pitur-265048.isolateedinburgh-pg0.utah.cloudlab.us,2025-08-12T23:19:44.000364810Z,1755040784000,50042,10002.4,4.77,2.9,23.0,2,7,10,17
producer-1.pitur-265048.isolateedinburgh-pg0.utah.cloudlab.us,2025-08-12T23:19:49.005461791Z,1755040789005,50098,10019.6,4.78,2.8,24.0,2,7,9,15
producer-1.pitur-265048.isolateedinburgh-pg0.utah.cloudlab.us,2025-08-12T23:19:54.011833904Z,1755040794011,50068,10013.6,4.77,2.7,67.0,2,7,9,54
producer-1.pitur-265048.isolateedinburgh-pg0.utah.cloudlab.us,2025-08-12T23:19:59.017722357Z,1755040799017,50056,10011.2,4.77,2.9,77.0,2,7,9,65
producer-1.pitur-265048.isolateedinburgh-pg0.utah.cloudlab.us,2025-08-12T23:20:04.023556854Z,1755040804023,50043,10008.6,4.77,2.7,17.0,2,7,8,13
producer-1.pitur-265048.isolateedinburgh-pg0.utah.cloudlab.us,2025-08-12T23:20:09.030918830Z,1755040809030,50083,10014.6,4.78,2.6,18.0,2,7,9,13
producer-1.pitur-265048.isolateedinburgh-pg0.utah.cloudlab.us,2025-08-12T23:20:14.037146774Z,1755040814037,50061,10012.2,4.77,2.8,19.0,2,7,9,13
producer-1.pitur-265048.isolateedinburgh-pg0.utah.cloudlab.us,2025-08-12T23:20:19.044025620Z,1755040819044,50069,10011.8,4.77,2.7,16.0,2,7,9,13
producer-1.pitur-265048.isolateedinburgh-pg0.utah.cloudlab.us,2025-08-12T23:20:24.051229439Z,1755040824051,50078,10015.6,4.78,2.8,60.0,2,7,10,47
producer-1.pitur-265048.isolateedinburgh-pg0.utah.cloudlab.us,2025-08-12T23:20:29.055341394Z,1755040829055,50029,10005.8,4.77,2.7,22.0,2,7,8,18
producer-1.pitur-265048.isolateedinburgh-pg0.utah.cloudlab.us,2025-08-12T23:20:34.059133621Z,1755040834059,50041,10008.2,4.77,2.8,21.0,2,7,9,13
producer-1.pitur-265048.isolateedinburgh-pg0.utah.cloudlab.us,2025-08-12T23:20:39.064483609Z,1755040839064,50033,10006.6,4.77,2.6,21.0,2,7,8,14
producer-1.pitur-265048.isolateedinburgh-pg0.utah.cloudlab.us,2025-08-12T23:20:44.069293626Z,1755040844069,50090,10018.0,4.78,2.7,20.0,2,7,8,16
producer-1.pitur-265048.isolateedinburgh-pg0.utah.cloudlab.us,2025-08-12T23:20:49.076797286Z,1755040849076,50060,10010.0,4.77,2.8,15.0,2,7,8,13
producer-1.pitur-265048.isolateedinburgh-pg0.utah.cloudlab.us,2025-08-12T23:20:54.083256331Z,1755040854083,50050,10010.0,4.77,2.8,18.0,2,7,9,13
producer-1.pitur-265048.isolateedinburgh-pg0.utah.cloudlab.us,2025-08-12T23:20:59.091238386Z,1755040859091,50070,10014.0,4.78,2.9,68.0,2,7,9,52
producer-1.pitur-265048.isolateedinburgh-pg0.utah.cloudlab.us,2025-08-12T23:21:04.099556765Z,1755040864099,50117,10021.4,4.78,2.8,19.0,2,7,8,14
producer-1.pitur-265048.isolateedinburgh-pg0.utah.cloudlab.us,2025-08-12T23:21:09.106222450Z,1755040869106,50054,10010.8,4.77,2.8,22.0,2,7,9,14
producer-1.pitur-265048.isolateedinburgh-pg0.utah.cloudlab.us,2025-08-12T23:21:14.114292772Z,1755040874114,50069,10013.8,4.77,2.7,22.0,2,7,9,19
producer-1.pitur-265048.isolateedinburgh-pg0.utah.cloudlab.us,2025-08-12T23:21:19.118081204Z,1755040879118,50060,10012.0,4.77,2.7,17.0,2,7,8,14
producer-1.pitur-265048.isolateedinburgh-pg0.utah.cloudlab.us,2025-08-12T23:21:24.124363770Z,1755040884124,50038,10005.6,4.77,2.6,15.0,2,7,8,13
producer-1.pitur-265048.isolateedinburgh-pg0.utah.cloudlab.us,2025-08-12T23:21:29.130654962Z,1755040889130,50079,10015.8,4.78,2.8,17.0,2,7,9,13
producer-1.pitur-265048.isolateedinburgh-pg0.utah.cloudlab.us,2025-08-12T23:21:34.136868571Z,1755040894136,50038,10007.6,4.77,2.9,47.0,2,7,9,32
producer-1.pitur-265048.isolateedinburgh-pg0.utah.cloudlab.us,2025-08-12T23:21:39.144069643Z,1755040899144,50082,10014.4,4.78,2.5,22.0,2,7,8,15
producer-1.pitur-265048.isolateedinburgh-pg0.utah.cloudlab.us,2025-08-12T23:21:44.150036616Z,1755040904150,50092,10018.4,4.78,2.8,39.0,2,7,9,25
producer-1.pitur-265048.isolateedinburgh-pg0.utah.cloudlab.us,2025-08-12T23:21:49.159788198Z,1755040909159,50081,10016.2,4.78,2.8,19.0,2,7,9,14
producer-1.pitur-265048.isolateedinburgh-pg0.utah.cloudlab.us,2025-08-12T23:21:54.167293745Z,1755040914167,50064,10012.8,4.77,2.8,27.0,2,7,8,16
producer-1.pitur-265048.isolateedinburgh-pg0.utah.cloudlab.us,2025-08-12T23:21:59.172353584Z,1755040919172,50063,10012.6,4.77,2.8,23.0,2,7,9,15
producer-1.pitur-265048.isolateedinburgh-pg0.utah.cloudlab.us,2025-08-12T23:22:04.177224695Z,1755040924177,50043,10008.6,4.77,2.9,62.0,2,7,9,50
