hostname,timestamp_iso,timestamp_ms,records_sent,recs_per_sec,mb_per_sec,avg_latency,max_latency,p50,p95,p99,p999
producer-1.pitur-265048.isolateedinburgh-pg0.utah.cloudlab.us,2025-08-12T23:11:33.460273489Z,1755040293460,49974,9994.8,4.77,7.3,456.0,2,43,74,83
producer-1.pitur-265048.isolateedinburgh-pg0.utah.cloudlab.us,2025-08-12T23:11:38.485172995Z,1755040298485,50195,10037.0,4.79,3.0,33.0,2,7,13,26
producer-1.pitur-265048.isolateedinburgh-pg0.utah.cloudlab.us,2025-08-12T23:11:43.493613056Z,1755040303493,50123,10024.6,4.78,2.7,23.0,2,7,10,18
producer-1.pitur-265048.isolateedinburgh-pg0.utah.cloudlab.us,2025-08-12T23:11:48.501722175Z,1755040308501,50066,10013.2,4.77,2.9,22.0,2,7,10,17
producer-1.pitur-265048.isolateedinburgh-pg0.utah.cloudlab.us,2025-08-12T23:11:53.512178321Z,1755040313512,50100,10018.0,4.78,2.8,23.0,2,7,9,18
producer-1.pitur-265048.isolateedinburgh-pg0.utah.cloudlab.us,2025-08-12T23:11:58.519447202Z,1755040318519,50074,10014.8,4.78,2.6,20.0,2,7,10,15
producer-1.pitur-265048.isolateedinburgh-pg0.utah.cloudlab.us,2025-08-12T23:12:03.526420479Z,1755040323526,50083,10016.6,4.78,2.7,20.0,2,7,10,16
producer-1.pitur-265048.isolateedinburgh-pg0.utah.cloudlab.us,2025-08-12T23:12:08.534602797Z,1755040328534,50083,10016.6,4.78,3.2,87.0,2,7,32,73
producer-1.pitur-265048.isolateedinburgh-pg0.utah.cloudlab.us,2025-08-12T23:12:13.541663762Z,1755040333541,50081,10016.2,4.78,2.7,23.0,2,7,9,16
producer-1.pitur-265048.isolateedinburgh-pg0.utah.cloudlab.us,2025-08-12T23:12:18.552914127Z,1755040338552,50100,10018.0,4.78,3.0,27.0,2,7,11,20
producer-1.pitur-265048.isolateedinburgh-pg0.utah.cloudlab.us,2025-08-12T23:12:23.558669638Z,1755040343558,50053,10008.6,4.77,2.9,26.0,2,7,9,18
producer-1.pitur-265048.isolateedinburgh-pg0.utah.cloudlab.us,2025-08-12T23:12:28.565140840Z,1755040348565,50053,10006.6,4.77,2.8,18.0,2,7,10,16
producer-1.pitur-265048.isolateedinburgh-pg0.utah.cloudlab.us,2025-08-12T23:12:33.571794100Z,1755040353571,50097,10019.4,4.78,2.7,20.0,2,7,10,17
producer-1.pitur-265048.isolateedinburgh-pg0.utah.cloudlab.us,2025-08-12T23:12:38.577351090Z,1755040358577,50043,10008.6,4.77,2.9,81.0,2,7,12,68
producer-1.pitur-265048.isolateedinburgh-pg0.utah.cloudlab.us,2025-08-12T23:12:43.584310123Z,1755040363584,50073,10014.6,4.78,3.1,90.0,2,7,15,78
producer-1.pitur-265048.isolateedinburgh-pg0.utah.cloudlab.us,2025-08-12T23:12:48.591291042Z,1755040368591,50060,10012.0,4.77,2.8,24.0,2,7,11,17
producer-1.pitur-265048.isolateedinburgh-pg0.utah.cloudlab.us,2025-08-12T23:12:53.598722732Z,1755040373598,50085,10017.0,4.78,2.7,20.0,2,7,10,16
producer-1.pitur-265048.isolateedinburgh-pg0.utah.cloudlab.us,2025-08-12T23:12:58.606041055Z,1755040378606,50069,10013.8,4.77,2.6,22.0,2,7,10,19
producer-1.pitur-265048.isolateedinburgh-pg0.utah.cloudlab.us,2025-08-12T23:13:03.610875398Z,1755040383610,50064,10012.8,4.77,2.7,23.0,2,7,8,14
producer-1.pitur-265048.isolateedinburgh-pg0.utah.cloudlab.us,2025-08-12T23:13:08.615732292Z,1755040388615,50020,10004.0,4.77,2.8,80.0,2,7,11,68
producer-1.pitur-265048.isolateedinburgh-pg0.utah.cloudlab.us,2025-08-12T23:13:13.621366650Z,1755040393621,50050,10010.0,4.77,2.8,68.0,2,7,13,55
producer-1.pitur-265048.isolateedinburgh-pg0.utah.cloudlab.us,2025-08-12T23:13:18.628764072Z,1755040398628,50106,10021.2,4.78,2.6,18.0,2,7,9,15
producer-1.pitur-265048.isolateedinburgh-pg0.utah.cloudlab.us,2025-08-12T23:13:23.634023738Z,1755040403634,50023,10004.6,4.77,2.8,18.0,2,7,9,16
producer-1.pitur-265048.isolateedinburgh-pg0.utah.cloudlab.us,2025-08-12T23:13:28.640505275Z,1755040408640,50074,10014.8,4.78,2.8,20.0,2,7,10,16
producer-1.pitur-265048.isolateedinburgh-pg0.utah.cloudlab.us,2025-08-12T23:13:33.647496028Z,1755040413647,50082,10016.4,4.78,2.8,22.0,2,7,10,17
producer-1.pitur-265048.isolateedinburgh-pg0.utah.cloudlab.us,2025-08-12T23:13:38.657043404Z,1755040418657,50096,10019.2,4.78,2.9,35.0,2,7,10,22
producer-1.pitur-265048.isolateedinburgh-pg0.utah.cloudlab.us,2025-08-12T23:13:43.661596093Z,1755040423661,50048,10009.6,4.77,2.8,76.0,2,7,14,63
producer-1.pitur-265048.isolateedinburgh-pg0.utah.cloudlab.us,2025-08-12T23:13:48.668908269Z,1755040428668,50057,10007.4,4.77,2.8,18.0,2,7,10,16
producer-1.pitur-265048.isolateedinburgh-pg0.utah.cloudlab.us,2025-08-12T23:13:53.674581939Z,1755040433674,50069,10013.8,4.77,2.5,19.0,2,7,9,15
producer-1.pitur-265048.isolateedinburgh-pg0.utah.cloudlab.us,2025-08-12T23:13:58.681844723Z,1755040438681,50081,10016.2,4.78,2.7,20.0,2,7,9,15
producer-1.pitur-265048.isolateedinburgh-pg0.utah.cloudlab.us,2025-08-12T23:14:03.688117820Z,1755040443688,50053,10010.6,4.77,2.8,18.0,2,7,9,15
producer-1.pitur-265048.isolateedinburgh-pg0.utah.cloudlab.us,2025-08-12T23:14:08.696053363Z,1755040448696,50086,10013.2,4.77,2.8,49.0,2,7,9,36
producer-1.pitur-265048.isolateedinburgh-pg0.utah.cloudlab.us,2025-08-12T23:14:13.703239130Z,1755040453703,50081,10016.2,4.78,2.8,79.0,2,7,11,67
producer-1.pitur-265048.isolateedinburgh-pg0.utah.cloudlab.us,2025-08-12T23:14:18.710351237Z,1755040458710,50067,10013.4,4.77,2.7,25.0,2,7,10,16
producer-1.pitur-265048.isolateedinburgh-pg0.utah.cloudlab.us,2025-08-12T23:14:23.714195442Z,1755040463714,50009,10001.8,4.77,2.7,19.0,2,7,10,16
producer-1.pitur-265048.isolateedinburgh-pg0.utah.cloudlab.us,2025-08-12T23:14:28.720536058Z,1755040468720,50061,10010.2,4.77,2.8,19.0,2,7,10,16
producer-1.pitur-265048.isolateedinburgh-pg0.utah.cloudlab.us,2025-08-12T23:14:33.726569640Z,1755040473726,50063,10012.6,4.77,2.8,25.0,2,7,10,18
producer-1.pitur-265048.isolateedinburgh-pg0.utah.cloudlab.us,2025-08-12T23:14:38.733198221Z,1755040478733,50093,10018.6,4.78,3.0,66.0,2,7,12,54
producer-1.pitur-265048.isolateedinburgh-pg0.utah.cloudlab.us,2025-08-12T23:14:43.740267302Z,1755040483740,50040,10004.0,4.77,2.8,62.0,2,7,10,49
producer-1.pitur-265048.isolateedinburgh-pg0.utah.cloudlab.us,2025-08-12T23:14:48.747221619Z,1755040488747,50066,10013.2,4.77,3.0,83.0,2,7,13,72
producer-1.pitur-265048.isolateedinburgh-pg0.utah.cloudlab.us,2025-08-12T23:14:53.754598368Z,1755040493754,50098,10019.6,4.78,2.7,23.0,2,7,10,17
producer-1.pitur-265048.isolateedinburgh-pg0.utah.cloudlab.us,2025-08-12T23:14:58.762607660Z,1755040498762,50092,10016.4,4.78,2.6,19.0,2,7,9,16
producer-1.pitur-265048.isolateedinburgh-pg0.utah.cloudlab.us,2025-08-12T23:15:03.769817007Z,1755040503769,50058,10011.6,4.77,2.6,23.0,2,7,8,16
producer-1.pitur-265048.isolateedinburgh-pg0.utah.cloudlab.us,2025-08-12T23:15:08.774296680Z,1755040508774,50054,10010.8,4.77,2.9,88.0,2,7,12,75
producer-1.pitur-265048.isolateedinburgh-pg0.utah.cloudlab.us,2025-08-12T23:15:13.780311959Z,1755040513780,50058,10009.6,4.77,2.6,17.0,2,7,9,14
producer-1.pitur-265048.isolateedinburgh-pg0.utah.cloudlab.us,2025-08-12T23:15:18.785099999Z,1755040518785,50036,10007.2,4.77,2.8,88.0,2,7,11,73
producer-1.pitur-265048.isolateedinburgh-pg0.utah.cloudlab.us,2025-08-12T23:15:23.790505329Z,1755040523790,50067,10013.4,4.77,2.7,41.0,2,7,10,29
producer-1.pitur-265048.isolateedinburgh-pg0.utah.cloudlab.us,2025-08-12T23:15:28.796058155Z,1755040528796,50063,10012.6,4.77,2.6,21.0,2,7,8,15
producer-1.pitur-265048.isolateedinburgh-pg0.utah.cloudlab.us,2025-08-12T23:15:33.803013319Z,1755040533803,50058,10009.6,4.77,2.7,16.0,2,7,8,13
producer-1.pitur-265048.isolateedinburgh-pg0.utah.cloudlab.us,2025-08-12T23:15:38.810674009Z,1755040538810,50070,10014.0,4.78,2.6,24.0,2,7,9,15
producer-1.pitur-265048.isolateedinburgh-pg0.utah.cloudlab.us,2025-08-12T23:15:43.817352197Z,1755040543817,50066,10013.2,4.77,2.7,59.0,2,7,9,45
producer-1.pitur-265048.isolateedinburgh-pg0.utah.cloudlab.us,2025-08-12T23:15:48.822165152Z,1755040548822,50061,10012.2,4.77,2.7,51.0,2,7,10,43
producer-1.pitur-265048.isolateedinburgh-pg0.utah.cloudlab.us,2025-08-12T23:15:53.830482529Z,1755040553830,50042,10002.4,4.77,2.3,21.0,1,7,9,16
producer-1.pitur-265048.isolateedinburgh-pg0.utah.cloudlab.us,2025-08-12T23:15:58.835326118Z,1755040558835,50039,10007.8,4.77,2.7,47.0,2,7,10,35
producer-1.pitur-265048.isolateedinburgh-pg0.utah.cloudlab.us,2025-08-12T23:16:03.841251763Z,1755040563841,50109,10021.8,4.78,2.6,21.0,2,6,8,16
producer-1.pitur-265048.isolateedinburgh-pg0.utah.cloudlab.us,2025-08-12T23:16:08.848150051Z,1755040568848,50070,10012.0,4.77,2.5,19.0,2,6,8,13
producer-1.pitur-265048.isolateedinburgh-pg0.utah.cloudlab.us,2025-08-12T23:16:13.855673644Z,1755040573855,50052,10008.4,4.77,2.6,48.0,2,6,8,36
producer-1.pitur-265048.isolateedinburgh-pg0.utah.cloudlab.us,2025-08-12T23:16:18.872621232Z,1755040578872,50018,9983.6,4.76,2.7,34.0,2,7,9,20
producer-1.pitur-265048.isolateedinburgh-pg0.utah.cloudlab.us,2025-08-12T23:16:23.876669265Z,1755040583876,50192,10038.4,4.79,2.8,41.0,2,7,10,30
producer-1.pitur-265048.isolateedinburgh-pg0.utah.cloudlab.us,2025-08-12T23:16:28.882814774Z,1755040588882,50071,10012.2,4.77,2.6,28.0,2,7,9,21
producer-1.pitur-265048.isolateedinburgh-pg0.utah.cloudlab.us,2025-08-12T23:16:33.887390536Z,1755040593887,50044,10008.8,4.77,2.5,24.0,2,7,8,16
producer-1.pitur-265048.isolateedinburgh-pg0.utah.cloudlab.us,2025-08-12T23:16:38.893447753Z,1755040598893,50073,10014.6,4.78,2.7,16.0,2,7,8,13
producer-1.pitur-265048.isolateedinburgh-pg0.utah.cloudlab.us,2025-08-12T23:16:43.898074618Z,1755040603898,50032,10006.4,4.77,2.5,14.0,2,7,8,13
producer-1.pitur-265048.isolateedinburgh-pg0.utah.cloudlab.us,2025-08-12T23:16:48.905323534Z,1755040608905,50066,10011.2,4.77,2.8,76.0,2,7,11,62
producer-1.pitur-265048.isolateedinburgh-pg0.utah.cloudlab.us,2025-08-12T23:16:53.911387514Z,1755040613911,50063,10012.6,4.77,2.7,23.0,2,7,9,16
producer-1.pitur-265048.isolateedinburgh-pg0.utah.cloudlab.us,2025-08-12T23:16:58.922024187Z,1755040618922,50105,10019.0,4.78,2.6,24.0,2,7,9,19
producer-1.pitur-265048.isolateedinburgh-pg0.utah.cloudlab.us,2025-08-12T23:17:03.926332017Z,1755040623926,50063,10012.6,4.77,2.7,23.0,2,7,8,13
producer-1.pitur-265048.isolateedinburgh-pg0.utah.cloudlab.us,2025-08-12T23:17:08.931956978Z,1755040628931,50063,10012.6,4.77,2.8,22.0,2,7,9,13
producer-1.pitur-265048.isolateedinburgh-pg0.utah.cloudlab.us,2025-08-12T23:17:13.936656231Z,1755040633936,50047,10009.4,4.77,2.7,19.0,2,7,9,13
producer-1.pitur-265048.isolateedinburgh-pg0.utah.cloudlab.us,2025-08-12T23:17:18.943708334Z,1755040638943,50043,10008.6,4.77,2.6,20.0,2,7,9,12
producer-1.pitur-265048.isolateedinburgh-pg0.utah.cloudlab.us,2025-08-12T23:17:23.950229645Z,1755040643950,50083,10016.6,4.78,2.6,25.0,2,7,9,17
producer-1.pitur-265048.isolateedinburgh-pg0.utah.cloudlab.us,2025-08-12T23:17:28.956381166Z,1755040648956,50048,10009.6,4.77,2.8,19.0,2,7,9,14
producer-1.pitur-265048.isolateedinburgh-pg0.utah.cloudlab.us,2025-08-12T23:17:33.963580987Z,1755040653963,50073,10014.6,4.78,3.0,62.0,2,7,10,46
producer-1.pitur-265048.isolateedinburgh-pg0.utah.cloudlab.us,2025-08-12T23:17:38.974730232Z,1755040658974,50112,10020.4,4.78,2.8,24.0,2,7,10,19
producer-1.pitur-265048.isolateedinburgh-pg0.utah.cloudlab.us,2025-08-12T23:17:43.978616699Z,1755040663978,50035,10007.0,4.77,2.6,22.0,2,7,8,13
producer-1.pitur-265048.isolateedinburgh-pg0.utah.cloudlab.us,2025-08-12T23:17:48.982934110Z,1755040668982,50044,10008.8,4.77,2.7,25.0,2,7,9,14
producer-1.pitur-265048.isolateedinburgh-pg0.utah.cloudlab.us,2025-08-12T23:17:53.988095365Z,1755040673988,50076,10015.2,4.78,2.7,36.0,2,7,8,23
producer-1.pitur-265048.isolateedinburgh-pg0.utah.cloudlab.us,2025-08-12T23:17:58.994121220Z,1755040678994,50032,10004.4,4.77,2.6,22.0,2,7,8,16
producer-1.pitur-265048.isolateedinburgh-pg0.utah.cloudlab.us,2025-08-12T23:18:04.001521660Z,1755040684001,50091,10016.2,4.78,2.7,71.0,2,7,9,57
producer-1.pitur-265048.isolateedinburgh-pg0.utah.cloudlab.us,2025-08-12T23:18:09.008995722Z,1755040689008,50051,10010.2,4.77,2.8,21.0,2,7,9,14
producer-1.pitur-265048.isolateedinburgh-pg0.utah.cloudlab.us,2025-08-12T23:18:14.016185291Z,1755040694016,50092,10018.4,4.78,2.8,22.0,2,7,9,16
producer-1.pitur-265048.isolateedinburgh-pg0.utah.cloudlab.us,2025-08-12T23:18:19.023400468Z,1755040699023,50074,10014.8,4.78,2.6,25.0,2,7,8,19
producer-1.pitur-265048.isolateedinburgh-pg0.utah.cloudlab.us,2025-08-12T23:18:24.028492898Z,1755040704028,50067,10011.4,4.77,2.5,20.0,2,7,8,13
producer-1.pitur-265048.isolateedinburgh-pg0.utah.cloudlab.us,2025-08-12T23:18:29.033692592Z,1755040709033,50050,10010.0,4.77,2.1,15.0,1,6,7,12
producer-1.pitur-265048.isolateedinburgh-pg0.utah.cloudlab.us,2025-08-12T23:18:34.038268572Z,1755040714038,50040,10008.0,4.77,2.3,19.0,1,6,8,12
producer-1.pitur-265048.isolateedinburgh-pg0.utah.cloudlab.us,2025-08-12T23:18:39.045293052Z,1755040719045,50056,10009.2,4.77,2.8,16.0,2,7,9,13
producer-1.pitur-265048.isolateedinburgh-pg0.utah.cloudlab.us,2025-08-12T23:18:44.053231877Z,1755040724053,50101,10020.2,4.78,2.8,20.0,2,7,9,15
producer-1.pitur-265048.isolateedinburgh-pg0.utah.cloudlab.us,2025-08-12T23:18:49.062016068Z,1755040729062,50089,10017.8,4.78,2.5,20.0,2,6,8,13
producer-1.pitur-265048.isolateedinburgh-pg0.utah.cloudlab.us,2025-08-12T23:18:54.069236549Z,1755040734069,50064,10012.8,4.77,2.6,20.0,2,7,8,13
producer-1.pitur-265048.isolateedinburgh-pg0.utah.cloudlab.us,2025-08-12T23:18:59.073540204Z,1755040739073,50040,10008.0,4.77,2.7,30.0,2,7,8,21
producer-1.pitur-265048.isolateedinburgh-pg0.utah.cloudlab.us,2025-08-12T23:19:04.078728509Z,1755040744078,50047,10009.4,4.77,2.5,19.0,2,7,8,14
producer-1.pitur-265048.isolateedinburgh-pg0.utah.cloudlab.us,2025-08-12T23:19:09.084109607Z,1755040749084,50063,10010.6,4.77,2.6,20.0,2,7,8,13
producer-1.pitur-265048.isolateedinburgh-pg0.utah.cloudlab.us,2025-08-12T23:19:14.089386233Z,1755040754089,50060,10012.0,4.77,2.6,18.0,2,7,8,12
producer-1.pitur-265048.isolateedinburgh-pg0.utah.cloudlab.us,2025-08-12T23:19:19.094102341Z,1755040759094,50021,10004.2,4.77,2.7,15.0,2,7,8,12
producer-1.pitur-265048.isolateedinburgh-pg0.utah.cloudlab.us,2025-08-12T23:19:24.100027603Z,1755040764100,50008,10001.6,4.77,2.4,19.0,1,6,8,13
producer-1.pitur-265048.isolateedinburgh-pg0.utah.cloudlab.us,2025-08-12T23:19:29.107235666Z,1755040769107,50135,10025.0,4.78,2.8,75.0,2,7,9,61
producer-1.pitur-265048.isolateedinburgh-pg0.utah.cloudlab.us,2025-08-12T23:19:34.114260948Z,1755040774114,50078,10015.6,4.78,2.7,21.0,2,7,8,14
producer-1.pitur-265048.isolateedinburgh-pg0.utah.cloudlab.us,2025-08-12T23:19:39.119670733Z,1755040779119,50041,10006.2,4.77,2.5,20.0,2,6,8,14
producer-1.pitur-265048.isolateedinburgh-pg0.utah.cloudlab.us,2025-08-12T23:19:44.124648352Z,1755040784124,50042,10008.4,4.77,2.6,18.0,2,7,8,13
producer-1.pitur-265048.isolateedinburgh-pg0.utah.cloudlab.us,2025-08-12T23:19:49.128968619Z,1755040789128,50045,10009.0,4.77,2.6,15.0,2,7,8,12
producer-1.pitur-265048.isolateedinburgh-pg0.utah.cloudlab.us,2025-08-12T23:19:54.134088488Z,1755040794134,50059,10011.8,4.77,2.9,71.0,2,7,9,60
producer-1.pitur-265048.isolateedinburgh-pg0.utah.cloudlab.us,2025-08-12T23:19:59.139150775Z,1755040799139,50026,10005.2,4.77,2.8,74.0,2,7,9,62
producer-1.pitur-265048.isolateedinburgh-pg0.utah.cloudlab.us,2025-08-12T23:20:04.145617806Z,1755040804145,50095,10019.0,4.78,2.7,21.0,2,7,8,15
producer-1.pitur-265048.isolateedinburgh-pg0.utah.cloudlab.us,2025-08-12T23:20:09.152757425Z,1755040809152,50066,10013.2,4.77,2.5,19.0,1,7,8,13
producer-1.pitur-265048.isolateedinburgh-pg0.utah.cloudlab.us,2025-08-12T23:20:14.161529188Z,1755040814161,50061,10010.2,4.77,2.4,18.0,2,6,8,16
producer-1.pitur-265048.isolateedinburgh-pg0.utah.cloudlab.us,2025-08-12T23:20:19.165968357Z,1755040819165,50081,10016.2,4.78,2.6,21.0,2,7,8,13
producer-1.pitur-265048.isolateedinburgh-pg0.utah.cloudlab.us,2025-08-12T23:20:24.171098987Z,1755040824171,50055,10011.0,4.77,2.6,63.0,2,7,8,49
producer-1.pitur-265048.isolateedinburgh-pg0.utah.cloudlab.us,2025-08-12T23:20:29.176512005Z,1755040829176,50044,10008.8,4.77,2.8,20.0,2,7,9,15
producer-1.pitur-265048.isolateedinburgh-pg0.utah.cloudlab.us,2025-08-12T23:20:34.182057404Z,1755040834182,50063,10012.6,4.77,2.6,14.0,2,7,8,12
producer-1.pitur-265048.isolateedinburgh-pg0.utah.cloudlab.us,2025-08-12T23:20:39.190698126Z,1755040839190,50090,10016.0,4.78,2.7,18.0,2,7,9,13
producer-1.pitur-265048.isolateedinburgh-pg0.utah.cloudlab.us,2025-08-12T23:20:44.197906532Z,1755040844197,50069,10013.8,4.77,2.6,14.0,2,6,8,12
producer-1.pitur-265048.isolateedinburgh-pg0.utah.cloudlab.us,2025-08-12T23:20:49.205038312Z,1755040849205,50077,10015.4,4.78,2.7,24.0,2,7,9,14
producer-1.pitur-265048.isolateedinburgh-pg0.utah.cloudlab.us,2025-08-12T23:20:54.209766475Z,1755040854209,50027,10005.4,4.77,2.7,17.0,2,7,9,12
producer-1.pitur-265048.isolateedinburgh-pg0.utah.cloudlab.us,2025-08-12T23:20:59.214634619Z,1755040859214,50058,10011.6,4.77,2.8,66.0,2,7,8,54
producer-1.pitur-265048.isolateedinburgh-pg0.utah.cloudlab.us,2025-08-12T23:21:04.220732132Z,1755040864220,50068,10011.6,4.77,2.7,27.0,2,7,8,17
producer-1.pitur-265048.isolateedinburgh-pg0.utah.cloudlab.us,2025-08-12T23:21:09.226021449Z,1755040869226,50055,10011.0,4.77,2.6,18.0,2,7,8,13
producer-1.pitur-265048.isolateedinburgh-pg0.utah.cloudlab.us,2025-08-12T23:21:14.232205213Z,1755040874232,50040,10008.0,4.77,2.7,20.0,2,7,9,14
producer-1.pitur-265048.isolateedinburgh-pg0.utah.cloudlab.us,2025-08-12T23:21:19.238070306Z,1755040879238,50074,10014.8,4.78,2.7,20.0,2,7,8,14
producer-1.pitur-265048.isolateedinburgh-pg0.utah.cloudlab.us,2025-08-12T23:21:24.244244794Z,1755040884244,50062,10012.4,4.77,2.6,23.0,2,7,8,15
producer-1.pitur-265048.isolateedinburgh-pg0.utah.cloudlab.us,2025-08-12T23:21:29.252068571Z,1755040889252,50073,10014.6,4.78,2.7,25.0,2,7,8,17
producer-1.pitur-265048.isolateedinburgh-pg0.utah.cloudlab.us,2025-08-12T23:21:34.256411050Z,1755040894256,50049,10009.8,4.77,2.7,37.0,2,7,9,25
producer-1.pitur-265048.isolateedinburgh-pg0.utah.cloudlab.us,2025-08-12T23:21:39.262333112Z,1755040899262,50047,10007.4,4.77,2.8,26.0,2,7,9,14
producer-1.pitur-265048.isolateedinburgh-pg0.utah.cloudlab.us,2025-08-12T23:21:44.269943110Z,1755040904269,50070,10012.0,4.77,2.7,38.0,2,7,9,25
producer-1.pitur-265048.isolateedinburgh-pg0.utah.cloudlab.us,2025-08-12T23:21:49.276607526Z,1755040909276,50074,10014.8,4.78,2.7,22.0,2,7,8,14
producer-1.pitur-265048.isolateedinburgh-pg0.utah.cloudlab.us,2025-08-12T23:21:54.283040950Z,1755040914283,50076,10015.2,4.78,2.7,21.0,2,7,9,14
producer-1.pitur-265048.isolateedinburgh-pg0.utah.cloudlab.us,2025-08-12T23:21:59.290393963Z,1755040919290,50069,10013.8,4.77,2.7,20.0,2,7,8,13
producer-1.pitur-265048.isolateedinburgh-pg0.utah.cloudlab.us,2025-08-12T23:22:04.298513474Z,1755040924298,50087,10015.4,4.78,2.8,67.0,2,7,9,56
