hostname,timestamp_iso,timestamp_ms,records_sent,recs_per_sec,mb_per_sec,avg_latency,max_latency,p50,p95,p99,p999
producer-1.pitur-265048.isolateedinburgh-pg0.utah.cloudlab.us,2025-08-12T18:09:09.958867752Z,1755022149958,49972,9994.4,4.77,40.0,369.0,1,271,319,334
producer-1.pitur-265048.isolateedinburgh-pg0.utah.cloudlab.us,2025-08-12T18:09:14.989516024Z,1755022154989,50325,10065.0,4.80,1.1,37.0,1,2,5,33
producer-1.pitur-265048.isolateedinburgh-pg0.utah.cloudlab.us,2025-08-12T18:09:20.000669212Z,1755022160000,50091,10018.2,4.78,0.9,15.0,1,2,2,9
producer-1.pitur-265048.isolateedinburgh-pg0.utah.cloudlab.us,2025-08-12T18:09:25.007954516Z,1755022165007,50084,10016.8,4.78,1.0,9.0,1,2,2,9
producer-1.pitur-265048.isolateedinburgh-pg0.utah.cloudlab.us,2025-08-12T18:09:30.017400610Z,1755022170017,50085,10017.0,4.78,1.0,13.0,1,2,3,12
producer-1.pitur-265048.isolateedinburgh-pg0.utah.cloudlab.us,2025-08-12T18:09:35.022559106Z,1755022175022,50055,10011.0,4.77,0.9,18.0,1,2,2,9
producer-1.pitur-265048.isolateedinburgh-pg0.utah.cloudlab.us,2025-08-12T18:09:40.029922671Z,1755022180029,50079,10013.8,4.77,0.9,12.0,1,2,2,8
producer-1.pitur-265048.isolateedinburgh-pg0.utah.cloudlab.us,2025-08-12T18:09:45.035763670Z,1755022185035,50050,10008.0,4.77,0.9,15.0,1,2,2,9
producer-1.pitur-265048.isolateedinburgh-pg0.utah.cloudlab.us,2025-08-12T18:09:50.040902537Z,1755022190040,50051,10010.2,4.77,17.1,316.0,1,165,287,315
producer-1.pitur-265048.isolateedinburgh-pg0.utah.cloudlab.us,2025-08-12T18:09:55.048962293Z,1755022195048,50080,10014.0,4.78,0.8,9.0,1,2,2,7
producer-1.pitur-265048.isolateedinburgh-pg0.utah.cloudlab.us,2025-08-12T18:10:00.054468824Z,1755022200054,50060,10010.0,4.77,0.9,9.0,1,2,2,6
producer-1.pitur-265048.isolateedinburgh-pg0.utah.cloudlab.us,2025-08-12T18:10:05.060536883Z,1755022205060,50060,10012.0,4.77,0.8,10.0,1,1,2,6
producer-1.pitur-265048.isolateedinburgh-pg0.utah.cloudlab.us,2025-08-12T18:10:10.067223593Z,1755022210067,50069,10011.8,4.77,18.2,338.0,1,174,315,336
producer-1.pitur-265048.isolateedinburgh-pg0.utah.cloudlab.us,2025-08-12T18:10:15.073330659Z,1755022215073,50061,10010.2,4.77,0.9,10.0,1,2,2,7
producer-1.pitur-265048.isolateedinburgh-pg0.utah.cloudlab.us,2025-08-12T18:10:20.077651602Z,1755022220077,50043,10008.6,4.77,0.8,7.0,1,2,2,7
producer-1.pitur-265048.isolateedinburgh-pg0.utah.cloudlab.us,2025-08-12T18:10:25.083719306Z,1755022225083,50057,10011.4,4.77,0.9,9.0,1,2,2,6
producer-1.pitur-265048.isolateedinburgh-pg0.utah.cloudlab.us,2025-08-12T18:10:30.090902591Z,1755022230090,50070,10012.0,4.77,10.2,245.0,1,79,215,241
producer-1.pitur-265048.isolateedinburgh-pg0.utah.cloudlab.us,2025-08-12T18:10:35.097391756Z,1755022235097,50070,10012.0,4.77,1.0,9.0,1,2,2,7
producer-1.pitur-265048.isolateedinburgh-pg0.utah.cloudlab.us,2025-08-12T18:10:40.103032567Z,1755022240103,50050,10008.0,4.77,1.0,9.0,1,2,2,7
producer-1.pitur-265048.isolateedinburgh-pg0.utah.cloudlab.us,2025-08-12T18:10:45.108929759Z,1755022245108,50059,10009.8,4.77,1.1,8.0,1,2,2,7
producer-1.pitur-265048.isolateedinburgh-pg0.utah.cloudlab.us,2025-08-12T18:10:50.113683998Z,1755022250113,50051,10010.2,4.77,1.0,10.0,1,2,2,7
producer-1.pitur-265048.isolateedinburgh-pg0.utah.cloudlab.us,2025-08-12T18:10:55.120174967Z,1755022255120,50068,10011.6,4.77,1.0,9.0,1,2,2,8
producer-1.pitur-265048.isolateedinburgh-pg0.utah.cloudlab.us,2025-08-12T18:11:00.134466841Z,1755022260134,49961,9976.2,4.76,1.1,19.0,1,2,2,7
producer-1.pitur-265048.isolateedinburgh-pg0.utah.cloudlab.us,2025-08-12T18:11:05.139972815Z,1755022265139,50177,10033.4,4.78,0.9,23.0,1,2,2,8
producer-1.pitur-265048.isolateedinburgh-pg0.utah.cloudlab.us,2025-08-12T18:11:10.145944594Z,1755022270145,50114,10022.8,4.78,0.9,14.0,1,2,2,12
producer-1.pitur-265048.isolateedinburgh-pg0.utah.cloudlab.us,2025-08-12T18:11:15.151274714Z,1755022275151,50049,10007.8,4.77,1.0,8.0,1,2,2,7
producer-1.pitur-265048.isolateedinburgh-pg0.utah.cloudlab.us,2025-08-12T18:11:20.159053878Z,1755022280159,50081,10012.2,4.77,1.0,9.0,1,2,2,8
producer-1.pitur-265048.isolateedinburgh-pg0.utah.cloudlab.us,2025-08-12T18:11:25.164642471Z,1755022285164,50060,10012.0,4.77,1.0,17.0,1,2,2,7
producer-1.pitur-265048.isolateedinburgh-pg0.utah.cloudlab.us,2025-08-12T18:11:30.170852847Z,1755022290170,50060,10010.0,4.77,0.9,8.0,1,2,2,7
producer-1.pitur-265048.isolateedinburgh-pg0.utah.cloudlab.us,2025-08-12T18:11:35.176271963Z,1755022295176,50059,10009.8,4.77,10.8,248.0,1,94,216,245
producer-1.pitur-265048.isolateedinburgh-pg0.utah.cloudlab.us,2025-08-12T18:11:40.181252805Z,1755022300181,50040,10008.0,4.77,0.9,9.0,1,2,2,7
producer-1.pitur-265048.isolateedinburgh-pg0.utah.cloudlab.us,2025-08-12T18:11:45.186565331Z,1755022305186,50058,10011.6,4.77,1.0,10.0,1,2,3,7
producer-1.pitur-265048.isolateedinburgh-pg0.utah.cloudlab.us,2025-08-12T18:11:50.191345038Z,1755022310191,50052,10010.4,4.77,1.0,14.0,1,2,2,8
producer-1.pitur-265048.isolateedinburgh-pg0.utah.cloudlab.us,2025-08-12T18:11:55.195037892Z,1755022315195,50031,10006.2,4.77,34.0,464.0,1,308,439,461
producer-1.pitur-265048.isolateedinburgh-pg0.utah.cloudlab.us,2025-08-12T18:12:00.200045429Z,1755022320200,50059,10011.8,4.77,1.0,10.0,1,2,3,7
producer-1.pitur-265048.isolateedinburgh-pg0.utah.cloudlab.us,2025-08-12T18:12:05.205145410Z,1755022325205,50044,10008.8,4.77,0.9,9.0,1,2,2,7
producer-1.pitur-265048.isolateedinburgh-pg0.utah.cloudlab.us,2025-08-12T18:12:10.209560790Z,1755022330209,50047,10009.4,4.77,0.9,9.0,1,2,2,7
producer-1.pitur-265048.isolateedinburgh-pg0.utah.cloudlab.us,2025-08-12T18:12:15.214600267Z,1755022335214,50050,10010.0,4.77,25.2,383.0,1,237,358,382
producer-1.pitur-265048.isolateedinburgh-pg0.utah.cloudlab.us,2025-08-12T18:12:20.220258068Z,1755022340220,50060,10010.0,4.77,1.0,9.0,1,2,2,8
producer-1.pitur-265048.isolateedinburgh-pg0.utah.cloudlab.us,2025-08-12T18:12:25.225961694Z,1755022345225,50049,10009.8,4.77,0.9,9.0,1,2,2,7
producer-1.pitur-265048.isolateedinburgh-pg0.utah.cloudlab.us,2025-08-12T18:12:30.232418670Z,1755022350232,50070,10012.0,4.77,1.0,8.0,1,2,3,8
producer-1.pitur-265048.isolateedinburgh-pg0.utah.cloudlab.us,2025-08-12T18:12:35.237022682Z,1755022355237,50055,10011.0,4.77,1.0,9.0,1,2,3,6
producer-1.pitur-265048.isolateedinburgh-pg0.utah.cloudlab.us,2025-08-12T18:12:40.241809827Z,1755022360241,50021,10004.2,4.77,1.0,8.0,1,2,2,6
producer-1.pitur-265048.isolateedinburgh-pg0.utah.cloudlab.us,2025-08-12T18:12:45.246906200Z,1755022365246,50067,10013.4,4.77,1.0,9.0,1,2,2,8
producer-1.pitur-265048.isolateedinburgh-pg0.utah.cloudlab.us,2025-08-12T18:12:50.251314728Z,1755022370251,50047,10009.4,4.77,1.1,8.0,1,2,3,7
producer-1.pitur-265048.isolateedinburgh-pg0.utah.cloudlab.us,2025-08-12T18:12:55.258273659Z,1755022375258,50070,10010.0,4.77,1.0,8.0,1,2,3,7
producer-1.pitur-265048.isolateedinburgh-pg0.utah.cloudlab.us,2025-08-12T18:13:00.264151057Z,1755022380264,50051,10010.2,4.77,1.1,10.0,1,2,3,8
producer-1.pitur-265048.isolateedinburgh-pg0.utah.cloudlab.us,2025-08-12T18:13:05.270071804Z,1755022385270,50060,10010.0,4.77,1.2,9.0,1,2,3,7
producer-1.pitur-265048.isolateedinburgh-pg0.utah.cloudlab.us,2025-08-12T18:13:10.275684938Z,1755022390275,50059,10009.8,4.77,1.1,9.0,1,2,3,8
producer-1.pitur-265048.isolateedinburgh-pg0.utah.cloudlab.us,2025-08-12T18:13:15.281560451Z,1755022395281,50060,10010.0,4.77,0.9,8.0,1,2,2,5
producer-1.pitur-265048.isolateedinburgh-pg0.utah.cloudlab.us,2025-08-12T18:13:20.285741073Z,1755022400285,50057,10011.4,4.77,7.3,192.0,1,50,163,190
producer-1.pitur-265048.isolateedinburgh-pg0.utah.cloudlab.us,2025-08-12T18:13:25.290835555Z,1755022405290,50034,10004.8,4.77,0.9,8.0,1,2,2,7
producer-1.pitur-265048.isolateedinburgh-pg0.utah.cloudlab.us,2025-08-12T18:13:30.295639264Z,1755022410295,50050,10010.0,4.77,0.9,9.0,1,2,2,8
producer-1.pitur-265048.isolateedinburgh-pg0.utah.cloudlab.us,2025-08-12T18:13:35.301855857Z,1755022415301,50060,10010.0,4.77,0.8,8.0,1,2,2,7
producer-1.pitur-265048.isolateedinburgh-pg0.utah.cloudlab.us,2025-08-12T18:13:40.306291948Z,1755022420306,50052,10010.4,4.77,9.0,175.0,1,80,144,172
producer-1.pitur-265048.isolateedinburgh-pg0.utah.cloudlab.us,2025-08-12T18:13:45.311243604Z,1755022425311,50046,10007.2,4.77,1.0,9.0,1,2,2,7
producer-1.pitur-265048.isolateedinburgh-pg0.utah.cloudlab.us,2025-08-12T18:13:50.316768347Z,1755022430316,50052,10008.4,4.77,0.9,8.0,1,2,2,8
producer-1.pitur-265048.isolateedinburgh-pg0.utah.cloudlab.us,2025-08-12T18:13:55.321030672Z,1755022435321,50050,10010.0,4.77,0.9,9.0,1,2,2,7
producer-1.pitur-265048.isolateedinburgh-pg0.utah.cloudlab.us,2025-08-12T18:14:00.326285018Z,1755022440326,50050,10008.0,4.77,3.1,117.0,1,2,81,115
producer-1.pitur-265048.isolateedinburgh-pg0.utah.cloudlab.us,2025-08-12T18:14:05.330622540Z,1755022445330,50040,10008.0,4.77,0.9,9.0,1,2,2,6
producer-1.pitur-265048.isolateedinburgh-pg0.utah.cloudlab.us,2025-08-12T18:14:10.335037294Z,1755022450335,50050,10008.0,4.77,0.9,9.0,1,2,2,7
producer-1.pitur-265048.isolateedinburgh-pg0.utah.cloudlab.us,2025-08-12T18:14:15.339423845Z,1755022455339,50040,10008.0,4.77,0.8,8.0,1,2,2,7
producer-1.pitur-265048.isolateedinburgh-pg0.utah.cloudlab.us,2025-08-12T18:14:20.345373080Z,1755022460345,50059,10007.8,4.77,1.4,61.0,1,2,27,58
producer-1.pitur-265048.isolateedinburgh-pg0.utah.cloudlab.us,2025-08-12T18:14:25.350508172Z,1755022465350,50051,10008.2,4.77,0.8,6.0,1,2,2,6
producer-1.pitur-265048.isolateedinburgh-pg0.utah.cloudlab.us,2025-08-12T18:14:30.354601900Z,1755022470354,50040,10008.0,4.77,0.9,8.0,1,2,2,7
producer-1.pitur-265048.isolateedinburgh-pg0.utah.cloudlab.us,2025-08-12T18:14:35.359223422Z,1755022475359,50050,10010.0,4.77,0.9,9.0,1,2,2,7
producer-1.pitur-265048.isolateedinburgh-pg0.utah.cloudlab.us,2025-08-12T18:14:40.363227267Z,1755022480363,50047,10009.4,4.77,0.9,8.0,1,2,2,7
producer-1.pitur-265048.isolateedinburgh-pg0.utah.cloudlab.us,2025-08-12T18:14:45.369217507Z,1755022485369,50053,10006.6,4.77,0.9,10.0,1,2,2,7
producer-1.pitur-265048.isolateedinburgh-pg0.utah.cloudlab.us,2025-08-12T18:14:50.373034304Z,1755022490373,50030,10004.0,4.77,0.8,8.0,1,1,2,6
producer-1.pitur-265048.isolateedinburgh-pg0.utah.cloudlab.us,2025-08-12T18:14:55.377292442Z,1755022495377,50042,10008.4,4.77,0.9,9.0,1,2,2,7
producer-1.pitur-265048.isolateedinburgh-pg0.utah.cloudlab.us,2025-08-12T18:15:00.382591112Z,1755022500382,50058,10009.6,4.77,1.0,9.0,1,2,2,8
producer-1.pitur-265048.isolateedinburgh-pg0.utah.cloudlab.us,2025-08-12T18:15:05.388432610Z,1755022505388,50060,10010.0,4.77,0.9,16.0,1,2,3,14
producer-1.pitur-265048.isolateedinburgh-pg0.utah.cloudlab.us,2025-08-12T18:15:10.392033535Z,1755022510392,50030,10006.0,4.77,0.9,10.0,1,2,2,8
producer-1.pitur-265048.isolateedinburgh-pg0.utah.cloudlab.us,2025-08-12T18:15:15.396387772Z,1755022515396,50045,10009.0,4.77,1.0,7.0,1,2,2,7
producer-1.pitur-265048.isolateedinburgh-pg0.utah.cloudlab.us,2025-08-12T18:15:20.401456516Z,1755022520401,50057,10011.4,4.77,0.9,9.0,1,2,2,7
producer-1.pitur-265048.isolateedinburgh-pg0.utah.cloudlab.us,2025-08-12T18:15:25.405757444Z,1755022525405,50038,10007.6,4.77,12.6,279.0,1,113,246,277
producer-1.pitur-265048.isolateedinburgh-pg0.utah.cloudlab.us,2025-08-12T18:15:30.411989409Z,1755022530411,50060,10012.0,4.77,1.0,9.0,1,2,2,8
producer-1.pitur-265048.isolateedinburgh-pg0.utah.cloudlab.us,2025-08-12T18:15:35.416436156Z,1755022535416,50068,10013.6,4.77,1.0,9.0,1,2,2,8
producer-1.pitur-265048.isolateedinburgh-pg0.utah.cloudlab.us,2025-08-12T18:15:40.420013461Z,1755022540420,50018,10003.6,4.77,0.9,7.0,1,2,2,6
producer-1.pitur-265048.isolateedinburgh-pg0.utah.cloudlab.us,2025-08-12T18:15:45.424501993Z,1755022545424,50041,10008.2,4.77,8.0,213.0,1,44,184,211
producer-1.pitur-265048.isolateedinburgh-pg0.utah.cloudlab.us,2025-08-12T18:15:50.429166586Z,1755022550429,50049,10009.8,4.77,0.8,9.0,1,2,2,8
producer-1.pitur-265048.isolateedinburgh-pg0.utah.cloudlab.us,2025-08-12T18:15:55.434782371Z,1755022555434,50054,10008.8,4.77,0.8,9.0,1,2,2,6
producer-1.pitur-265048.isolateedinburgh-pg0.utah.cloudlab.us,2025-08-12T18:16:00.438486701Z,1755022560438,50030,10006.0,4.77,0.8,8.0,1,2,2,7
producer-1.pitur-265048.isolateedinburgh-pg0.utah.cloudlab.us,2025-08-12T18:16:05.443060203Z,1755022565443,50059,10009.8,4.77,5.1,174.0,1,5,140,170
producer-1.pitur-265048.isolateedinburgh-pg0.utah.cloudlab.us,2025-08-12T18:16:10.449191255Z,1755022570449,50060,10008.0,4.77,0.8,7.0,1,2,2,7
producer-1.pitur-265048.isolateedinburgh-pg0.utah.cloudlab.us,2025-08-12T18:16:15.455870782Z,1755022575455,50061,10008.2,4.77,1.0,8.0,1,2,2,6
producer-1.pitur-265048.isolateedinburgh-pg0.utah.cloudlab.us,2025-08-12T18:16:20.462176788Z,1755022580462,50070,10010.0,4.77,0.9,9.0,1,2,2,7
producer-1.pitur-265048.isolateedinburgh-pg0.utah.cloudlab.us,2025-08-12T18:16:25.466991575Z,1755022585466,50049,10009.8,4.77,11.5,245.0,1,91,209,242
producer-1.pitur-265048.isolateedinburgh-pg0.utah.cloudlab.us,2025-08-12T18:16:30.470308870Z,1755022590470,50026,10005.2,4.77,0.9,7.0,1,2,2,6
producer-1.pitur-265048.isolateedinburgh-pg0.utah.cloudlab.us,2025-08-12T18:16:35.475672580Z,1755022595475,50055,10009.0,4.77,1.0,8.0,1,2,2,7
producer-1.pitur-265048.isolateedinburgh-pg0.utah.cloudlab.us,2025-08-12T18:16:40.480349452Z,1755022600480,50043,10008.6,4.77,0.9,9.0,1,2,2,7
producer-1.pitur-265048.isolateedinburgh-pg0.utah.cloudlab.us,2025-08-12T18:16:45.484360863Z,1755022605484,50047,10009.4,4.77,0.9,9.0,1,2,2,7
producer-1.pitur-265048.isolateedinburgh-pg0.utah.cloudlab.us,2025-08-12T18:16:50.488386277Z,1755022610488,50039,10007.8,4.77,0.9,10.0,1,2,2,7
producer-1.pitur-265048.isolateedinburgh-pg0.utah.cloudlab.us,2025-08-12T18:16:55.493496527Z,1755022615493,50054,10010.8,4.77,0.9,7.0,1,2,2,6
producer-1.pitur-265048.isolateedinburgh-pg0.utah.cloudlab.us,2025-08-12T18:17:00.498830852Z,1755022620498,50047,10007.4,4.77,1.0,8.0,1,2,2,6
producer-1.pitur-265048.isolateedinburgh-pg0.utah.cloudlab.us,2025-08-12T18:17:05.505387153Z,1755022625505,50069,10011.8,4.77,1.0,8.0,1,2,2,7
producer-1.pitur-265048.isolateedinburgh-pg0.utah.cloudlab.us,2025-08-12T18:17:10.509636048Z,1755022630509,50041,10008.2,4.77,1.0,8.0,1,2,2,6
producer-1.pitur-265048.isolateedinburgh-pg0.utah.cloudlab.us,2025-08-12T18:17:15.514348414Z,1755022635514,50050,10010.0,4.77,0.8,9.0,1,2,2,7
producer-1.pitur-265048.isolateedinburgh-pg0.utah.cloudlab.us,2025-08-12T18:17:20.518065388Z,1755022640518,50039,10007.8,4.77,0.8,9.0,1,2,2,6
producer-1.pitur-265048.isolateedinburgh-pg0.utah.cloudlab.us,2025-08-12T18:17:25.522158065Z,1755022645522,50031,10006.2,4.77,1.0,8.0,1,2,2,7
producer-1.pitur-265048.isolateedinburgh-pg0.utah.cloudlab.us,2025-08-12T18:17:30.526035648Z,1755022650526,50049,10009.8,4.77,18.7,336.0,1,172,306,334
producer-1.pitur-265048.isolateedinburgh-pg0.utah.cloudlab.us,2025-08-12T18:17:35.531471551Z,1755022655531,50050,10008.0,4.77,1.1,8.0,1,2,2,7
producer-1.pitur-265048.isolateedinburgh-pg0.utah.cloudlab.us,2025-08-12T18:17:40.537121043Z,1755022660537,50056,10011.2,4.77,0.9,9.0,1,2,2,8
producer-1.pitur-265048.isolateedinburgh-pg0.utah.cloudlab.us,2025-08-12T18:17:45.540225684Z,1755022665540,50035,10007.0,4.77,0.9,7.0,1,2,2,6
producer-1.pitur-265048.isolateedinburgh-pg0.utah.cloudlab.us,2025-08-12T18:17:50.545278027Z,1755022670545,50050,10008.0,4.77,0.9,9.0,1,2,2,6
producer-1.pitur-265048.isolateedinburgh-pg0.utah.cloudlab.us,2025-08-12T18:17:55.551267479Z,1755022675551,50060,10008.0,4.77,0.8,8.0,1,2,2,7
producer-1.pitur-265048.isolateedinburgh-pg0.utah.cloudlab.us,2025-08-12T18:18:00.556304753Z,1755022680556,50050,10008.0,4.77,0.8,8.0,1,2,2,7
producer-1.pitur-265048.isolateedinburgh-pg0.utah.cloudlab.us,2025-08-12T18:18:05.561293897Z,1755022685561,50050,10008.0,4.77,0.9,9.0,1,2,2,6
producer-1.pitur-265048.isolateedinburgh-pg0.utah.cloudlab.us,2025-08-12T18:18:10.565466395Z,1755022690565,50040,10008.0,4.77,0.9,9.0,1,2,2,7
producer-1.pitur-265048.isolateedinburgh-pg0.utah.cloudlab.us,2025-08-12T18:18:15.570298536Z,1755022695570,50052,10010.4,4.77,0.9,8.0,1,2,2,7
producer-1.pitur-265048.isolateedinburgh-pg0.utah.cloudlab.us,2025-08-12T18:18:20.575364900Z,1755022700575,50047,10007.4,4.77,0.8,8.0,1,2,2,6
producer-1.pitur-265048.isolateedinburgh-pg0.utah.cloudlab.us,2025-08-12T18:18:25.580135511Z,1755022705580,50041,10008.2,4.77,0.9,9.0,1,2,2,6
producer-1.pitur-265048.isolateedinburgh-pg0.utah.cloudlab.us,2025-08-12T18:18:30.585330598Z,1755022710585,50060,10012.0,4.77,0.9,10.0,1,2,2,8
producer-1.pitur-265048.isolateedinburgh-pg0.utah.cloudlab.us,2025-08-12T18:18:35.589423699Z,1755022715589,50042,10008.4,4.77,0.8,8.0,1,2,2,6
producer-1.pitur-265048.isolateedinburgh-pg0.utah.cloudlab.us,2025-08-12T18:18:40.595621210Z,1755022720595,50058,10009.6,4.77,0.9,9.0,1,2,2,7
producer-1.pitur-265048.isolateedinburgh-pg0.utah.cloudlab.us,2025-08-12T18:18:45.602181018Z,1755022725602,50060,10010.0,4.77,0.8,9.0,1,2,2,9
producer-1.pitur-265048.isolateedinburgh-pg0.utah.cloudlab.us,2025-08-12T18:18:50.606588249Z,1755022730606,50050,10010.0,4.77,0.7,8.0,1,1,2,5
producer-1.pitur-265048.isolateedinburgh-pg0.utah.cloudlab.us,2025-08-12T18:18:55.611323565Z,1755022735611,50050,10010.0,4.77,3.5,128.0,1,2,95,126
producer-1.pitur-265048.isolateedinburgh-pg0.utah.cloudlab.us,2025-08-12T18:19:00.615929669Z,1755022740615,50050,10010.0,4.77,0.8,7.0,1,2,2,6
producer-1.pitur-265048.isolateedinburgh-pg0.utah.cloudlab.us,2025-08-12T18:19:05.620101667Z,1755022745620,50039,10007.8,4.77,0.7,7.0,1,1,2,5
producer-1.pitur-265048.isolateedinburgh-pg0.utah.cloudlab.us,2025-08-12T18:19:10.625871956Z,1755022750625,50051,10010.2,4.77,0.8,8.0,1,2,2,7
producer-1.pitur-265048.isolateedinburgh-pg0.utah.cloudlab.us,2025-08-12T18:19:15.631213960Z,1755022755631,50060,10012.0,4.77,0.8,9.0,1,2,2,7
producer-1.pitur-265048.isolateedinburgh-pg0.utah.cloudlab.us,2025-08-12T18:19:20.635338266Z,1755022760635,50039,10007.8,4.77,0.8,13.0,1,2,2,8
