hostname,timestamp_iso,timestamp_ms,records_sent,recs_per_sec,mb_per_sec,avg_latency,max_latency,p50,p95,p99,p999
producer-1.pitur-265048.isolateedinburgh-pg0.utah.cloudlab.us,2025-08-12T18:09:09.975337009Z,1755022149975,49971,9994.2,4.77,42.6,461.0,1,259,301,310
producer-1.pitur-265048.isolateedinburgh-pg0.utah.cloudlab.us,2025-08-12T18:09:15.005461402Z,1755022155005,50300,10060.0,4.80,1.1,38.0,1,2,6,33
producer-1.pitur-265048.isolateedinburgh-pg0.utah.cloudlab.us,2025-08-12T18:09:20.014117362Z,1755022160014,50090,10016.0,4.78,1.1,11.0,1,2,3,8
producer-1.pitur-265048.isolateedinburgh-pg0.utah.cloudlab.us,2025-08-12T18:09:25.021148177Z,1755022165021,50063,10010.6,4.77,1.0,9.0,1,2,2,9
producer-1.pitur-265048.isolateedinburgh-pg0.utah.cloudlab.us,2025-08-12T18:09:30.030578153Z,1755022170030,50097,10019.4,4.78,1.0,14.0,1,2,4,12
producer-1.pitur-265048.isolateedinburgh-pg0.utah.cloudlab.us,2025-08-12T18:09:35.036176411Z,1755022175036,50060,10012.0,4.77,1.1,10.0,1,2,3,8
producer-1.pitur-265048.isolateedinburgh-pg0.utah.cloudlab.us,2025-08-12T18:09:40.045398972Z,1755022180045,50090,10018.0,4.78,1.0,14.0,1,2,2,9
producer-1.pitur-265048.isolateedinburgh-pg0.utah.cloudlab.us,2025-08-12T18:09:45.050384672Z,1755022185050,50050,10010.0,4.77,1.0,10.0,1,2,2,8
producer-1.pitur-265048.isolateedinburgh-pg0.utah.cloudlab.us,2025-08-12T18:09:50.054288849Z,1755022190054,50041,10008.2,4.77,19.4,317.0,1,175,293,314
producer-1.pitur-265048.isolateedinburgh-pg0.utah.cloudlab.us,2025-08-12T18:09:55.063210210Z,1755022195063,50083,10014.6,4.78,1.0,13.0,1,2,2,9
producer-1.pitur-265048.isolateedinburgh-pg0.utah.cloudlab.us,2025-08-12T18:10:00.070492343Z,1755022200070,50077,10015.4,4.78,0.9,11.0,1,2,2,8
producer-1.pitur-265048.isolateedinburgh-pg0.utah.cloudlab.us,2025-08-12T18:10:05.076218230Z,1755022205076,50062,10012.4,4.77,0.9,10.0,1,2,2,6
producer-1.pitur-265048.isolateedinburgh-pg0.utah.cloudlab.us,2025-08-12T18:10:10.082207446Z,1755022210082,50049,10007.8,4.77,18.5,335.0,1,173,308,333
producer-1.pitur-265048.isolateedinburgh-pg0.utah.cloudlab.us,2025-08-12T18:10:15.087193260Z,1755022215087,50059,10011.8,4.77,1.0,9.0,1,2,2,7
producer-1.pitur-265048.isolateedinburgh-pg0.utah.cloudlab.us,2025-08-12T18:10:20.094108045Z,1755022220094,50069,10011.8,4.77,1.1,10.0,1,2,2,7
producer-1.pitur-265048.isolateedinburgh-pg0.utah.cloudlab.us,2025-08-12T18:10:25.101579001Z,1755022225101,50071,10012.2,4.77,0.9,9.0,1,2,2,6
producer-1.pitur-265048.isolateedinburgh-pg0.utah.cloudlab.us,2025-08-12T18:10:30.108717773Z,1755022230108,50070,10014.0,4.78,8.8,241.0,1,58,209,238
producer-1.pitur-265048.isolateedinburgh-pg0.utah.cloudlab.us,2025-08-12T18:10:35.114312401Z,1755022235114,50060,10010.0,4.77,1.0,10.0,1,2,2,7
producer-1.pitur-265048.isolateedinburgh-pg0.utah.cloudlab.us,2025-08-12T18:10:40.120260164Z,1755022240120,50058,10007.6,4.77,0.9,7.0,1,2,2,6
producer-1.pitur-265048.isolateedinburgh-pg0.utah.cloudlab.us,2025-08-12T18:10:45.126219427Z,1755022245126,50062,10008.4,4.77,1.0,9.0,1,2,2,8
producer-1.pitur-265048.isolateedinburgh-pg0.utah.cloudlab.us,2025-08-12T18:10:50.131366551Z,1755022250131,50044,10006.8,4.77,0.9,8.0,1,2,2,6
producer-1.pitur-265048.isolateedinburgh-pg0.utah.cloudlab.us,2025-08-12T18:10:55.137687972Z,1755022255137,50065,10013.0,4.77,0.9,9.0,1,2,2,7
producer-1.pitur-265048.isolateedinburgh-pg0.utah.cloudlab.us,2025-08-12T18:11:00.144541335Z,1755022260144,50071,10012.2,4.77,1.0,14.0,1,2,2,7
producer-1.pitur-265048.isolateedinburgh-pg0.utah.cloudlab.us,2025-08-12T18:11:05.149315038Z,1755022265149,50041,10006.2,4.77,1.0,8.0,1,2,2,6
producer-1.pitur-265048.isolateedinburgh-pg0.utah.cloudlab.us,2025-08-12T18:11:10.155288293Z,1755022270155,50069,10011.8,4.77,1.1,9.0,1,2,2,8
producer-1.pitur-265048.isolateedinburgh-pg0.utah.cloudlab.us,2025-08-12T18:11:15.161190668Z,1755022275161,50059,10009.8,4.77,1.0,10.0,1,2,2,7
producer-1.pitur-265048.isolateedinburgh-pg0.utah.cloudlab.us,2025-08-12T18:11:20.166510324Z,1755022280166,50051,10010.2,4.77,1.0,9.0,1,2,2,6
producer-1.pitur-265048.isolateedinburgh-pg0.utah.cloudlab.us,2025-08-12T18:11:25.172316136Z,1755022285172,50060,10010.0,4.77,0.9,13.0,1,2,2,8
producer-1.pitur-265048.isolateedinburgh-pg0.utah.cloudlab.us,2025-08-12T18:11:30.177603721Z,1755022290177,50040,10006.0,4.77,0.9,8.0,1,2,2,6
producer-1.pitur-265048.isolateedinburgh-pg0.utah.cloudlab.us,2025-08-12T18:11:35.183760854Z,1755022295183,50070,10012.0,4.77,10.3,249.0,1,86,219,247
producer-1.pitur-265048.isolateedinburgh-pg0.utah.cloudlab.us,2025-08-12T18:11:40.188579087Z,1755022300188,50049,10009.8,4.77,1.0,9.0,1,2,2,7
producer-1.pitur-265048.isolateedinburgh-pg0.utah.cloudlab.us,2025-08-12T18:11:45.193069870Z,1755022305193,50041,10008.2,4.77,1.0,9.0,1,2,2,7
producer-1.pitur-265048.isolateedinburgh-pg0.utah.cloudlab.us,2025-08-12T18:11:50.199203811Z,1755022310199,50060,10010.0,4.77,1.1,15.0,1,2,3,8
producer-1.pitur-265048.isolateedinburgh-pg0.utah.cloudlab.us,2025-08-12T18:11:55.203406144Z,1755022315203,50050,10010.0,4.77,39.9,462.0,1,335,444,460
producer-1.pitur-265048.isolateedinburgh-pg0.utah.cloudlab.us,2025-08-12T18:12:00.208814471Z,1755022320208,50044,10008.8,4.77,1.0,8.0,1,2,2,6
producer-1.pitur-265048.isolateedinburgh-pg0.utah.cloudlab.us,2025-08-12T18:12:05.213252135Z,1755022325213,50056,10011.2,4.77,1.0,10.0,1,2,3,7
producer-1.pitur-265048.isolateedinburgh-pg0.utah.cloudlab.us,2025-08-12T18:12:10.217038624Z,1755022330217,50029,10005.8,4.77,1.0,8.0,1,2,2,6
producer-1.pitur-265048.isolateedinburgh-pg0.utah.cloudlab.us,2025-08-12T18:12:15.222025221Z,1755022335222,50051,10010.2,4.77,24.6,384.0,1,228,354,382
producer-1.pitur-265048.isolateedinburgh-pg0.utah.cloudlab.us,2025-08-12T18:12:20.227495026Z,1755022340227,50059,10009.8,4.77,0.9,10.0,1,2,2,7
producer-1.pitur-265048.isolateedinburgh-pg0.utah.cloudlab.us,2025-08-12T18:12:25.234095526Z,1755022345234,50061,10008.2,4.77,1.0,9.0,1,2,2,7
producer-1.pitur-265048.isolateedinburgh-pg0.utah.cloudlab.us,2025-08-12T18:12:30.240176978Z,1755022350240,50067,10013.4,4.77,1.0,10.0,1,2,2,8
producer-1.pitur-265048.isolateedinburgh-pg0.utah.cloudlab.us,2025-08-12T18:12:35.244897355Z,1755022355244,50002,10000.4,4.77,1.1,8.0,1,2,3,5
producer-1.pitur-265048.isolateedinburgh-pg0.utah.cloudlab.us,2025-08-12T18:12:40.250415746Z,1755022360250,50101,10018.2,4.78,1.1,14.0,1,2,3,9
producer-1.pitur-265048.isolateedinburgh-pg0.utah.cloudlab.us,2025-08-12T18:12:45.256284333Z,1755022365256,50060,10012.0,4.77,1.1,9.0,1,2,3,7
producer-1.pitur-265048.isolateedinburgh-pg0.utah.cloudlab.us,2025-08-12T18:12:50.261157678Z,1755022370261,50040,10006.0,4.77,1.0,9.0,1,2,2,8
producer-1.pitur-265048.isolateedinburgh-pg0.utah.cloudlab.us,2025-08-12T18:12:55.266383552Z,1755022375266,50059,10011.8,4.77,0.9,9.0,1,2,2,6
producer-1.pitur-265048.isolateedinburgh-pg0.utah.cloudlab.us,2025-08-12T18:13:00.272378743Z,1755022380272,50061,10010.2,4.77,0.9,9.0,1,2,2,7
producer-1.pitur-265048.isolateedinburgh-pg0.utah.cloudlab.us,2025-08-12T18:13:05.276085794Z,1755022385276,50029,10005.8,4.77,1.1,8.0,1,2,3,7
producer-1.pitur-265048.isolateedinburgh-pg0.utah.cloudlab.us,2025-08-12T18:13:10.283288570Z,1755022390283,50080,10014.0,4.78,1.1,13.0,1,2,3,10
producer-1.pitur-265048.isolateedinburgh-pg0.utah.cloudlab.us,2025-08-12T18:13:15.287973025Z,1755022395287,50041,10008.2,4.77,1.1,7.0,1,2,3,6
producer-1.pitur-265048.isolateedinburgh-pg0.utah.cloudlab.us,2025-08-12T18:13:20.292110982Z,1755022400292,50040,10008.0,4.77,6.6,190.0,1,35,155,187
producer-1.pitur-265048.isolateedinburgh-pg0.utah.cloudlab.us,2025-08-12T18:13:25.296323424Z,1755022405296,50045,10009.0,4.77,1.1,9.0,1,2,3,8
producer-1.pitur-265048.isolateedinburgh-pg0.utah.cloudlab.us,2025-08-12T18:13:30.300470522Z,1755022410300,50045,10009.0,4.77,1.1,9.0,1,2,3,8
producer-1.pitur-265048.isolateedinburgh-pg0.utah.cloudlab.us,2025-08-12T18:13:35.305447346Z,1755022415305,50050,10010.0,4.77,1.1,13.0,1,2,3,8
producer-1.pitur-265048.isolateedinburgh-pg0.utah.cloudlab.us,2025-08-12T18:13:40.311298226Z,1755022420311,50059,10007.8,4.77,9.3,177.0,1,85,149,174
producer-1.pitur-265048.isolateedinburgh-pg0.utah.cloudlab.us,2025-08-12T18:13:45.317670754Z,1755022425317,50061,10012.2,4.77,0.8,9.0,1,1,2,8
producer-1.pitur-265048.isolateedinburgh-pg0.utah.cloudlab.us,2025-08-12T18:13:50.322565161Z,1755022430322,50050,10010.0,4.77,1.0,9.0,1,2,2,8
producer-1.pitur-265048.isolateedinburgh-pg0.utah.cloudlab.us,2025-08-12T18:13:55.326578218Z,1755022435326,50040,10008.0,4.77,0.9,9.0,1,2,2,6
producer-1.pitur-265048.isolateedinburgh-pg0.utah.cloudlab.us,2025-08-12T18:14:00.332268569Z,1755022440332,50050,10008.0,4.77,3.8,117.0,1,3,95,115
producer-1.pitur-265048.isolateedinburgh-pg0.utah.cloudlab.us,2025-08-12T18:14:05.335317972Z,1755022445335,50049,10009.8,4.77,1.0,8.0,1,2,2,6
producer-1.pitur-265048.isolateedinburgh-pg0.utah.cloudlab.us,2025-08-12T18:14:10.341121740Z,1755022450341,50041,10004.2,4.77,1.0,8.0,1,2,2,6
producer-1.pitur-265048.isolateedinburgh-pg0.utah.cloudlab.us,2025-08-12T18:14:15.346550583Z,1755022455346,50060,10012.0,4.77,0.9,9.0,1,2,2,7
producer-1.pitur-265048.isolateedinburgh-pg0.utah.cloudlab.us,2025-08-12T18:14:20.351705741Z,1755022460351,50050,10008.0,4.77,1.7,62.0,1,2,33,61
producer-1.pitur-265048.isolateedinburgh-pg0.utah.cloudlab.us,2025-08-12T18:14:25.358802972Z,1755022465358,50069,10011.8,4.77,0.9,10.0,1,2,2,7
producer-1.pitur-265048.isolateedinburgh-pg0.utah.cloudlab.us,2025-08-12T18:14:30.362593691Z,1755022470362,50041,10008.2,4.77,1.0,8.0,1,2,2,7
producer-1.pitur-265048.isolateedinburgh-pg0.utah.cloudlab.us,2025-08-12T18:14:35.366480642Z,1755022475366,50040,10008.0,4.77,1.0,9.0,1,2,2,8
producer-1.pitur-265048.isolateedinburgh-pg0.utah.cloudlab.us,2025-08-12T18:14:40.371233402Z,1755022480371,50050,10008.0,4.77,0.9,9.0,1,2,2,7
producer-1.pitur-265048.isolateedinburgh-pg0.utah.cloudlab.us,2025-08-12T18:14:45.376339553Z,1755022485376,50040,10006.0,4.77,0.9,9.0,1,2,2,7
producer-1.pitur-265048.isolateedinburgh-pg0.utah.cloudlab.us,2025-08-12T18:14:50.382226869Z,1755022490382,50060,10010.0,4.77,1.0,10.0,1,2,2,7
producer-1.pitur-265048.isolateedinburgh-pg0.utah.cloudlab.us,2025-08-12T18:14:55.387609594Z,1755022495387,50060,10010.0,4.77,1.0,12.0,1,2,3,7
producer-1.pitur-265048.isolateedinburgh-pg0.utah.cloudlab.us,2025-08-12T18:15:00.391481868Z,1755022500391,50040,10006.0,4.77,0.9,6.0,1,2,2,5
producer-1.pitur-265048.isolateedinburgh-pg0.utah.cloudlab.us,2025-08-12T18:15:05.397099950Z,1755022505397,50060,10010.0,4.77,0.9,16.0,1,2,3,13
producer-1.pitur-265048.isolateedinburgh-pg0.utah.cloudlab.us,2025-08-12T18:15:10.401506163Z,1755022510401,50037,10007.4,4.77,1.0,8.0,1,2,2,7
producer-1.pitur-265048.isolateedinburgh-pg0.utah.cloudlab.us,2025-08-12T18:15:15.407047222Z,1755022515407,50063,10010.6,4.77,0.9,9.0,1,2,2,7
producer-1.pitur-265048.isolateedinburgh-pg0.utah.cloudlab.us,2025-08-12T18:15:20.411771169Z,1755022520411,50039,10007.8,4.77,1.1,17.0,1,2,3,6
producer-1.pitur-265048.isolateedinburgh-pg0.utah.cloudlab.us,2025-08-12T18:15:25.415525421Z,1755022525415,50046,10009.2,4.77,14.3,281.0,1,138,253,279
producer-1.pitur-265048.isolateedinburgh-pg0.utah.cloudlab.us,2025-08-12T18:15:30.421211273Z,1755022530421,50055,10009.0,4.77,1.0,8.0,1,2,2,7
producer-1.pitur-265048.isolateedinburgh-pg0.utah.cloudlab.us,2025-08-12T18:15:35.425520949Z,1755022535425,50055,10011.0,4.77,1.0,8.0,1,2,2,6
producer-1.pitur-265048.isolateedinburgh-pg0.utah.cloudlab.us,2025-08-12T18:15:40.431659883Z,1755022540431,50045,10007.0,4.77,0.9,8.0,1,2,2,7
producer-1.pitur-265048.isolateedinburgh-pg0.utah.cloudlab.us,2025-08-12T18:15:45.436992578Z,1755022545436,50050,10010.0,4.77,7.9,213.0,1,51,184,211
producer-1.pitur-265048.isolateedinburgh-pg0.utah.cloudlab.us,2025-08-12T18:15:50.442360631Z,1755022550442,50061,10012.2,4.77,1.0,9.0,1,2,2,7
producer-1.pitur-265048.isolateedinburgh-pg0.utah.cloudlab.us,2025-08-12T18:15:55.447737050Z,1755022555447,50049,10007.8,4.77,1.1,9.0,1,2,2,7
producer-1.pitur-265048.isolateedinburgh-pg0.utah.cloudlab.us,2025-08-12T18:16:00.453988887Z,1755022560453,50060,10010.0,4.77,1.1,10.0,1,2,3,7
producer-1.pitur-265048.isolateedinburgh-pg0.utah.cloudlab.us,2025-08-12T18:16:05.459232750Z,1755022565459,50060,10012.0,4.77,6.1,176.0,1,23,144,173
producer-1.pitur-265048.isolateedinburgh-pg0.utah.cloudlab.us,2025-08-12T18:16:10.464564348Z,1755022570464,50050,10008.0,4.77,1.0,9.0,1,2,2,7
producer-1.pitur-265048.isolateedinburgh-pg0.utah.cloudlab.us,2025-08-12T18:16:15.493027677Z,1755022575493,50220,10030.0,4.78,1.0,23.0,1,2,2,7
producer-1.pitur-265048.isolateedinburgh-pg0.utah.cloudlab.us,2025-08-12T18:16:20.499698329Z,1755022580499,50130,10024.0,4.78,1.0,16.0,1,2,2,12
producer-1.pitur-265048.isolateedinburgh-pg0.utah.cloudlab.us,2025-08-12T18:16:25.505229461Z,1755022585505,50059,10009.8,4.77,12.0,246.0,1,91,219,243
producer-1.pitur-265048.isolateedinburgh-pg0.utah.cloudlab.us,2025-08-12T18:16:30.509315292Z,1755022590509,50040,10008.0,4.77,0.9,8.0,1,2,2,7
producer-1.pitur-265048.isolateedinburgh-pg0.utah.cloudlab.us,2025-08-12T18:16:35.514257685Z,1755022595514,50050,10010.0,4.77,0.9,8.0,1,2,2,7
producer-1.pitur-265048.isolateedinburgh-pg0.utah.cloudlab.us,2025-08-12T18:16:40.519432052Z,1755022600519,50051,10010.2,4.77,1.0,9.0,1,2,2,7
producer-1.pitur-265048.isolateedinburgh-pg0.utah.cloudlab.us,2025-08-12T18:16:45.524294418Z,1755022605524,50050,10008.0,4.77,0.9,9.0,1,2,2,6
producer-1.pitur-265048.isolateedinburgh-pg0.utah.cloudlab.us,2025-08-12T18:16:50.529524706Z,1755022610529,50050,10008.0,4.77,0.9,7.0,1,2,2,6
producer-1.pitur-265048.isolateedinburgh-pg0.utah.cloudlab.us,2025-08-12T18:16:55.537344173Z,1755022615537,50080,10012.0,4.77,1.0,9.0,1,2,2,7
producer-1.pitur-265048.isolateedinburgh-pg0.utah.cloudlab.us,2025-08-12T18:17:00.542823946Z,1755022620542,50050,10008.0,4.77,0.8,8.0,1,2,2,6
producer-1.pitur-265048.isolateedinburgh-pg0.utah.cloudlab.us,2025-08-12T18:17:05.547623570Z,1755022625547,50069,10013.8,4.77,0.9,10.0,1,2,2,7
producer-1.pitur-265048.isolateedinburgh-pg0.utah.cloudlab.us,2025-08-12T18:17:10.553051700Z,1755022630553,50040,10006.0,4.77,0.9,9.0,1,2,2,7
producer-1.pitur-265048.isolateedinburgh-pg0.utah.cloudlab.us,2025-08-12T18:17:15.557856738Z,1755022635557,50041,10008.2,4.77,0.9,8.0,1,2,2,6
producer-1.pitur-265048.isolateedinburgh-pg0.utah.cloudlab.us,2025-08-12T18:17:20.563182349Z,1755022640563,50060,10010.0,4.77,1.0,8.0,1,2,2,7
producer-1.pitur-265048.isolateedinburgh-pg0.utah.cloudlab.us,2025-08-12T18:17:25.567891079Z,1755022645567,50041,10008.2,4.77,1.0,8.0,1,2,2,7
producer-1.pitur-265048.isolateedinburgh-pg0.utah.cloudlab.us,2025-08-12T18:17:30.572591888Z,1755022650572,50049,10009.8,4.77,18.5,338.0,1,178,305,336
producer-1.pitur-265048.isolateedinburgh-pg0.utah.cloudlab.us,2025-08-12T18:17:35.576258526Z,1755022655576,50030,10006.0,4.77,1.0,7.0,1,2,2,6
producer-1.pitur-265048.isolateedinburgh-pg0.utah.cloudlab.us,2025-08-12T18:17:40.581712557Z,1755022660581,50060,10012.0,4.77,0.9,8.0,1,2,2,7
producer-1.pitur-265048.isolateedinburgh-pg0.utah.cloudlab.us,2025-08-12T18:17:45.588426873Z,1755022665588,50069,10011.8,4.77,0.9,9.0,1,2,2,7
producer-1.pitur-265048.isolateedinburgh-pg0.utah.cloudlab.us,2025-08-12T18:17:50.592513584Z,1755022670592,50035,10007.0,4.77,1.0,8.0,1,2,2,7
producer-1.pitur-265048.isolateedinburgh-pg0.utah.cloudlab.us,2025-08-12T18:17:55.597477687Z,1755022675597,50073,10014.6,4.78,1.0,19.0,1,2,2,7
producer-1.pitur-265048.isolateedinburgh-pg0.utah.cloudlab.us,2025-08-12T18:18:00.600287873Z,1755022680600,50005,10001.0,4.77,0.9,7.0,1,2,2,7
producer-1.pitur-265048.isolateedinburgh-pg0.utah.cloudlab.us,2025-08-12T18:18:05.606937192Z,1755022685606,50068,10011.6,4.77,1.0,9.0,1,2,2,7
producer-1.pitur-265048.isolateedinburgh-pg0.utah.cloudlab.us,2025-08-12T18:18:10.613544511Z,1755022690613,50069,10011.8,4.77,0.9,9.0,1,2,2,7
producer-1.pitur-265048.isolateedinburgh-pg0.utah.cloudlab.us,2025-08-12T18:18:15.618662837Z,1755022695618,50051,10008.2,4.77,0.9,8.0,1,2,2,6
producer-1.pitur-265048.isolateedinburgh-pg0.utah.cloudlab.us,2025-08-12T18:18:20.622666558Z,1755022700622,50040,10008.0,4.77,0.8,8.0,1,2,2,7
producer-1.pitur-265048.isolateedinburgh-pg0.utah.cloudlab.us,2025-08-12T18:18:25.628113440Z,1755022705628,50050,10008.0,4.77,0.9,8.0,1,2,2,7
producer-1.pitur-265048.isolateedinburgh-pg0.utah.cloudlab.us,2025-08-12T18:18:30.633980321Z,1755022710633,50060,10010.0,4.77,0.9,9.0,1,2,2,7
producer-1.pitur-265048.isolateedinburgh-pg0.utah.cloudlab.us,2025-08-12T18:18:35.638732577Z,1755022715638,50050,10010.0,4.77,0.9,8.0,1,2,2,6
producer-1.pitur-265048.isolateedinburgh-pg0.utah.cloudlab.us,2025-08-12T18:18:40.643929988Z,1755022720643,50050,10008.0,4.77,0.9,9.0,1,2,2,7
producer-1.pitur-265048.isolateedinburgh-pg0.utah.cloudlab.us,2025-08-12T18:18:45.649483215Z,1755022725649,50063,10012.6,4.77,0.9,14.0,1,2,2,10
producer-1.pitur-265048.isolateedinburgh-pg0.utah.cloudlab.us,2025-08-12T18:18:50.653988892Z,1755022730653,50037,10007.4,4.77,1.0,9.0,1,2,2,7
producer-1.pitur-265048.isolateedinburgh-pg0.utah.cloudlab.us,2025-08-12T18:18:55.659609265Z,1755022735659,50060,10010.0,4.77,3.7,131.0,1,2,100,128
producer-1.pitur-265048.isolateedinburgh-pg0.utah.cloudlab.us,2025-08-12T18:19:00.665435882Z,1755022740665,50059,10009.8,4.77,1.0,8.0,1,2,2,7
producer-1.pitur-265048.isolateedinburgh-pg0.utah.cloudlab.us,2025-08-12T18:19:05.671277106Z,1755022745671,50051,10008.2,4.77,0.9,9.0,1,2,2,6
producer-1.pitur-265048.isolateedinburgh-pg0.utah.cloudlab.us,2025-08-12T18:19:10.675142986Z,1755022750675,50050,10010.0,4.77,1.0,8.0,1,2,2,7
producer-1.pitur-265048.isolateedinburgh-pg0.utah.cloudlab.us,2025-08-12T18:19:15.679660507Z,1755022755679,50049,10009.8,4.77,1.0,14.0,1,2,3,8
producer-1.pitur-265048.isolateedinburgh-pg0.utah.cloudlab.us,2025-08-12T18:19:20.684872384Z,1755022760684,50041,10006.2,4.77,1.0,9.0,1,2,2,8
