hostname,timestamp_iso,timestamp_ms,records_sent,recs_per_sec,mb_per_sec,avg_latency,max_latency,p50,p95,p99,p999
producer-1.pitur-265048.isolateedinburgh-pg0.utah.cloudlab.us,2025-08-12T18:09:10.027671787Z,1755022150027,49981,9996.2,4.77,45.3,454.0,1,281,341,351
producer-1.pitur-265048.isolateedinburgh-pg0.utah.cloudlab.us,2025-08-12T18:09:15.041181789Z,1755022155041,50141,10026.2,4.78,1.0,16.0,1,2,3,12
producer-1.pitur-265048.isolateedinburgh-pg0.utah.cloudlab.us,2025-08-12T18:09:20.056879122Z,1755022160056,50150,10028.0,4.78,0.8,19.0,1,1,2,16
producer-1.pitur-265048.isolateedinburgh-pg0.utah.cloudlab.us,2025-08-12T18:09:25.064243362Z,1755022165064,50080,10012.0,4.77,1.0,15.0,1,2,2,9
producer-1.pitur-265048.isolateedinburgh-pg0.utah.cloudlab.us,2025-08-12T18:09:30.073328090Z,1755022170073,50089,10015.8,4.78,1.1,15.0,1,2,3,12
producer-1.pitur-265048.isolateedinburgh-pg0.utah.cloudlab.us,2025-08-12T18:09:35.078730761Z,1755022175078,50051,10010.2,4.77,1.0,11.0,1,2,2,9
producer-1.pitur-265048.isolateedinburgh-pg0.utah.cloudlab.us,2025-08-12T18:09:40.087576448Z,1755022180087,50090,10016.0,4.78,1.0,14.0,1,2,2,9
producer-1.pitur-265048.isolateedinburgh-pg0.utah.cloudlab.us,2025-08-12T18:09:45.093337559Z,1755022185093,50060,10012.0,4.77,0.9,9.0,1,2,2,8
producer-1.pitur-265048.isolateedinburgh-pg0.utah.cloudlab.us,2025-08-12T18:09:50.098219102Z,1755022190098,50050,10010.0,4.77,15.4,315.0,1,148,282,314
producer-1.pitur-265048.isolateedinburgh-pg0.utah.cloudlab.us,2025-08-12T18:09:55.103270132Z,1755022195103,50066,10013.2,4.77,0.8,8.0,1,2,2,7
producer-1.pitur-265048.isolateedinburgh-pg0.utah.cloudlab.us,2025-08-12T18:10:00.109696064Z,1755022200109,50044,10006.8,4.77,0.9,8.0,1,2,2,6
producer-1.pitur-265048.isolateedinburgh-pg0.utah.cloudlab.us,2025-08-12T18:10:05.117906475Z,1755022205117,50030,10002.0,4.77,0.9,14.0,1,2,2,8
producer-1.pitur-265048.isolateedinburgh-pg0.utah.cloudlab.us,2025-08-12T18:10:10.123988127Z,1755022210123,50114,10020.8,4.78,17.8,337.0,1,168,303,335
producer-1.pitur-265048.isolateedinburgh-pg0.utah.cloudlab.us,2025-08-12T18:10:15.130500215Z,1755022215130,50066,10011.2,4.77,0.8,9.0,1,1,2,7
producer-1.pitur-265048.isolateedinburgh-pg0.utah.cloudlab.us,2025-08-12T18:10:20.134018212Z,1755022220134,50039,10007.8,4.77,0.8,8.0,1,2,2,6
producer-1.pitur-265048.isolateedinburgh-pg0.utah.cloudlab.us,2025-08-12T18:10:25.139026952Z,1755022225139,50045,10009.0,4.77,0.8,9.0,1,1,2,6
producer-1.pitur-265048.isolateedinburgh-pg0.utah.cloudlab.us,2025-08-12T18:10:30.145731623Z,1755022230145,50066,10011.2,4.77,10.4,246.0,1,89,214,243
producer-1.pitur-265048.isolateedinburgh-pg0.utah.cloudlab.us,2025-08-12T18:10:35.150736305Z,1755022235150,50050,10008.0,4.77,0.8,7.0,1,1,2,5
producer-1.pitur-265048.isolateedinburgh-pg0.utah.cloudlab.us,2025-08-12T18:10:40.155754062Z,1755022240155,50050,10008.0,4.77,0.8,8.0,1,2,2,7
producer-1.pitur-265048.isolateedinburgh-pg0.utah.cloudlab.us,2025-08-12T18:10:45.161112491Z,1755022245161,50059,10009.8,4.77,0.9,9.0,1,1,2,7
producer-1.pitur-265048.isolateedinburgh-pg0.utah.cloudlab.us,2025-08-12T18:10:50.166220947Z,1755022250166,50051,10008.2,4.77,0.8,8.0,1,1,2,6
producer-1.pitur-265048.isolateedinburgh-pg0.utah.cloudlab.us,2025-08-12T18:10:55.170600950Z,1755022255170,50040,10008.0,4.77,0.8,8.0,1,2,2,6
producer-1.pitur-265048.isolateedinburgh-pg0.utah.cloudlab.us,2025-08-12T18:11:00.176175369Z,1755022260176,50059,10009.8,4.77,0.9,9.0,1,2,2,7
producer-1.pitur-265048.isolateedinburgh-pg0.utah.cloudlab.us,2025-08-12T18:11:05.181838752Z,1755022265181,50051,10010.2,4.77,0.7,8.0,1,1,2,7
producer-1.pitur-265048.isolateedinburgh-pg0.utah.cloudlab.us,2025-08-12T18:11:10.186921485Z,1755022270186,50050,10010.0,4.77,0.9,9.0,1,2,2,7
producer-1.pitur-265048.isolateedinburgh-pg0.utah.cloudlab.us,2025-08-12T18:11:15.191519726Z,1755022275191,50051,10010.2,4.77,0.8,9.0,1,1,2,6
producer-1.pitur-265048.isolateedinburgh-pg0.utah.cloudlab.us,2025-08-12T18:11:20.195689430Z,1755022280195,50039,10007.8,4.77,0.8,8.0,1,2,2,6
producer-1.pitur-265048.isolateedinburgh-pg0.utah.cloudlab.us,2025-08-12T18:11:25.200706745Z,1755022285200,50050,10010.0,4.77,0.9,12.0,1,2,2,8
producer-1.pitur-265048.isolateedinburgh-pg0.utah.cloudlab.us,2025-08-12T18:11:30.205418551Z,1755022290205,50049,10009.8,4.77,0.8,7.0,1,2,2,6
producer-1.pitur-265048.isolateedinburgh-pg0.utah.cloudlab.us,2025-08-12T18:11:35.209965744Z,1755022295209,50051,10010.2,4.77,9.8,248.0,1,75,211,244
producer-1.pitur-265048.isolateedinburgh-pg0.utah.cloudlab.us,2025-08-12T18:11:40.214416914Z,1755022300214,50037,10007.4,4.77,0.8,8.0,1,2,2,6
producer-1.pitur-265048.isolateedinburgh-pg0.utah.cloudlab.us,2025-08-12T18:11:45.218590646Z,1755022305218,50042,10008.4,4.77,1.0,9.0,1,2,2,7
producer-1.pitur-265048.isolateedinburgh-pg0.utah.cloudlab.us,2025-08-12T18:11:50.224313442Z,1755022310224,50060,10010.0,4.77,1.0,10.0,1,2,2,9
producer-1.pitur-265048.isolateedinburgh-pg0.utah.cloudlab.us,2025-08-12T18:11:55.229588344Z,1755022315229,50051,10010.2,4.77,32.4,463.0,1,293,428,460
producer-1.pitur-265048.isolateedinburgh-pg0.utah.cloudlab.us,2025-08-12T18:12:00.234211511Z,1755022320234,50048,10009.6,4.77,0.9,9.0,1,2,2,6
producer-1.pitur-265048.isolateedinburgh-pg0.utah.cloudlab.us,2025-08-12T18:12:05.238775385Z,1755022325238,50051,10010.2,4.77,0.8,9.0,1,2,2,6
producer-1.pitur-265048.isolateedinburgh-pg0.utah.cloudlab.us,2025-08-12T18:12:10.244229789Z,1755022330244,50053,10010.6,4.77,0.8,9.0,1,2,2,8
producer-1.pitur-265048.isolateedinburgh-pg0.utah.cloudlab.us,2025-08-12T18:12:15.250293472Z,1755022335250,50057,10009.4,4.77,22.9,385.0,1,223,351,381
producer-1.pitur-265048.isolateedinburgh-pg0.utah.cloudlab.us,2025-08-12T18:12:20.255562521Z,1755022340255,50041,10006.2,4.77,0.9,8.0,1,2,2,6
producer-1.pitur-265048.isolateedinburgh-pg0.utah.cloudlab.us,2025-08-12T18:12:25.260523826Z,1755022345260,50060,10012.0,4.77,0.9,9.0,1,2,2,7
producer-1.pitur-265048.isolateedinburgh-pg0.utah.cloudlab.us,2025-08-12T18:12:30.265963549Z,1755022350265,50049,10007.8,4.77,1.1,8.0,1,2,3,6
producer-1.pitur-265048.isolateedinburgh-pg0.utah.cloudlab.us,2025-08-12T18:12:35.271640404Z,1755022355271,50054,10008.8,4.77,0.9,9.0,1,2,2,7
producer-1.pitur-265048.isolateedinburgh-pg0.utah.cloudlab.us,2025-08-12T18:12:40.277847541Z,1755022360277,50067,10011.4,4.77,0.9,9.0,1,2,2,7
producer-1.pitur-265048.isolateedinburgh-pg0.utah.cloudlab.us,2025-08-12T18:12:45.283879450Z,1755022365283,50060,10010.0,4.77,1.0,8.0,1,2,2,6
producer-1.pitur-265048.isolateedinburgh-pg0.utah.cloudlab.us,2025-08-12T18:12:50.290593470Z,1755022370290,50070,10012.0,4.77,1.0,10.0,1,2,2,9
producer-1.pitur-265048.isolateedinburgh-pg0.utah.cloudlab.us,2025-08-12T18:12:55.296528060Z,1755022375296,50060,10010.0,4.77,1.0,9.0,1,2,2,7
producer-1.pitur-265048.isolateedinburgh-pg0.utah.cloudlab.us,2025-08-12T18:13:00.303378713Z,1755022380303,50060,10010.0,4.77,1.0,9.0,1,2,2,7
producer-1.pitur-265048.isolateedinburgh-pg0.utah.cloudlab.us,2025-08-12T18:13:05.308511029Z,1755022385308,50059,10009.8,4.77,1.0,13.0,1,2,3,8
producer-1.pitur-265048.isolateedinburgh-pg0.utah.cloudlab.us,2025-08-12T18:13:10.312554793Z,1755022390312,50041,10008.2,4.77,1.0,8.0,1,2,2,7
producer-1.pitur-265048.isolateedinburgh-pg0.utah.cloudlab.us,2025-08-12T18:13:15.318932103Z,1755022395318,50060,10010.0,4.77,1.0,9.0,1,2,2,6
producer-1.pitur-265048.isolateedinburgh-pg0.utah.cloudlab.us,2025-08-12T18:13:20.324291313Z,1755022400324,50059,10009.8,4.77,7.0,191.0,1,37,162,189
producer-1.pitur-265048.isolateedinburgh-pg0.utah.cloudlab.us,2025-08-12T18:13:25.328027817Z,1755022405328,50044,10008.8,4.77,0.9,8.0,1,2,2,7
producer-1.pitur-265048.isolateedinburgh-pg0.utah.cloudlab.us,2025-08-12T18:13:30.332336250Z,1755022410332,50036,10007.2,4.77,0.9,16.0,1,2,2,7
producer-1.pitur-265048.isolateedinburgh-pg0.utah.cloudlab.us,2025-08-12T18:13:35.336811401Z,1755022415336,50041,10006.2,4.77,0.8,8.0,1,1,2,6
producer-1.pitur-265048.isolateedinburgh-pg0.utah.cloudlab.us,2025-08-12T18:13:40.341526881Z,1755022420341,50050,10010.0,4.77,8.8,177.0,1,78,141,174
producer-1.pitur-265048.isolateedinburgh-pg0.utah.cloudlab.us,2025-08-12T18:13:45.346758861Z,1755022425346,50050,10010.0,4.77,0.9,9.0,1,2,2,6
producer-1.pitur-265048.isolateedinburgh-pg0.utah.cloudlab.us,2025-08-12T18:13:50.352105225Z,1755022430352,50060,10012.0,4.77,0.8,9.0,1,1,2,8
producer-1.pitur-265048.isolateedinburgh-pg0.utah.cloudlab.us,2025-08-12T18:13:55.356651941Z,1755022435356,50040,10008.0,4.77,0.9,9.0,1,2,2,7
producer-1.pitur-265048.isolateedinburgh-pg0.utah.cloudlab.us,2025-08-12T18:14:00.362642949Z,1755022440362,50060,10010.0,4.77,3.2,118.0,1,2,91,116
producer-1.pitur-265048.isolateedinburgh-pg0.utah.cloudlab.us,2025-08-12T18:14:05.366780378Z,1755022445366,50040,10008.0,4.77,0.9,8.0,1,2,2,6
producer-1.pitur-265048.isolateedinburgh-pg0.utah.cloudlab.us,2025-08-12T18:14:10.372374343Z,1755022450372,50060,10010.0,4.77,1.0,8.0,1,2,2,6
producer-1.pitur-265048.isolateedinburgh-pg0.utah.cloudlab.us,2025-08-12T18:14:15.377933853Z,1755022455377,50059,10011.8,4.77,0.8,9.0,1,1,2,7
producer-1.pitur-265048.isolateedinburgh-pg0.utah.cloudlab.us,2025-08-12T18:14:20.383363948Z,1755022460383,50050,10008.0,4.77,1.6,61.0,1,2,26,58
producer-1.pitur-265048.isolateedinburgh-pg0.utah.cloudlab.us,2025-08-12T18:14:25.387253962Z,1755022465387,50041,10006.2,4.77,0.8,6.0,1,2,2,5
producer-1.pitur-265048.isolateedinburgh-pg0.utah.cloudlab.us,2025-08-12T18:14:30.391307916Z,1755022470391,50040,10008.0,4.77,0.8,7.0,1,1,2,6
producer-1.pitur-265048.isolateedinburgh-pg0.utah.cloudlab.us,2025-08-12T18:14:35.395652757Z,1755022475395,50039,10007.8,4.77,1.0,8.0,1,2,2,7
producer-1.pitur-265048.isolateedinburgh-pg0.utah.cloudlab.us,2025-08-12T18:14:40.400580699Z,1755022480400,50051,10010.2,4.77,0.9,11.0,1,2,2,8
producer-1.pitur-265048.isolateedinburgh-pg0.utah.cloudlab.us,2025-08-12T18:14:45.406273222Z,1755022485406,50067,10013.4,4.77,0.8,18.0,1,2,2,8
producer-1.pitur-265048.isolateedinburgh-pg0.utah.cloudlab.us,2025-08-12T18:14:50.409425467Z,1755022490409,50035,10007.0,4.77,0.7,8.0,1,1,2,5
producer-1.pitur-265048.isolateedinburgh-pg0.utah.cloudlab.us,2025-08-12T18:14:55.414564182Z,1755022495414,50037,10005.4,4.77,0.8,8.0,1,2,2,7
producer-1.pitur-265048.isolateedinburgh-pg0.utah.cloudlab.us,2025-08-12T18:15:00.419517565Z,1755022500419,50051,10008.2,4.77,0.8,8.0,1,1,2,7
producer-1.pitur-265048.isolateedinburgh-pg0.utah.cloudlab.us,2025-08-12T18:15:05.424271574Z,1755022505424,50050,10010.0,4.77,0.8,17.0,1,1,2,15
producer-1.pitur-265048.isolateedinburgh-pg0.utah.cloudlab.us,2025-08-12T18:15:10.428400236Z,1755022510428,50030,10006.0,4.77,0.8,8.0,1,2,2,7
producer-1.pitur-265048.isolateedinburgh-pg0.utah.cloudlab.us,2025-08-12T18:15:15.433077229Z,1755022515433,50060,10012.0,4.77,0.8,9.0,1,2,2,7
producer-1.pitur-265048.isolateedinburgh-pg0.utah.cloudlab.us,2025-08-12T18:15:20.437590558Z,1755022520437,50040,10006.0,4.77,0.8,7.0,1,2,2,6
producer-1.pitur-265048.isolateedinburgh-pg0.utah.cloudlab.us,2025-08-12T18:15:25.443207653Z,1755022525443,50050,10008.0,4.77,12.5,279.0,1,110,250,277
producer-1.pitur-265048.isolateedinburgh-pg0.utah.cloudlab.us,2025-08-12T18:15:30.448513682Z,1755022530448,50059,10011.8,4.77,0.9,9.0,1,2,2,6
producer-1.pitur-265048.isolateedinburgh-pg0.utah.cloudlab.us,2025-08-12T18:15:35.454683638Z,1755022535454,50061,10010.2,4.77,0.8,9.0,1,2,2,6
producer-1.pitur-265048.isolateedinburgh-pg0.utah.cloudlab.us,2025-08-12T18:15:40.460267750Z,1755022540460,50060,10008.0,4.77,0.9,8.0,1,2,2,6
producer-1.pitur-265048.isolateedinburgh-pg0.utah.cloudlab.us,2025-08-12T18:15:45.464899658Z,1755022545464,50040,10008.0,4.77,8.2,213.0,1,56,185,211
producer-1.pitur-265048.isolateedinburgh-pg0.utah.cloudlab.us,2025-08-12T18:15:50.469829234Z,1755022550469,50050,10010.0,4.77,0.8,8.0,1,1,2,7
producer-1.pitur-265048.isolateedinburgh-pg0.utah.cloudlab.us,2025-08-12T18:15:55.477041632Z,1755022555477,50072,10010.4,4.77,0.8,9.0,1,2,2,6
producer-1.pitur-265048.isolateedinburgh-pg0.utah.cloudlab.us,2025-08-12T18:16:00.483463423Z,1755022560483,50068,10011.6,4.77,0.8,8.0,1,2,2,7
producer-1.pitur-265048.isolateedinburgh-pg0.utah.cloudlab.us,2025-08-12T18:16:05.489350658Z,1755022565489,50060,10012.0,4.77,5.2,175.0,1,8,143,172
producer-1.pitur-265048.isolateedinburgh-pg0.utah.cloudlab.us,2025-08-12T18:16:10.494348424Z,1755022570494,50050,10008.0,4.77,0.8,9.0,1,2,2,8
producer-1.pitur-265048.isolateedinburgh-pg0.utah.cloudlab.us,2025-08-12T18:16:15.499830551Z,1755022575499,50050,10010.0,4.77,0.9,8.0,1,2,2,7
producer-1.pitur-265048.isolateedinburgh-pg0.utah.cloudlab.us,2025-08-12T18:16:20.505357421Z,1755022580505,50065,10013.0,4.77,0.8,9.0,1,2,2,8
producer-1.pitur-265048.isolateedinburgh-pg0.utah.cloudlab.us,2025-08-12T18:16:25.511955905Z,1755022585511,50055,10009.0,4.77,10.9,246.0,1,82,213,242
producer-1.pitur-265048.isolateedinburgh-pg0.utah.cloudlab.us,2025-08-12T18:16:30.518947076Z,1755022590518,50070,10014.0,4.78,0.9,15.0,1,2,2,8
producer-1.pitur-265048.isolateedinburgh-pg0.utah.cloudlab.us,2025-08-12T18:16:35.522812935Z,1755022595522,50040,10008.0,4.77,0.9,8.0,1,2,2,6
producer-1.pitur-265048.isolateedinburgh-pg0.utah.cloudlab.us,2025-08-12T18:16:40.528872377Z,1755022600528,50060,10010.0,4.77,0.9,9.0,1,1,2,7
producer-1.pitur-265048.isolateedinburgh-pg0.utah.cloudlab.us,2025-08-12T18:16:45.534775869Z,1755022605534,50069,10013.8,4.77,0.8,9.0,1,1,2,7
producer-1.pitur-265048.isolateedinburgh-pg0.utah.cloudlab.us,2025-08-12T18:16:50.540716356Z,1755022610540,50051,10010.2,4.77,0.9,9.0,1,1,2,7
producer-1.pitur-265048.isolateedinburgh-pg0.utah.cloudlab.us,2025-08-12T18:16:55.546096753Z,1755022615546,50060,10012.0,4.77,0.9,9.0,1,2,2,7
producer-1.pitur-265048.isolateedinburgh-pg0.utah.cloudlab.us,2025-08-12T18:17:00.550381891Z,1755022620550,50035,10007.0,4.77,0.9,8.0,1,2,2,6
producer-1.pitur-265048.isolateedinburgh-pg0.utah.cloudlab.us,2025-08-12T18:17:05.556762151Z,1755022625556,50065,10011.0,4.77,0.9,8.0,1,2,2,7
producer-1.pitur-265048.isolateedinburgh-pg0.utah.cloudlab.us,2025-08-12T18:17:10.560265234Z,1755022630560,50035,10007.0,4.77,0.9,7.0,1,1,2,6
producer-1.pitur-265048.isolateedinburgh-pg0.utah.cloudlab.us,2025-08-12T18:17:15.565513638Z,1755022635565,50055,10011.0,4.77,0.8,10.0,1,1,2,8
producer-1.pitur-265048.isolateedinburgh-pg0.utah.cloudlab.us,2025-08-12T18:17:20.570477955Z,1755022640570,50050,10010.0,4.77,0.7,9.0,1,1,2,7
producer-1.pitur-265048.isolateedinburgh-pg0.utah.cloudlab.us,2025-08-12T18:17:25.574356314Z,1755022645574,50039,10007.8,4.77,0.9,12.0,1,2,2,7
producer-1.pitur-265048.isolateedinburgh-pg0.utah.cloudlab.us,2025-08-12T18:17:30.578249116Z,1755022650578,50031,10004.2,4.77,18.9,336.0,1,184,308,333
producer-1.pitur-265048.isolateedinburgh-pg0.utah.cloudlab.us,2025-08-12T18:17:35.583351278Z,1755022655583,50060,10010.0,4.77,0.9,8.0,1,2,2,7
producer-1.pitur-265048.isolateedinburgh-pg0.utah.cloudlab.us,2025-08-12T18:17:40.588082734Z,1755022660588,50051,10010.2,4.77,0.9,9.0,1,2,2,7
producer-1.pitur-265048.isolateedinburgh-pg0.utah.cloudlab.us,2025-08-12T18:17:45.592379841Z,1755022665592,50034,10006.8,4.77,0.8,10.0,1,2,2,8
producer-1.pitur-265048.isolateedinburgh-pg0.utah.cloudlab.us,2025-08-12T18:17:50.596863839Z,1755022670596,50046,10009.2,4.77,0.9,14.0,1,2,2,7
producer-1.pitur-265048.isolateedinburgh-pg0.utah.cloudlab.us,2025-08-12T18:17:55.601850704Z,1755022675601,50049,10007.8,4.77,0.8,7.0,1,2,2,5
producer-1.pitur-265048.isolateedinburgh-pg0.utah.cloudlab.us,2025-08-12T18:18:00.606466874Z,1755022680606,50050,10010.0,4.77,0.8,8.0,1,1,2,6
producer-1.pitur-265048.isolateedinburgh-pg0.utah.cloudlab.us,2025-08-12T18:18:05.610256753Z,1755022685610,50033,10006.6,4.77,0.9,8.0,1,2,2,6
producer-1.pitur-265048.isolateedinburgh-pg0.utah.cloudlab.us,2025-08-12T18:18:10.616419291Z,1755022690616,50067,10009.4,4.77,0.9,7.0,1,1,2,6
producer-1.pitur-265048.isolateedinburgh-pg0.utah.cloudlab.us,2025-08-12T18:18:15.621737357Z,1755022695621,50050,10010.0,4.77,0.8,8.0,1,2,2,5
producer-1.pitur-265048.isolateedinburgh-pg0.utah.cloudlab.us,2025-08-12T18:18:20.627504589Z,1755022700627,50060,10010.0,4.77,0.8,8.0,1,2,2,6
producer-1.pitur-265048.isolateedinburgh-pg0.utah.cloudlab.us,2025-08-12T18:18:25.631466118Z,1755022705631,50039,10007.8,4.77,0.8,7.0,1,2,2,7
producer-1.pitur-265048.isolateedinburgh-pg0.utah.cloudlab.us,2025-08-12T18:18:30.635832617Z,1755022710635,50044,10008.8,4.77,0.9,10.0,1,2,2,8
producer-1.pitur-265048.isolateedinburgh-pg0.utah.cloudlab.us,2025-08-12T18:18:35.641660773Z,1755022715641,50057,10009.4,4.77,0.8,8.0,1,2,2,6
producer-1.pitur-265048.isolateedinburgh-pg0.utah.cloudlab.us,2025-08-12T18:18:40.647793931Z,1755022720647,50050,10006.0,4.77,0.8,8.0,1,1,2,6
producer-1.pitur-265048.isolateedinburgh-pg0.utah.cloudlab.us,2025-08-12T18:18:45.654276395Z,1755022725654,50076,10011.2,4.77,0.8,10.0,1,2,2,8
producer-1.pitur-265048.isolateedinburgh-pg0.utah.cloudlab.us,2025-08-12T18:18:50.658558893Z,1755022730658,50044,10008.8,4.77,0.9,8.0,1,2,2,7
producer-1.pitur-265048.isolateedinburgh-pg0.utah.cloudlab.us,2025-08-12T18:18:55.662041715Z,1755022735662,50030,10006.0,4.77,3.5,127.0,1,2,96,125
producer-1.pitur-265048.isolateedinburgh-pg0.utah.cloudlab.us,2025-08-12T18:19:00.667670235Z,1755022740667,50060,10012.0,4.77,0.9,8.0,1,2,2,7
producer-1.pitur-265048.isolateedinburgh-pg0.utah.cloudlab.us,2025-08-12T18:19:05.674062794Z,1755022745674,50060,10010.0,4.77,0.9,9.0,1,2,2,7
producer-1.pitur-265048.isolateedinburgh-pg0.utah.cloudlab.us,2025-08-12T18:19:10.679753813Z,1755022750679,50060,10010.0,4.77,0.9,9.0,1,2,2,8
producer-1.pitur-265048.isolateedinburgh-pg0.utah.cloudlab.us,2025-08-12T18:19:15.684720657Z,1755022755684,50050,10008.0,4.77,0.8,7.0,1,2,2,6
producer-1.pitur-265048.isolateedinburgh-pg0.utah.cloudlab.us,2025-08-12T18:19:20.690126006Z,1755022760690,50050,10006.0,4.77,0.9,8.0,1,2,2,7
