hostname,timestamp_iso,timestamp_ms,records_sent,recs_per_sec,mb_per_sec,avg_latency,max_latency,p50,p95,p99,p999
producer-1.pitur-265048.isolateedinburgh-pg0.utah.cloudlab.us,2025-08-12T18:09:09.761585838Z,1755022149761,49992,9996.4,4.77,68.4,566.0,1,362,404,415
producer-1.pitur-265048.isolateedinburgh-pg0.utah.cloudlab.us,2025-08-12T18:09:14.784872434Z,1755022154784,50230,10046.0,4.79,1.1,27.0,1,2,3,22
producer-1.pitur-265048.isolateedinburgh-pg0.utah.cloudlab.us,2025-08-12T18:09:19.797817489Z,1755022159797,50130,10024.0,4.78,1.0,16.0,1,2,2,13
producer-1.pitur-265048.isolateedinburgh-pg0.utah.cloudlab.us,2025-08-12T18:09:24.808901625Z,1755022164808,50110,10020.0,4.78,0.9,12.0,1,2,2,9
producer-1.pitur-265048.isolateedinburgh-pg0.utah.cloudlab.us,2025-08-12T18:09:29.816758329Z,1755022169816,50080,10014.0,4.78,0.9,14.0,1,2,3,12
producer-1.pitur-265048.isolateedinburgh-pg0.utah.cloudlab.us,2025-08-12T18:09:34.824890386Z,1755022174824,50080,10016.0,4.78,0.8,11.0,1,2,2,10
producer-1.pitur-265048.isolateedinburgh-pg0.utah.cloudlab.us,2025-08-12T18:09:39.832759050Z,1755022179832,50080,10016.0,4.78,0.8,12.0,1,1,2,8
producer-1.pitur-265048.isolateedinburgh-pg0.utah.cloudlab.us,2025-08-12T18:09:44.840194236Z,1755022184840,50079,10011.8,4.77,1.0,9.0,1,2,2,8
producer-1.pitur-265048.isolateedinburgh-pg0.utah.cloudlab.us,2025-08-12T18:09:49.849014041Z,1755022189849,50090,10016.0,4.78,18.1,313.0,1,171,289,312
producer-1.pitur-265048.isolateedinburgh-pg0.utah.cloudlab.us,2025-08-12T18:09:54.857468724Z,1755022194857,50081,10014.2,4.78,1.0,11.0,1,2,2,8
producer-1.pitur-265048.isolateedinburgh-pg0.utah.cloudlab.us,2025-08-12T18:09:59.865170161Z,1755022199865,50070,10012.0,4.77,0.9,16.0,1,2,2,7
producer-1.pitur-265048.isolateedinburgh-pg0.utah.cloudlab.us,2025-08-12T18:10:04.870990702Z,1755022204870,50069,10013.8,4.77,0.9,9.0,1,2,2,7
producer-1.pitur-265048.isolateedinburgh-pg0.utah.cloudlab.us,2025-08-12T18:10:09.879223873Z,1755022209879,50080,10014.0,4.78,18.9,335.0,1,181,306,334
producer-1.pitur-265048.isolateedinburgh-pg0.utah.cloudlab.us,2025-08-12T18:10:14.885177739Z,1755022214885,50061,10012.2,4.77,1.0,10.0,1,2,2,8
producer-1.pitur-265048.isolateedinburgh-pg0.utah.cloudlab.us,2025-08-12T18:10:19.891331112Z,1755022219891,50060,10012.0,4.77,0.9,10.0,1,2,2,6
producer-1.pitur-265048.isolateedinburgh-pg0.utah.cloudlab.us,2025-08-12T18:10:24.896376980Z,1755022224896,50039,10007.8,4.77,0.8,15.0,1,2,2,8
producer-1.pitur-265048.isolateedinburgh-pg0.utah.cloudlab.us,2025-08-12T18:10:29.901451450Z,1755022229901,50061,10010.2,4.77,9.1,245.0,1,69,205,243
producer-1.pitur-265048.isolateedinburgh-pg0.utah.cloudlab.us,2025-08-12T18:10:34.908317057Z,1755022234908,50069,10009.8,4.77,0.8,9.0,1,1,2,7
producer-1.pitur-265048.isolateedinburgh-pg0.utah.cloudlab.us,2025-08-12T18:10:39.914400582Z,1755022239914,50061,10012.2,4.77,0.9,9.0,1,2,2,7
producer-1.pitur-265048.isolateedinburgh-pg0.utah.cloudlab.us,2025-08-12T18:10:44.921318646Z,1755022244921,50069,10009.8,4.77,0.7,9.0,1,1,2,7
producer-1.pitur-265048.isolateedinburgh-pg0.utah.cloudlab.us,2025-08-12T18:10:49.926004529Z,1755022249925,50041,10008.2,4.77,0.9,15.0,1,2,2,8
producer-1.pitur-265048.isolateedinburgh-pg0.utah.cloudlab.us,2025-08-12T18:10:54.930560470Z,1755022254930,50050,10010.0,4.77,0.9,7.0,1,2,2,7
producer-1.pitur-265048.isolateedinburgh-pg0.utah.cloudlab.us,2025-08-12T18:10:59.936789808Z,1755022259936,50059,10011.8,4.77,0.9,9.0,1,2,2,7
producer-1.pitur-265048.isolateedinburgh-pg0.utah.cloudlab.us,2025-08-12T18:11:04.943490896Z,1755022264943,50071,10012.2,4.77,0.9,10.0,1,2,2,7
producer-1.pitur-265048.isolateedinburgh-pg0.utah.cloudlab.us,2025-08-12T18:11:09.949843206Z,1755022269949,50059,10009.8,4.77,0.9,9.0,1,2,2,8
producer-1.pitur-265048.isolateedinburgh-pg0.utah.cloudlab.us,2025-08-12T18:11:14.955240663Z,1755022274955,50060,10012.0,4.77,0.9,15.0,1,2,2,7
producer-1.pitur-265048.isolateedinburgh-pg0.utah.cloudlab.us,2025-08-12T18:11:19.960147231Z,1755022279960,50051,10008.2,4.77,0.8,8.0,1,2,2,7
producer-1.pitur-265048.isolateedinburgh-pg0.utah.cloudlab.us,2025-08-12T18:11:24.965818993Z,1755022284965,50050,10010.0,4.77,0.8,9.0,1,2,2,7
producer-1.pitur-265048.isolateedinburgh-pg0.utah.cloudlab.us,2025-08-12T18:11:29.971641982Z,1755022289971,50060,10010.0,4.77,0.9,9.0,1,2,2,6
producer-1.pitur-265048.isolateedinburgh-pg0.utah.cloudlab.us,2025-08-12T18:11:34.977958538Z,1755022294977,50059,10009.8,4.77,11.6,247.0,1,112,219,243
producer-1.pitur-265048.isolateedinburgh-pg0.utah.cloudlab.us,2025-08-12T18:11:39.982747590Z,1755022299982,50051,10010.2,4.77,0.9,17.0,1,2,2,7
producer-1.pitur-265048.isolateedinburgh-pg0.utah.cloudlab.us,2025-08-12T18:11:44.987234777Z,1755022304987,50050,10008.0,4.77,0.9,8.0,1,2,2,6
producer-1.pitur-265048.isolateedinburgh-pg0.utah.cloudlab.us,2025-08-12T18:11:49.995308353Z,1755022309995,50069,10009.8,4.77,0.8,11.0,1,2,2,8
producer-1.pitur-265048.isolateedinburgh-pg0.utah.cloudlab.us,2025-08-12T18:11:55.000173677Z,1755022315000,50056,10011.2,4.77,34.2,461.0,1,309,425,458
producer-1.pitur-265048.isolateedinburgh-pg0.utah.cloudlab.us,2025-08-12T18:12:00.006256293Z,1755022320006,50063,10010.6,4.77,0.9,9.0,1,2,2,7
producer-1.pitur-265048.isolateedinburgh-pg0.utah.cloudlab.us,2025-08-12T18:12:05.013438419Z,1755022325013,50071,10012.2,4.77,0.9,16.0,1,2,2,8
producer-1.pitur-265048.isolateedinburgh-pg0.utah.cloudlab.us,2025-08-12T18:12:10.018647733Z,1755022330018,50051,10008.2,4.77,0.9,9.0,1,2,2,6
producer-1.pitur-265048.isolateedinburgh-pg0.utah.cloudlab.us,2025-08-12T18:12:15.024107276Z,1755022335024,50059,10011.8,4.77,22.8,383.0,1,219,346,380
producer-1.pitur-265048.isolateedinburgh-pg0.utah.cloudlab.us,2025-08-12T18:12:20.031580891Z,1755022340031,50071,10012.2,4.77,0.8,10.0,1,2,2,6
producer-1.pitur-265048.isolateedinburgh-pg0.utah.cloudlab.us,2025-08-12T18:12:25.036514575Z,1755022345036,50054,10010.8,4.77,0.8,9.0,1,2,2,7
producer-1.pitur-265048.isolateedinburgh-pg0.utah.cloudlab.us,2025-08-12T18:12:30.042324979Z,1755022350042,50065,10013.0,4.77,0.8,17.0,1,2,2,8
producer-1.pitur-265048.isolateedinburgh-pg0.utah.cloudlab.us,2025-08-12T18:12:35.047521719Z,1755022355047,50041,10006.2,4.77,0.8,6.0,1,2,2,5
producer-1.pitur-265048.isolateedinburgh-pg0.utah.cloudlab.us,2025-08-12T18:12:40.052724188Z,1755022360052,50054,10010.8,4.77,0.9,9.0,1,2,2,6
producer-1.pitur-265048.isolateedinburgh-pg0.utah.cloudlab.us,2025-08-12T18:12:45.059359534Z,1755022365059,50056,10007.2,4.77,0.8,8.0,1,2,2,7
producer-1.pitur-265048.isolateedinburgh-pg0.utah.cloudlab.us,2025-08-12T18:12:50.067302852Z,1755022370067,50080,10012.0,4.77,0.9,9.0,1,2,2,8
producer-1.pitur-265048.isolateedinburgh-pg0.utah.cloudlab.us,2025-08-12T18:12:55.073741171Z,1755022375073,50070,10014.0,4.78,0.9,10.0,1,2,2,8
producer-1.pitur-265048.isolateedinburgh-pg0.utah.cloudlab.us,2025-08-12T18:13:00.079464586Z,1755022380079,50060,10012.0,4.77,0.8,9.0,1,2,2,8
producer-1.pitur-265048.isolateedinburgh-pg0.utah.cloudlab.us,2025-08-12T18:13:05.084308602Z,1755022385084,50049,10009.8,4.77,0.9,8.0,1,2,3,8
producer-1.pitur-265048.isolateedinburgh-pg0.utah.cloudlab.us,2025-08-12T18:13:10.090049023Z,1755022390090,50061,10012.2,4.77,0.9,10.0,1,2,2,7
producer-1.pitur-265048.isolateedinburgh-pg0.utah.cloudlab.us,2025-08-12T18:13:15.096386920Z,1755022395096,50060,10010.0,4.77,0.9,9.0,1,2,2,7
producer-1.pitur-265048.isolateedinburgh-pg0.utah.cloudlab.us,2025-08-12T18:13:20.103070931Z,1755022400103,50065,10011.0,4.77,6.2,192.0,1,28,156,188
producer-1.pitur-265048.isolateedinburgh-pg0.utah.cloudlab.us,2025-08-12T18:13:25.110462227Z,1755022405110,50065,10011.0,4.77,1.1,10.0,1,2,3,8
producer-1.pitur-265048.isolateedinburgh-pg0.utah.cloudlab.us,2025-08-12T18:13:30.115185620Z,1755022410115,50078,10015.6,4.78,1.1,8.0,1,2,3,7
producer-1.pitur-265048.isolateedinburgh-pg0.utah.cloudlab.us,2025-08-12T18:13:35.120206554Z,1755022415120,50025,10005.0,4.77,0.9,9.0,1,2,2,7
producer-1.pitur-265048.isolateedinburgh-pg0.utah.cloudlab.us,2025-08-12T18:13:40.127282871Z,1755022420127,50077,10013.4,4.77,8.9,175.0,1,82,147,172
producer-1.pitur-265048.isolateedinburgh-pg0.utah.cloudlab.us,2025-08-12T18:13:45.132029072Z,1755022425132,50040,10008.0,4.77,0.8,9.0,1,2,2,7
producer-1.pitur-265048.isolateedinburgh-pg0.utah.cloudlab.us,2025-08-12T18:13:50.138591851Z,1755022430138,50070,10012.0,4.77,0.9,9.0,1,2,2,7
producer-1.pitur-265048.isolateedinburgh-pg0.utah.cloudlab.us,2025-08-12T18:13:55.142951435Z,1755022435142,50049,10009.8,4.77,0.9,9.0,1,2,2,7
producer-1.pitur-265048.isolateedinburgh-pg0.utah.cloudlab.us,2025-08-12T18:14:00.148561556Z,1755022440148,50051,10008.2,4.77,3.4,119.0,1,2,89,116
producer-1.pitur-265048.isolateedinburgh-pg0.utah.cloudlab.us,2025-08-12T18:14:05.153209224Z,1755022445153,50050,10010.0,4.77,0.9,9.0,1,2,2,7
producer-1.pitur-265048.isolateedinburgh-pg0.utah.cloudlab.us,2025-08-12T18:14:10.160050885Z,1755022450160,50064,10008.8,4.77,0.9,8.0,1,2,2,7
producer-1.pitur-265048.isolateedinburgh-pg0.utah.cloudlab.us,2025-08-12T18:14:15.166305055Z,1755022455166,50059,10011.8,4.77,0.8,9.0,1,1,2,7
producer-1.pitur-265048.isolateedinburgh-pg0.utah.cloudlab.us,2025-08-12T18:14:20.172761365Z,1755022460172,50067,10013.4,4.77,1.4,61.0,1,2,28,59
producer-1.pitur-265048.isolateedinburgh-pg0.utah.cloudlab.us,2025-08-12T18:14:25.179311649Z,1755022465179,50070,10012.0,4.77,0.9,9.0,1,2,2,8
producer-1.pitur-265048.isolateedinburgh-pg0.utah.cloudlab.us,2025-08-12T18:14:30.184195374Z,1755022470184,50050,10008.0,4.77,0.8,8.0,1,2,2,6
producer-1.pitur-265048.isolateedinburgh-pg0.utah.cloudlab.us,2025-08-12T18:14:35.190149405Z,1755022475190,50060,10010.0,4.77,0.9,8.0,1,2,2,7
producer-1.pitur-265048.isolateedinburgh-pg0.utah.cloudlab.us,2025-08-12T18:14:40.195867509Z,1755022480195,50050,10010.0,4.77,0.9,9.0,1,2,2,8
producer-1.pitur-265048.isolateedinburgh-pg0.utah.cloudlab.us,2025-08-12T18:14:45.200273505Z,1755022485200,50050,10010.0,4.77,1.0,8.0,1,2,2,7
producer-1.pitur-265048.isolateedinburgh-pg0.utah.cloudlab.us,2025-08-12T18:14:50.207795350Z,1755022490207,50070,10012.0,4.77,0.9,10.0,1,2,2,8
producer-1.pitur-265048.isolateedinburgh-pg0.utah.cloudlab.us,2025-08-12T18:14:55.213360640Z,1755022495213,50060,10010.0,4.77,0.8,9.0,1,2,2,7
producer-1.pitur-265048.isolateedinburgh-pg0.utah.cloudlab.us,2025-08-12T18:15:00.218038466Z,1755022500218,50043,10008.6,4.77,0.8,8.0,1,1,2,7
producer-1.pitur-265048.isolateedinburgh-pg0.utah.cloudlab.us,2025-08-12T18:15:05.223646930Z,1755022505223,50057,10009.4,4.77,0.9,17.0,1,2,2,15
producer-1.pitur-265048.isolateedinburgh-pg0.utah.cloudlab.us,2025-08-12T18:15:10.228241154Z,1755022510228,50049,10009.8,4.77,0.9,8.0,1,2,2,6
producer-1.pitur-265048.isolateedinburgh-pg0.utah.cloudlab.us,2025-08-12T18:15:15.233033238Z,1755022515233,50041,10008.2,4.77,0.9,9.0,1,2,2,7
producer-1.pitur-265048.isolateedinburgh-pg0.utah.cloudlab.us,2025-08-12T18:15:20.237593799Z,1755022520237,50050,10010.0,4.77,1.0,8.0,1,2,2,8
producer-1.pitur-265048.isolateedinburgh-pg0.utah.cloudlab.us,2025-08-12T18:15:25.242634143Z,1755022525242,50050,10010.0,4.77,12.4,281.0,1,111,250,277
producer-1.pitur-265048.isolateedinburgh-pg0.utah.cloudlab.us,2025-08-12T18:15:30.247755424Z,1755022530247,50050,10010.0,4.77,0.9,8.0,1,2,2,8
producer-1.pitur-265048.isolateedinburgh-pg0.utah.cloudlab.us,2025-08-12T18:15:35.253507921Z,1755022535253,50060,10010.0,4.77,0.8,9.0,1,2,2,6
producer-1.pitur-265048.isolateedinburgh-pg0.utah.cloudlab.us,2025-08-12T18:15:40.259622057Z,1755022540259,50060,10010.0,4.77,0.9,9.0,1,2,2,7
producer-1.pitur-265048.isolateedinburgh-pg0.utah.cloudlab.us,2025-08-12T18:15:45.266530368Z,1755022545266,50070,10012.0,4.77,7.8,212.0,1,49,180,210
producer-1.pitur-265048.isolateedinburgh-pg0.utah.cloudlab.us,2025-08-12T18:15:50.273677161Z,1755022550273,50070,10012.0,4.77,0.9,9.0,1,2,2,7
producer-1.pitur-265048.isolateedinburgh-pg0.utah.cloudlab.us,2025-08-12T18:15:55.278254660Z,1755022555278,50059,10011.8,4.77,0.9,9.0,1,2,2,7
producer-1.pitur-265048.isolateedinburgh-pg0.utah.cloudlab.us,2025-08-12T18:16:00.283741222Z,1755022560283,50041,10008.2,4.77,0.9,8.0,1,2,2,7
producer-1.pitur-265048.isolateedinburgh-pg0.utah.cloudlab.us,2025-08-12T18:16:05.289633931Z,1755022565289,50060,10012.0,4.77,5.6,173.0,1,16,139,169
producer-1.pitur-265048.isolateedinburgh-pg0.utah.cloudlab.us,2025-08-12T18:16:10.295682386Z,1755022570295,50060,10012.0,4.77,0.9,10.0,1,2,2,8
producer-1.pitur-265048.isolateedinburgh-pg0.utah.cloudlab.us,2025-08-12T18:16:15.300437807Z,1755022575300,50050,10010.0,4.77,0.9,9.0,1,2,2,6
producer-1.pitur-265048.isolateedinburgh-pg0.utah.cloudlab.us,2025-08-12T18:16:20.306332694Z,1755022580306,50060,10010.0,4.77,0.9,8.0,1,2,2,7
producer-1.pitur-265048.isolateedinburgh-pg0.utah.cloudlab.us,2025-08-12T18:16:25.349854181Z,1755022585349,49477,9818.8,4.68,9.5,243.0,1,78,212,240
producer-1.pitur-265048.isolateedinburgh-pg0.utah.cloudlab.us,2025-08-12T18:16:30.357062151Z,1755022590357,51025,10203.0,4.87,2.4,107.0,1,2,73,103
producer-1.pitur-265048.isolateedinburgh-pg0.utah.cloudlab.us,2025-08-12T18:16:35.362774660Z,1755022595362,50066,10013.2,4.77,1.0,9.0,1,2,2,7
producer-1.pitur-265048.isolateedinburgh-pg0.utah.cloudlab.us,2025-08-12T18:16:40.369078867Z,1755022600369,50062,10008.4,4.77,0.9,8.0,1,2,2,7
producer-1.pitur-265048.isolateedinburgh-pg0.utah.cloudlab.us,2025-08-12T18:16:45.374922993Z,1755022605374,50050,10010.0,4.77,0.8,10.0,1,2,2,8
producer-1.pitur-265048.isolateedinburgh-pg0.utah.cloudlab.us,2025-08-12T18:16:50.380956494Z,1755022610380,50060,10012.0,4.77,1.0,7.0,1,2,2,6
producer-1.pitur-265048.isolateedinburgh-pg0.utah.cloudlab.us,2025-08-12T18:16:55.387666006Z,1755022615387,50070,10012.0,4.77,1.0,15.0,1,2,2,9
producer-1.pitur-265048.isolateedinburgh-pg0.utah.cloudlab.us,2025-08-12T18:17:00.392824031Z,1755022620392,50050,10010.0,4.77,1.0,10.0,1,2,2,7
producer-1.pitur-265048.isolateedinburgh-pg0.utah.cloudlab.us,2025-08-12T18:17:05.398435574Z,1755022625398,50060,10012.0,4.77,0.9,10.0,1,2,2,8
producer-1.pitur-265048.isolateedinburgh-pg0.utah.cloudlab.us,2025-08-12T18:17:10.403017462Z,1755022630403,50043,10008.6,4.77,0.8,11.0,1,2,2,8
producer-1.pitur-265048.isolateedinburgh-pg0.utah.cloudlab.us,2025-08-12T18:17:15.409256637Z,1755022635409,50058,10007.6,4.77,0.8,7.0,1,2,2,6
producer-1.pitur-265048.isolateedinburgh-pg0.utah.cloudlab.us,2025-08-12T18:17:20.415833319Z,1755022640415,50069,10011.8,4.77,1.0,9.0,1,2,2,7
producer-1.pitur-265048.isolateedinburgh-pg0.utah.cloudlab.us,2025-08-12T18:17:25.421816601Z,1755022645421,50067,10013.4,4.77,1.0,10.0,1,2,2,9
producer-1.pitur-265048.isolateedinburgh-pg0.utah.cloudlab.us,2025-08-12T18:17:30.426213842Z,1755022650426,50042,10008.4,4.77,19.5,337.0,1,188,305,334
producer-1.pitur-265048.isolateedinburgh-pg0.utah.cloudlab.us,2025-08-12T18:17:35.430086837Z,1755022655430,50037,10007.4,4.77,0.9,13.0,1,1,2,6
producer-1.pitur-265048.isolateedinburgh-pg0.utah.cloudlab.us,2025-08-12T18:17:40.433009736Z,1755022660433,50031,10006.2,4.77,0.9,7.0,1,2,2,5
producer-1.pitur-265048.isolateedinburgh-pg0.utah.cloudlab.us,2025-08-12T18:17:45.438927138Z,1755022665438,50062,10012.4,4.77,0.9,8.0,1,2,2,7
producer-1.pitur-265048.isolateedinburgh-pg0.utah.cloudlab.us,2025-08-12T18:17:50.444043112Z,1755022670444,50050,10008.0,4.77,0.9,8.0,1,2,2,7
producer-1.pitur-265048.isolateedinburgh-pg0.utah.cloudlab.us,2025-08-12T18:17:55.448032621Z,1755022675448,50041,10008.2,4.77,0.8,8.0,1,1,2,6
producer-1.pitur-265048.isolateedinburgh-pg0.utah.cloudlab.us,2025-08-12T18:18:00.453045939Z,1755022680453,50050,10010.0,4.77,0.8,18.0,1,2,2,7
producer-1.pitur-265048.isolateedinburgh-pg0.utah.cloudlab.us,2025-08-12T18:18:05.457385626Z,1755022685457,50039,10005.8,4.77,0.9,9.0,1,2,2,7
producer-1.pitur-265048.isolateedinburgh-pg0.utah.cloudlab.us,2025-08-12T18:18:10.463397121Z,1755022690463,50061,10010.2,4.77,0.9,9.0,1,2,2,6
producer-1.pitur-265048.isolateedinburgh-pg0.utah.cloudlab.us,2025-08-12T18:18:15.468882348Z,1755022695468,50057,10011.4,4.77,0.9,9.0,1,2,2,7
producer-1.pitur-265048.isolateedinburgh-pg0.utah.cloudlab.us,2025-08-12T18:18:20.474550551Z,1755022700474,50053,10008.6,4.77,1.0,9.0,1,2,2,7
producer-1.pitur-265048.isolateedinburgh-pg0.utah.cloudlab.us,2025-08-12T18:18:25.480635558Z,1755022705480,50060,10012.0,4.77,0.8,16.0,1,1,2,7
producer-1.pitur-265048.isolateedinburgh-pg0.utah.cloudlab.us,2025-08-12T18:18:30.486274744Z,1755022710486,50059,10009.8,4.77,0.9,8.0,1,2,2,6
producer-1.pitur-265048.isolateedinburgh-pg0.utah.cloudlab.us,2025-08-12T18:18:35.490512837Z,1755022715490,50041,10008.2,4.77,0.8,8.0,1,1,2,7
producer-1.pitur-265048.isolateedinburgh-pg0.utah.cloudlab.us,2025-08-12T18:18:40.496990316Z,1755022720496,50060,10010.0,4.77,0.8,8.0,1,2,2,6
producer-1.pitur-265048.isolateedinburgh-pg0.utah.cloudlab.us,2025-08-12T18:18:45.502646963Z,1755022725502,50059,10009.8,4.77,0.8,8.0,1,2,2,8
producer-1.pitur-265048.isolateedinburgh-pg0.utah.cloudlab.us,2025-08-12T18:18:50.507175361Z,1755022730507,50054,10010.8,4.77,0.9,17.0,1,2,2,8
producer-1.pitur-265048.isolateedinburgh-pg0.utah.cloudlab.us,2025-08-12T18:18:55.510134424Z,1755022735510,50027,10005.4,4.77,3.2,127.0,1,2,97,124
producer-1.pitur-265048.isolateedinburgh-pg0.utah.cloudlab.us,2025-08-12T18:19:00.515821113Z,1755022740515,50050,10008.0,4.77,0.8,9.0,1,2,2,7
producer-1.pitur-265048.isolateedinburgh-pg0.utah.cloudlab.us,2025-08-12T18:19:05.520525350Z,1755022745520,50051,10010.2,4.77,1.0,9.0,1,2,2,7
producer-1.pitur-265048.isolateedinburgh-pg0.utah.cloudlab.us,2025-08-12T18:19:10.527421724Z,1755022750527,50069,10011.8,4.77,1.0,10.0,1,2,2,8
producer-1.pitur-265048.isolateedinburgh-pg0.utah.cloudlab.us,2025-08-12T18:19:15.531466711Z,1755022755531,50033,10006.6,4.77,0.9,15.0,1,2,2,7
producer-1.pitur-265048.isolateedinburgh-pg0.utah.cloudlab.us,2025-08-12T18:19:20.535498171Z,1755022760535,50064,10012.8,4.77,0.9,8.0,1,2,2,7
