hostname,timestamp_iso,timestamp_ms,records_sent,recs_per_sec,mb_per_sec,avg_latency,max_latency,p50,p95,p99,p999
producer-1.pitur-265048.isolateedinburgh-pg0.utah.cloudlab.us,2025-08-12T18:09:10.015594594Z,1755022150015,49974,9994.8,4.77,44.9,381.0,1,275,332,344
producer-1.pitur-265048.isolateedinburgh-pg0.utah.cloudlab.us,2025-08-12T18:09:15.045148661Z,1755022155045,50293,10058.6,4.80,1.2,35.0,1,2,5,32
producer-1.pitur-265048.isolateedinburgh-pg0.utah.cloudlab.us,2025-08-12T18:09:20.058049181Z,1755022160058,50125,10025.0,4.78,1.0,18.0,1,2,2,15
producer-1.pitur-265048.isolateedinburgh-pg0.utah.cloudlab.us,2025-08-12T18:09:25.068866134Z,1755022165068,50110,10022.0,4.78,1.0,15.0,1,2,3,11
producer-1.pitur-265048.isolateedinburgh-pg0.utah.cloudlab.us,2025-08-12T18:09:30.079296035Z,1755022170079,50108,10019.6,4.78,1.0,17.0,1,2,3,13
producer-1.pitur-265048.isolateedinburgh-pg0.utah.cloudlab.us,2025-08-12T18:09:35.085499628Z,1755022175085,50062,10010.4,4.77,0.9,19.0,1,2,2,10
producer-1.pitur-265048.isolateedinburgh-pg0.utah.cloudlab.us,2025-08-12T18:09:40.091991177Z,1755022180091,50060,10012.0,4.77,0.9,9.0,1,2,2,8
producer-1.pitur-265048.isolateedinburgh-pg0.utah.cloudlab.us,2025-08-12T18:09:45.096453128Z,1755022185096,50050,10010.0,4.77,0.9,7.0,1,2,2,7
producer-1.pitur-265048.isolateedinburgh-pg0.utah.cloudlab.us,2025-08-12T18:09:50.102809583Z,1755022190102,50060,10012.0,4.77,18.5,319.0,1,182,291,315
producer-1.pitur-265048.isolateedinburgh-pg0.utah.cloudlab.us,2025-08-12T18:09:55.109531010Z,1755022195109,50070,10014.0,4.78,1.0,10.0,1,2,2,8
producer-1.pitur-265048.isolateedinburgh-pg0.utah.cloudlab.us,2025-08-12T18:10:00.116288332Z,1755022200116,50070,10012.0,4.77,1.0,9.0,1,2,2,7
producer-1.pitur-265048.isolateedinburgh-pg0.utah.cloudlab.us,2025-08-12T18:10:05.123971044Z,1755022205123,50070,10012.0,4.77,0.9,9.0,1,2,2,7
producer-1.pitur-265048.isolateedinburgh-pg0.utah.cloudlab.us,2025-08-12T18:10:10.129552888Z,1755022210129,50060,10012.0,4.77,18.4,335.0,1,173,305,332
producer-1.pitur-265048.isolateedinburgh-pg0.utah.cloudlab.us,2025-08-12T18:10:15.136607742Z,1755022215136,50059,10007.8,4.77,0.9,8.0,1,2,2,7
producer-1.pitur-265048.isolateedinburgh-pg0.utah.cloudlab.us,2025-08-12T18:10:20.142238178Z,1755022220142,50061,10012.2,4.77,0.9,10.0,1,2,2,8
producer-1.pitur-265048.isolateedinburgh-pg0.utah.cloudlab.us,2025-08-12T18:10:25.148693721Z,1755022225148,50070,10012.0,4.77,1.1,9.0,1,2,2,6
producer-1.pitur-265048.isolateedinburgh-pg0.utah.cloudlab.us,2025-08-12T18:10:30.154381242Z,1755022230154,50060,10010.0,4.77,10.3,242.0,1,86,213,240
producer-1.pitur-265048.isolateedinburgh-pg0.utah.cloudlab.us,2025-08-12T18:10:35.158756220Z,1755022235158,50040,10008.0,4.77,0.9,12.0,1,2,2,8
producer-1.pitur-265048.isolateedinburgh-pg0.utah.cloudlab.us,2025-08-12T18:10:40.163660070Z,1755022240163,50050,10008.0,4.77,0.9,8.0,1,2,2,6
producer-1.pitur-265048.isolateedinburgh-pg0.utah.cloudlab.us,2025-08-12T18:10:45.169936454Z,1755022245169,50060,10010.0,4.77,0.9,8.0,1,2,2,7
producer-1.pitur-265048.isolateedinburgh-pg0.utah.cloudlab.us,2025-08-12T18:10:50.174987485Z,1755022250174,50050,10010.0,4.77,0.8,8.0,1,2,2,5
producer-1.pitur-265048.isolateedinburgh-pg0.utah.cloudlab.us,2025-08-12T18:10:55.179382007Z,1755022255179,50040,10008.0,4.77,0.9,8.0,1,1,2,6
producer-1.pitur-265048.isolateedinburgh-pg0.utah.cloudlab.us,2025-08-12T18:11:00.186315082Z,1755022260186,50071,10012.2,4.77,0.9,18.0,1,2,2,8
producer-1.pitur-265048.isolateedinburgh-pg0.utah.cloudlab.us,2025-08-12T18:11:05.191802386Z,1755022265191,50062,10010.4,4.77,0.9,9.0,1,2,2,6
producer-1.pitur-265048.isolateedinburgh-pg0.utah.cloudlab.us,2025-08-12T18:11:10.198692465Z,1755022270198,50067,10011.4,4.77,1.0,9.0,1,2,2,8
producer-1.pitur-265048.isolateedinburgh-pg0.utah.cloudlab.us,2025-08-12T18:11:15.203403933Z,1755022275203,50043,10008.6,4.77,1.0,9.0,1,2,2,7
producer-1.pitur-265048.isolateedinburgh-pg0.utah.cloudlab.us,2025-08-12T18:11:20.210007283Z,1755022280210,50029,10003.8,4.77,0.9,9.0,1,2,2,8
producer-1.pitur-265048.isolateedinburgh-pg0.utah.cloudlab.us,2025-08-12T18:11:25.214680328Z,1755022285214,50088,10017.6,4.78,0.9,17.0,1,2,2,11
producer-1.pitur-265048.isolateedinburgh-pg0.utah.cloudlab.us,2025-08-12T18:11:30.218225487Z,1755022290218,50039,10007.8,4.77,0.9,7.0,1,2,2,5
producer-1.pitur-265048.isolateedinburgh-pg0.utah.cloudlab.us,2025-08-12T18:11:35.222679173Z,1755022295222,50040,10008.0,4.77,11.3,248.0,1,103,223,245
producer-1.pitur-265048.isolateedinburgh-pg0.utah.cloudlab.us,2025-08-12T18:11:40.228803240Z,1755022300228,50060,10012.0,4.77,0.9,9.0,1,2,2,7
producer-1.pitur-265048.isolateedinburgh-pg0.utah.cloudlab.us,2025-08-12T18:11:45.233260721Z,1755022305233,50046,10009.2,4.77,1.1,10.0,1,2,2,7
producer-1.pitur-265048.isolateedinburgh-pg0.utah.cloudlab.us,2025-08-12T18:11:50.238562743Z,1755022310238,50055,10011.0,4.77,1.0,9.0,1,2,2,8
producer-1.pitur-265048.isolateedinburgh-pg0.utah.cloudlab.us,2025-08-12T18:11:55.245212969Z,1755022315245,50070,10012.0,4.77,38.8,464.0,1,330,438,461
producer-1.pitur-265048.isolateedinburgh-pg0.utah.cloudlab.us,2025-08-12T18:12:00.251551751Z,1755022320251,50060,10010.0,4.77,1.0,9.0,1,2,2,8
producer-1.pitur-265048.isolateedinburgh-pg0.utah.cloudlab.us,2025-08-12T18:12:05.257344088Z,1755022325257,50049,10007.8,4.77,1.0,9.0,1,2,3,7
producer-1.pitur-265048.isolateedinburgh-pg0.utah.cloudlab.us,2025-08-12T18:12:10.261378735Z,1755022330261,50050,10010.0,4.77,1.1,9.0,1,2,3,7
producer-1.pitur-265048.isolateedinburgh-pg0.utah.cloudlab.us,2025-08-12T18:12:15.266221449Z,1755022335266,50051,10010.2,4.77,25.1,383.0,1,238,356,380
producer-1.pitur-265048.isolateedinburgh-pg0.utah.cloudlab.us,2025-08-12T18:12:20.270139012Z,1755022340270,50040,10008.0,4.77,1.0,8.0,1,2,2,7
producer-1.pitur-265048.isolateedinburgh-pg0.utah.cloudlab.us,2025-08-12T18:12:25.275727066Z,1755022345275,50050,10008.0,4.77,1.0,8.0,1,2,2,7
producer-1.pitur-265048.isolateedinburgh-pg0.utah.cloudlab.us,2025-08-12T18:12:30.280436391Z,1755022350280,50040,10008.0,4.77,1.1,9.0,1,2,3,7
producer-1.pitur-265048.isolateedinburgh-pg0.utah.cloudlab.us,2025-08-12T18:12:35.285803190Z,1755022355285,50050,10008.0,4.77,1.1,10.0,1,2,3,8
producer-1.pitur-265048.isolateedinburgh-pg0.utah.cloudlab.us,2025-08-12T18:12:40.290008209Z,1755022360290,50062,10012.4,4.77,1.1,18.0,1,2,3,8
producer-1.pitur-265048.isolateedinburgh-pg0.utah.cloudlab.us,2025-08-12T18:12:45.294698964Z,1755022365294,50038,10005.6,4.77,0.9,8.0,1,2,2,6
producer-1.pitur-265048.isolateedinburgh-pg0.utah.cloudlab.us,2025-08-12T18:12:50.300459453Z,1755022370300,50061,10012.2,4.77,1.0,10.0,1,2,3,8
producer-1.pitur-265048.isolateedinburgh-pg0.utah.cloudlab.us,2025-08-12T18:12:55.305095237Z,1755022375305,50049,10009.8,4.77,1.1,9.0,1,2,3,6
producer-1.pitur-265048.isolateedinburgh-pg0.utah.cloudlab.us,2025-08-12T18:13:00.311622299Z,1755022380311,50049,10007.8,4.77,1.0,9.0,1,2,2,6
producer-1.pitur-265048.isolateedinburgh-pg0.utah.cloudlab.us,2025-08-12T18:13:05.317397688Z,1755022385317,50070,10012.0,4.77,1.0,9.0,1,2,3,7
producer-1.pitur-265048.isolateedinburgh-pg0.utah.cloudlab.us,2025-08-12T18:13:10.322378945Z,1755022390322,50051,10010.2,4.77,1.0,10.0,1,2,3,8
producer-1.pitur-265048.isolateedinburgh-pg0.utah.cloudlab.us,2025-08-12T18:13:15.326254854Z,1755022395326,50039,10007.8,4.77,1.0,8.0,1,2,2,6
producer-1.pitur-265048.isolateedinburgh-pg0.utah.cloudlab.us,2025-08-12T18:13:20.330329507Z,1755022400330,50043,10008.6,4.77,7.1,195.0,1,44,160,190
producer-1.pitur-265048.isolateedinburgh-pg0.utah.cloudlab.us,2025-08-12T18:13:25.334294330Z,1755022405334,50037,10007.4,4.77,1.0,7.0,1,2,3,7
producer-1.pitur-265048.isolateedinburgh-pg0.utah.cloudlab.us,2025-08-12T18:13:30.339011386Z,1755022410339,50051,10008.2,4.77,1.0,7.0,1,2,2,7
producer-1.pitur-265048.isolateedinburgh-pg0.utah.cloudlab.us,2025-08-12T18:13:35.344329155Z,1755022415344,50050,10008.0,4.77,1.0,10.0,1,2,2,8
producer-1.pitur-265048.isolateedinburgh-pg0.utah.cloudlab.us,2025-08-12T18:13:40.348019226Z,1755022420348,50033,10006.6,4.77,9.5,178.0,1,85,145,174
producer-1.pitur-265048.isolateedinburgh-pg0.utah.cloudlab.us,2025-08-12T18:13:45.353160499Z,1755022425353,50047,10007.4,4.77,0.9,9.0,1,2,2,8
producer-1.pitur-265048.isolateedinburgh-pg0.utah.cloudlab.us,2025-08-12T18:13:50.358481467Z,1755022430358,50067,10013.4,4.77,0.9,9.0,1,2,2,9
producer-1.pitur-265048.isolateedinburgh-pg0.utah.cloudlab.us,2025-08-12T18:13:55.362453325Z,1755022435362,50033,10006.6,4.77,0.9,8.0,1,2,2,7
producer-1.pitur-265048.isolateedinburgh-pg0.utah.cloudlab.us,2025-08-12T18:14:00.367984706Z,1755022440367,50051,10008.2,4.77,3.6,120.0,1,2,94,118
producer-1.pitur-265048.isolateedinburgh-pg0.utah.cloudlab.us,2025-08-12T18:14:05.372161676Z,1755022445372,50058,10011.6,4.77,0.9,8.0,1,2,2,6
producer-1.pitur-265048.isolateedinburgh-pg0.utah.cloudlab.us,2025-08-12T18:14:10.377291823Z,1755022450377,50041,10006.2,4.77,1.0,8.0,1,2,2,7
producer-1.pitur-265048.isolateedinburgh-pg0.utah.cloudlab.us,2025-08-12T18:14:15.383568049Z,1755022455383,50060,10008.0,4.77,1.0,8.0,1,2,2,6
producer-1.pitur-265048.isolateedinburgh-pg0.utah.cloudlab.us,2025-08-12T18:14:20.389921845Z,1755022460389,50059,10011.8,4.77,1.6,62.0,1,2,34,59
producer-1.pitur-265048.isolateedinburgh-pg0.utah.cloudlab.us,2025-08-12T18:14:25.394231077Z,1755022465394,50044,10008.8,4.77,1.0,13.0,1,2,2,7
producer-1.pitur-265048.isolateedinburgh-pg0.utah.cloudlab.us,2025-08-12T18:14:30.398424994Z,1755022470398,50046,10007.2,4.77,1.0,9.0,1,2,2,7
producer-1.pitur-265048.isolateedinburgh-pg0.utah.cloudlab.us,2025-08-12T18:14:35.404821951Z,1755022475404,50061,10012.2,4.77,0.9,12.0,1,2,2,10
producer-1.pitur-265048.isolateedinburgh-pg0.utah.cloudlab.us,2025-08-12T18:14:40.409462564Z,1755022480409,50055,10011.0,4.77,1.0,9.0,1,2,2,6
producer-1.pitur-265048.isolateedinburgh-pg0.utah.cloudlab.us,2025-08-12T18:14:45.414897308Z,1755022485414,50045,10009.0,4.77,1.0,9.0,1,2,2,9
producer-1.pitur-265048.isolateedinburgh-pg0.utah.cloudlab.us,2025-08-12T18:14:50.421254992Z,1755022490421,50070,10012.0,4.77,0.8,12.0,1,2,2,8
producer-1.pitur-265048.isolateedinburgh-pg0.utah.cloudlab.us,2025-08-12T18:14:55.424470081Z,1755022495424,50027,10005.4,4.77,1.0,10.0,1,2,2,8
producer-1.pitur-265048.isolateedinburgh-pg0.utah.cloudlab.us,2025-08-12T18:15:00.429138379Z,1755022500429,50052,10010.4,4.77,0.8,8.0,1,1,2,6
producer-1.pitur-265048.isolateedinburgh-pg0.utah.cloudlab.us,2025-08-12T18:15:05.433277640Z,1755022505433,50044,10008.8,4.77,1.1,21.0,1,2,3,19
producer-1.pitur-265048.isolateedinburgh-pg0.utah.cloudlab.us,2025-08-12T18:15:10.438598418Z,1755022510438,50047,10007.4,4.77,1.1,8.0,1,2,2,6
producer-1.pitur-265048.isolateedinburgh-pg0.utah.cloudlab.us,2025-08-12T18:15:15.442719882Z,1755022515442,50040,10008.0,4.77,0.9,12.0,1,2,2,7
producer-1.pitur-265048.isolateedinburgh-pg0.utah.cloudlab.us,2025-08-12T18:15:20.446356817Z,1755022520446,50040,10008.0,4.77,0.9,11.0,1,2,2,8
producer-1.pitur-265048.isolateedinburgh-pg0.utah.cloudlab.us,2025-08-12T18:15:25.451358243Z,1755022525451,50050,10008.0,4.77,11.6,279.0,1,95,245,276
producer-1.pitur-265048.isolateedinburgh-pg0.utah.cloudlab.us,2025-08-12T18:15:30.457954703Z,1755022530457,50068,10011.6,4.77,1.0,9.0,1,2,2,7
producer-1.pitur-265048.isolateedinburgh-pg0.utah.cloudlab.us,2025-08-12T18:15:35.463378634Z,1755022535463,50052,10010.4,4.77,1.0,8.0,1,2,2,6
producer-1.pitur-265048.isolateedinburgh-pg0.utah.cloudlab.us,2025-08-12T18:15:40.467517526Z,1755022540467,50039,10007.8,4.77,0.9,16.0,1,2,2,6
producer-1.pitur-265048.isolateedinburgh-pg0.utah.cloudlab.us,2025-08-12T18:15:45.470599098Z,1755022545470,50031,10006.2,4.77,7.5,212.0,1,36,185,211
producer-1.pitur-265048.isolateedinburgh-pg0.utah.cloudlab.us,2025-08-12T18:15:50.474735773Z,1755022550474,50040,10008.0,4.77,1.2,8.0,1,2,2,7
producer-1.pitur-265048.isolateedinburgh-pg0.utah.cloudlab.us,2025-08-12T18:15:55.479843917Z,1755022555479,50050,10010.0,4.77,0.9,9.0,1,2,2,7
producer-1.pitur-265048.isolateedinburgh-pg0.utah.cloudlab.us,2025-08-12T18:16:00.484307143Z,1755022560484,50047,10009.4,4.77,1.0,10.0,1,2,2,8
producer-1.pitur-265048.isolateedinburgh-pg0.utah.cloudlab.us,2025-08-12T18:16:05.489918777Z,1755022565489,50054,10010.8,4.77,6.3,174.0,1,28,154,172
producer-1.pitur-265048.isolateedinburgh-pg0.utah.cloudlab.us,2025-08-12T18:16:10.493835859Z,1755022570493,50028,10005.6,4.77,0.9,9.0,1,2,2,6
producer-1.pitur-265048.isolateedinburgh-pg0.utah.cloudlab.us,2025-08-12T18:16:15.499735604Z,1755022575499,50078,10015.6,4.78,0.9,10.0,1,2,2,8
producer-1.pitur-265048.isolateedinburgh-pg0.utah.cloudlab.us,2025-08-12T18:16:20.506270052Z,1755022580506,50062,10010.4,4.77,1.0,10.0,1,2,2,8
producer-1.pitur-265048.isolateedinburgh-pg0.utah.cloudlab.us,2025-08-12T18:16:25.511375236Z,1755022585511,50050,10008.0,4.77,12.8,244.0,1,104,217,240
producer-1.pitur-265048.isolateedinburgh-pg0.utah.cloudlab.us,2025-08-12T18:16:30.517670489Z,1755022590517,50061,10010.2,4.77,1.0,8.0,1,2,2,7
producer-1.pitur-265048.isolateedinburgh-pg0.utah.cloudlab.us,2025-08-12T18:16:35.522411843Z,1755022595522,50064,10012.8,4.77,1.0,8.0,1,2,2,6
producer-1.pitur-265048.isolateedinburgh-pg0.utah.cloudlab.us,2025-08-12T18:16:40.526423643Z,1755022600526,50026,10005.2,4.77,1.0,9.0,1,2,2,6
producer-1.pitur-265048.isolateedinburgh-pg0.utah.cloudlab.us,2025-08-12T18:16:45.532397308Z,1755022605532,50059,10011.8,4.77,0.9,10.0,1,2,2,8
producer-1.pitur-265048.isolateedinburgh-pg0.utah.cloudlab.us,2025-08-12T18:16:50.537915616Z,1755022610537,50061,10010.2,4.77,1.0,11.0,1,2,2,7
producer-1.pitur-265048.isolateedinburgh-pg0.utah.cloudlab.us,2025-08-12T18:16:55.543967656Z,1755022615543,50050,10008.0,4.77,1.0,8.0,1,2,2,7
producer-1.pitur-265048.isolateedinburgh-pg0.utah.cloudlab.us,2025-08-12T18:17:00.549365839Z,1755022620549,50060,10010.0,4.77,1.0,9.0,1,2,2,7
producer-1.pitur-265048.isolateedinburgh-pg0.utah.cloudlab.us,2025-08-12T18:17:05.553329291Z,1755022625553,50043,10008.6,4.77,0.9,8.0,1,2,2,7
producer-1.pitur-265048.isolateedinburgh-pg0.utah.cloudlab.us,2025-08-12T18:17:10.558608501Z,1755022630558,50046,10007.2,4.77,0.9,9.0,1,2,2,6
producer-1.pitur-265048.isolateedinburgh-pg0.utah.cloudlab.us,2025-08-12T18:17:15.562905821Z,1755022635562,50041,10008.2,4.77,0.9,8.0,1,2,2,7
producer-1.pitur-265048.isolateedinburgh-pg0.utah.cloudlab.us,2025-08-12T18:17:20.568210384Z,1755022640568,50060,10010.0,4.77,0.9,8.0,1,2,2,6
producer-1.pitur-265048.isolateedinburgh-pg0.utah.cloudlab.us,2025-08-12T18:17:25.572272946Z,1755022645572,50041,10008.2,4.77,0.9,12.0,1,2,2,7
producer-1.pitur-265048.isolateedinburgh-pg0.utah.cloudlab.us,2025-08-12T18:17:30.577487851Z,1755022650577,50049,10007.8,4.77,19.7,338.0,1,187,308,334
producer-1.pitur-265048.isolateedinburgh-pg0.utah.cloudlab.us,2025-08-12T18:17:35.583897540Z,1755022655583,50060,10010.0,4.77,1.0,11.0,1,2,2,8
producer-1.pitur-265048.isolateedinburgh-pg0.utah.cloudlab.us,2025-08-12T18:17:40.590130323Z,1755022660590,50070,10010.0,4.77,0.9,9.0,1,2,2,7
producer-1.pitur-265048.isolateedinburgh-pg0.utah.cloudlab.us,2025-08-12T18:17:45.596016989Z,1755022665596,50059,10009.8,4.77,0.9,8.0,1,2,2,7
producer-1.pitur-265048.isolateedinburgh-pg0.utah.cloudlab.us,2025-08-12T18:17:50.600049702Z,1755022670600,50034,10004.8,4.77,0.9,17.0,1,2,2,6
producer-1.pitur-265048.isolateedinburgh-pg0.utah.cloudlab.us,2025-08-12T18:17:55.604591551Z,1755022675604,50047,10007.4,4.77,0.9,6.0,1,2,2,5
producer-1.pitur-265048.isolateedinburgh-pg0.utah.cloudlab.us,2025-08-12T18:18:00.610771389Z,1755022680610,50060,10010.0,4.77,0.8,8.0,1,1,2,7
producer-1.pitur-265048.isolateedinburgh-pg0.utah.cloudlab.us,2025-08-12T18:18:05.616498642Z,1755022685616,50060,10012.0,4.77,0.8,9.0,1,1,2,8
producer-1.pitur-265048.isolateedinburgh-pg0.utah.cloudlab.us,2025-08-12T18:18:10.622186455Z,1755022690622,50059,10007.8,4.77,0.8,8.0,1,2,2,6
producer-1.pitur-265048.isolateedinburgh-pg0.utah.cloudlab.us,2025-08-12T18:18:15.626011178Z,1755022695626,50034,10006.8,4.77,0.9,7.0,1,2,2,6
producer-1.pitur-265048.isolateedinburgh-pg0.utah.cloudlab.us,2025-08-12T18:18:20.630298298Z,1755022700630,50046,10009.2,4.77,0.9,8.0,1,2,2,6
producer-1.pitur-265048.isolateedinburgh-pg0.utah.cloudlab.us,2025-08-12T18:18:25.635216006Z,1755022705635,50050,10008.0,4.77,0.8,8.0,1,2,2,6
producer-1.pitur-265048.isolateedinburgh-pg0.utah.cloudlab.us,2025-08-12T18:18:30.640882774Z,1755022710640,50050,10008.0,4.77,0.9,8.0,1,2,2,6
producer-1.pitur-265048.isolateedinburgh-pg0.utah.cloudlab.us,2025-08-12T18:18:35.646147028Z,1755022715646,50061,10010.2,4.77,1.0,9.0,1,2,2,7
producer-1.pitur-265048.isolateedinburgh-pg0.utah.cloudlab.us,2025-08-12T18:18:40.651612228Z,1755022720651,50050,10008.0,4.77,1.0,9.0,1,2,2,7
producer-1.pitur-265048.isolateedinburgh-pg0.utah.cloudlab.us,2025-08-12T18:18:45.656684565Z,1755022725656,50050,10010.0,4.77,1.0,10.0,1,2,3,8
producer-1.pitur-265048.isolateedinburgh-pg0.utah.cloudlab.us,2025-08-12T18:18:50.661866888Z,1755022730661,50060,10012.0,4.77,0.9,8.0,1,2,2,6
producer-1.pitur-265048.isolateedinburgh-pg0.utah.cloudlab.us,2025-08-12T18:18:55.666550092Z,1755022735666,50040,10008.0,4.77,3.9,131.0,1,2,106,129
producer-1.pitur-265048.isolateedinburgh-pg0.utah.cloudlab.us,2025-08-12T18:19:00.670431697Z,1755022740670,50040,10008.0,4.77,0.9,7.0,1,2,2,7
producer-1.pitur-265048.isolateedinburgh-pg0.utah.cloudlab.us,2025-08-12T18:19:05.676446375Z,1755022745676,50060,10010.0,4.77,0.9,10.0,1,2,2,7
producer-1.pitur-265048.isolateedinburgh-pg0.utah.cloudlab.us,2025-08-12T18:19:10.682472730Z,1755022750682,50059,10009.8,4.77,0.9,11.0,1,2,2,8
producer-1.pitur-265048.isolateedinburgh-pg0.utah.cloudlab.us,2025-08-12T18:19:15.686030557Z,1755022755686,50039,10007.8,4.77,1.0,8.0,1,2,2,7
producer-1.pitur-265048.isolateedinburgh-pg0.utah.cloudlab.us,2025-08-12T18:19:20.690362166Z,1755022760690,50041,10008.2,4.77,0.9,9.0,1,2,2,8
