hostname,timestamp_iso,timestamp_ms,records_sent,recs_per_sec,mb_per_sec,avg_latency,max_latency,p50,p95,p99,p999
producer-1.pitur-265048.isolateedinburgh-pg0.utah.cloudlab.us,2025-08-12T18:09:10.023176371Z,1755022150023,49992,9996.4,4.77,39.3,420.0,1,246,296,306
producer-1.pitur-265048.isolateedinburgh-pg0.utah.cloudlab.us,2025-08-12T18:09:15.055546073Z,1755022155055,50320,10064.0,4.80,1.2,39.0,1,2,6,35
producer-1.pitur-265048.isolateedinburgh-pg0.utah.cloudlab.us,2025-08-12T18:09:20.067642501Z,1755022160067,50120,10024.0,4.78,1.0,16.0,1,2,2,12
producer-1.pitur-265048.isolateedinburgh-pg0.utah.cloudlab.us,2025-08-12T18:09:25.079246611Z,1755022165079,50113,10018.6,4.78,0.9,14.0,1,2,2,9
producer-1.pitur-265048.isolateedinburgh-pg0.utah.cloudlab.us,2025-08-12T18:09:30.087195025Z,1755022170087,50080,10016.0,4.78,1.0,15.0,1,2,4,12
producer-1.pitur-265048.isolateedinburgh-pg0.utah.cloudlab.us,2025-08-12T18:09:35.092140905Z,1755022175092,50064,10012.8,4.77,1.0,10.0,1,2,2,9
producer-1.pitur-265048.isolateedinburgh-pg0.utah.cloudlab.us,2025-08-12T18:09:40.101751417Z,1755022180101,50083,10016.6,4.78,0.9,13.0,1,2,2,10
producer-1.pitur-265048.isolateedinburgh-pg0.utah.cloudlab.us,2025-08-12T18:09:45.107951942Z,1755022185107,50060,10012.0,4.77,0.8,9.0,1,1,2,7
producer-1.pitur-265048.isolateedinburgh-pg0.utah.cloudlab.us,2025-08-12T18:09:50.114051188Z,1755022190114,50070,10012.0,4.77,18.7,316.0,1,187,285,313
producer-1.pitur-265048.isolateedinburgh-pg0.utah.cloudlab.us,2025-08-12T18:09:55.120370309Z,1755022195120,50060,10010.0,4.77,0.9,8.0,1,2,2,8
producer-1.pitur-265048.isolateedinburgh-pg0.utah.cloudlab.us,2025-08-12T18:10:00.125772873Z,1755022200125,50050,10010.0,4.77,0.8,9.0,1,1,2,7
producer-1.pitur-265048.isolateedinburgh-pg0.utah.cloudlab.us,2025-08-12T18:10:05.131079371Z,1755022205131,50060,10012.0,4.77,0.8,10.0,1,1,2,7
producer-1.pitur-265048.isolateedinburgh-pg0.utah.cloudlab.us,2025-08-12T18:10:10.136410641Z,1755022210136,50050,10008.0,4.77,18.1,339.0,1,172,306,336
producer-1.pitur-265048.isolateedinburgh-pg0.utah.cloudlab.us,2025-08-12T18:10:15.141073483Z,1755022215141,50048,10007.6,4.77,1.0,8.0,1,2,2,7
producer-1.pitur-265048.isolateedinburgh-pg0.utah.cloudlab.us,2025-08-12T18:10:20.148066541Z,1755022220148,50072,10014.4,4.78,1.0,11.0,1,2,3,8
producer-1.pitur-265048.isolateedinburgh-pg0.utah.cloudlab.us,2025-08-12T18:10:25.154519177Z,1755022225154,50060,10012.0,4.77,0.9,10.0,1,2,2,8
producer-1.pitur-265048.isolateedinburgh-pg0.utah.cloudlab.us,2025-08-12T18:10:30.159610280Z,1755022230159,50050,10008.0,4.77,10.0,242.0,1,77,207,239
producer-1.pitur-265048.isolateedinburgh-pg0.utah.cloudlab.us,2025-08-12T18:10:35.165523648Z,1755022235165,50060,10012.0,4.77,0.9,9.0,1,2,2,6
producer-1.pitur-265048.isolateedinburgh-pg0.utah.cloudlab.us,2025-08-12T18:10:40.170283468Z,1755022240170,50053,10010.6,4.77,1.0,9.0,1,2,2,8
producer-1.pitur-265048.isolateedinburgh-pg0.utah.cloudlab.us,2025-08-12T18:10:45.176441719Z,1755022245176,50059,10011.8,4.77,0.9,9.0,1,2,2,7
producer-1.pitur-265048.isolateedinburgh-pg0.utah.cloudlab.us,2025-08-12T18:10:50.181623974Z,1755022250181,50053,10010.6,4.77,0.9,9.0,1,2,2,7
producer-1.pitur-265048.isolateedinburgh-pg0.utah.cloudlab.us,2025-08-12T18:10:55.188236420Z,1755022255188,50065,10011.0,4.77,0.9,9.0,1,2,2,8
producer-1.pitur-265048.isolateedinburgh-pg0.utah.cloudlab.us,2025-08-12T18:11:00.194672527Z,1755022260194,50060,10010.0,4.77,0.9,8.0,1,2,2,7
producer-1.pitur-265048.isolateedinburgh-pg0.utah.cloudlab.us,2025-08-12T18:11:05.200034956Z,1755022265200,50049,10009.8,4.77,1.0,9.0,1,2,2,7
producer-1.pitur-265048.isolateedinburgh-pg0.utah.cloudlab.us,2025-08-12T18:11:10.204151234Z,1755022270204,50050,10010.0,4.77,0.9,9.0,1,2,2,7
producer-1.pitur-265048.isolateedinburgh-pg0.utah.cloudlab.us,2025-08-12T18:11:15.210680414Z,1755022275210,50061,10010.2,4.77,0.9,10.0,1,2,2,7
producer-1.pitur-265048.isolateedinburgh-pg0.utah.cloudlab.us,2025-08-12T18:11:20.216598381Z,1755022280216,50060,10012.0,4.77,1.0,10.0,1,2,2,7
producer-1.pitur-265048.isolateedinburgh-pg0.utah.cloudlab.us,2025-08-12T18:11:25.221813624Z,1755022285221,50048,10009.6,4.77,1.0,7.0,1,2,2,7
producer-1.pitur-265048.isolateedinburgh-pg0.utah.cloudlab.us,2025-08-12T18:11:30.227889005Z,1755022290227,50062,10010.4,4.77,0.9,10.0,1,2,2,8
producer-1.pitur-265048.isolateedinburgh-pg0.utah.cloudlab.us,2025-08-12T18:11:35.233989824Z,1755022295233,50069,10013.8,4.77,11.0,248.0,1,91,216,245
producer-1.pitur-265048.isolateedinburgh-pg0.utah.cloudlab.us,2025-08-12T18:11:40.238330549Z,1755022300238,50057,10011.4,4.77,1.0,8.0,1,2,2,7
producer-1.pitur-265048.isolateedinburgh-pg0.utah.cloudlab.us,2025-08-12T18:11:45.243328083Z,1755022305243,50033,10006.6,4.77,0.8,12.0,1,2,2,7
producer-1.pitur-265048.isolateedinburgh-pg0.utah.cloudlab.us,2025-08-12T18:11:50.249280188Z,1755022310249,50061,10008.2,4.77,0.9,10.0,1,2,2,7
producer-1.pitur-265048.isolateedinburgh-pg0.utah.cloudlab.us,2025-08-12T18:11:55.253338284Z,1755022315253,50040,10008.0,4.77,35.6,465.0,1,311,445,462
producer-1.pitur-265048.isolateedinburgh-pg0.utah.cloudlab.us,2025-08-12T18:12:00.261230367Z,1755022320261,50080,10012.0,4.77,1.0,9.0,1,2,2,7
producer-1.pitur-265048.isolateedinburgh-pg0.utah.cloudlab.us,2025-08-12T18:12:05.266279322Z,1755022325266,50050,10010.0,4.77,0.9,9.0,1,2,2,6
producer-1.pitur-265048.isolateedinburgh-pg0.utah.cloudlab.us,2025-08-12T18:12:10.272076346Z,1755022330272,50053,10010.6,4.77,0.8,12.0,1,2,2,6
producer-1.pitur-265048.isolateedinburgh-pg0.utah.cloudlab.us,2025-08-12T18:12:15.275218461Z,1755022335275,50035,10007.0,4.77,22.7,382.0,1,215,352,378
producer-1.pitur-265048.isolateedinburgh-pg0.utah.cloudlab.us,2025-08-12T18:12:20.281358722Z,1755022340281,50062,10010.4,4.77,0.8,8.0,1,1,2,8
producer-1.pitur-265048.isolateedinburgh-pg0.utah.cloudlab.us,2025-08-12T18:12:25.288058317Z,1755022345288,50060,10008.0,4.77,1.1,8.0,1,2,2,8
producer-1.pitur-265048.isolateedinburgh-pg0.utah.cloudlab.us,2025-08-12T18:12:30.293329402Z,1755022350293,50050,10010.0,4.77,1.0,10.0,1,2,2,7
producer-1.pitur-265048.isolateedinburgh-pg0.utah.cloudlab.us,2025-08-12T18:12:35.298602921Z,1755022355298,50060,10010.0,4.77,1.0,16.0,1,2,2,6
producer-1.pitur-265048.isolateedinburgh-pg0.utah.cloudlab.us,2025-08-12T18:12:40.303624366Z,1755022360303,50049,10007.8,4.77,1.1,8.0,1,2,2,6
producer-1.pitur-265048.isolateedinburgh-pg0.utah.cloudlab.us,2025-08-12T18:12:45.308679104Z,1755022365308,50052,10010.4,4.77,1.0,9.0,1,2,2,7
producer-1.pitur-265048.isolateedinburgh-pg0.utah.cloudlab.us,2025-08-12T18:12:50.314281676Z,1755022370314,50058,10009.6,4.77,1.2,9.0,1,2,3,7
producer-1.pitur-265048.isolateedinburgh-pg0.utah.cloudlab.us,2025-08-12T18:12:55.319834644Z,1755022375319,50054,10010.8,4.77,1.1,9.0,1,2,3,7
producer-1.pitur-265048.isolateedinburgh-pg0.utah.cloudlab.us,2025-08-12T18:13:00.325162946Z,1755022380325,50051,10010.2,4.77,1.1,14.0,1,2,3,8
producer-1.pitur-265048.isolateedinburgh-pg0.utah.cloudlab.us,2025-08-12T18:13:05.329995955Z,1755022385329,50045,10009.0,4.77,1.1,7.0,1,2,3,7
producer-1.pitur-265048.isolateedinburgh-pg0.utah.cloudlab.us,2025-08-12T18:13:10.334688587Z,1755022390334,50051,10010.2,4.77,1.0,9.0,1,2,2,7
producer-1.pitur-265048.isolateedinburgh-pg0.utah.cloudlab.us,2025-08-12T18:13:15.340717792Z,1755022395340,50059,10011.8,4.77,1.1,9.0,1,2,3,7
producer-1.pitur-265048.isolateedinburgh-pg0.utah.cloudlab.us,2025-08-12T18:13:20.347273211Z,1755022400347,50070,10012.0,4.77,7.3,190.0,1,45,168,189
producer-1.pitur-265048.isolateedinburgh-pg0.utah.cloudlab.us,2025-08-12T18:13:25.352765998Z,1755022405352,50051,10010.2,4.77,1.0,14.0,1,2,3,7
producer-1.pitur-265048.isolateedinburgh-pg0.utah.cloudlab.us,2025-08-12T18:13:30.357143055Z,1755022410357,50040,10006.0,4.77,0.9,7.0,1,2,2,6
producer-1.pitur-265048.isolateedinburgh-pg0.utah.cloudlab.us,2025-08-12T18:13:35.362299561Z,1755022415362,50062,10012.4,4.77,0.9,9.0,1,2,2,8
producer-1.pitur-265048.isolateedinburgh-pg0.utah.cloudlab.us,2025-08-12T18:13:40.367992147Z,1755022420367,50048,10007.6,4.77,9.6,178.0,1,86,146,174
producer-1.pitur-265048.isolateedinburgh-pg0.utah.cloudlab.us,2025-08-12T18:13:45.375193308Z,1755022425375,50030,10002.0,4.77,1.0,9.0,1,2,2,8
producer-1.pitur-265048.isolateedinburgh-pg0.utah.cloudlab.us,2025-08-12T18:13:50.380664667Z,1755022430380,50100,10020.0,4.78,1.0,16.0,1,2,2,11
producer-1.pitur-265048.isolateedinburgh-pg0.utah.cloudlab.us,2025-08-12T18:13:55.383246647Z,1755022435383,50039,10007.8,4.77,0.9,11.0,1,2,2,10
producer-1.pitur-265048.isolateedinburgh-pg0.utah.cloudlab.us,2025-08-12T18:14:00.388422561Z,1755022440388,50040,10008.0,4.77,3.5,122.0,1,2,94,118
producer-1.pitur-265048.isolateedinburgh-pg0.utah.cloudlab.us,2025-08-12T18:14:05.393030987Z,1755022445393,50029,10005.8,4.77,1.1,9.0,1,2,2,7
producer-1.pitur-265048.isolateedinburgh-pg0.utah.cloudlab.us,2025-08-12T18:14:10.398467482Z,1755022450398,50072,10012.4,4.77,1.1,9.0,1,2,2,8
producer-1.pitur-265048.isolateedinburgh-pg0.utah.cloudlab.us,2025-08-12T18:14:15.404499389Z,1755022455404,50050,10008.0,4.77,0.9,15.0,1,2,2,8
producer-1.pitur-265048.isolateedinburgh-pg0.utah.cloudlab.us,2025-08-12T18:14:20.408688463Z,1755022460408,50050,10010.0,4.77,1.7,61.0,1,2,35,60
producer-1.pitur-265048.isolateedinburgh-pg0.utah.cloudlab.us,2025-08-12T18:14:25.414584157Z,1755022465414,50060,10010.0,4.77,0.9,9.0,1,2,2,6
producer-1.pitur-265048.isolateedinburgh-pg0.utah.cloudlab.us,2025-08-12T18:14:30.420367222Z,1755022470420,50054,10010.8,4.77,1.0,8.0,1,2,2,7
producer-1.pitur-265048.isolateedinburgh-pg0.utah.cloudlab.us,2025-08-12T18:14:35.426363646Z,1755022475426,50066,10011.2,4.77,0.9,11.0,1,2,2,8
producer-1.pitur-265048.isolateedinburgh-pg0.utah.cloudlab.us,2025-08-12T18:14:40.431435457Z,1755022480431,50045,10009.0,4.77,0.8,17.0,1,2,2,7
producer-1.pitur-265048.isolateedinburgh-pg0.utah.cloudlab.us,2025-08-12T18:14:45.434391265Z,1755022485434,50031,10006.2,4.77,0.9,7.0,1,2,2,6
producer-1.pitur-265048.isolateedinburgh-pg0.utah.cloudlab.us,2025-08-12T18:14:50.439643164Z,1755022490439,50054,10008.8,4.77,1.0,8.0,1,2,2,7
producer-1.pitur-265048.isolateedinburgh-pg0.utah.cloudlab.us,2025-08-12T18:14:55.445113541Z,1755022495445,50069,10013.8,4.77,0.9,9.0,1,2,2,7
producer-1.pitur-265048.isolateedinburgh-pg0.utah.cloudlab.us,2025-08-12T18:15:00.451554494Z,1755022500451,50051,10008.2,4.77,0.7,8.0,1,1,2,7
producer-1.pitur-265048.isolateedinburgh-pg0.utah.cloudlab.us,2025-08-12T18:15:05.456993087Z,1755022505456,50050,10010.0,4.77,0.8,16.0,1,1,2,13
producer-1.pitur-265048.isolateedinburgh-pg0.utah.cloudlab.us,2025-08-12T18:15:10.463585738Z,1755022510463,50070,10012.0,4.77,1.0,10.0,1,2,2,8
producer-1.pitur-265048.isolateedinburgh-pg0.utah.cloudlab.us,2025-08-12T18:15:15.470971125Z,1755022515470,50063,10008.6,4.77,0.8,9.0,1,2,2,6
producer-1.pitur-265048.isolateedinburgh-pg0.utah.cloudlab.us,2025-08-12T18:15:20.476861415Z,1755022520476,50067,10013.4,4.77,0.8,9.0,1,1,2,7
producer-1.pitur-265048.isolateedinburgh-pg0.utah.cloudlab.us,2025-08-12T18:15:25.482501269Z,1755022525482,50060,10012.0,4.77,11.7,279.0,1,103,249,276
producer-1.pitur-265048.isolateedinburgh-pg0.utah.cloudlab.us,2025-08-12T18:15:30.487384645Z,1755022530487,50050,10010.0,4.77,1.0,9.0,1,2,2,8
producer-1.pitur-265048.isolateedinburgh-pg0.utah.cloudlab.us,2025-08-12T18:15:35.492030723Z,1755022535492,50052,10010.4,4.77,0.8,9.0,1,2,2,7
producer-1.pitur-265048.isolateedinburgh-pg0.utah.cloudlab.us,2025-08-12T18:15:40.497413148Z,1755022540497,50038,10003.6,4.77,0.9,8.0,1,2,2,5
producer-1.pitur-265048.isolateedinburgh-pg0.utah.cloudlab.us,2025-08-12T18:15:45.502157578Z,1755022545502,50053,10010.6,4.77,7.9,213.0,1,43,183,209
producer-1.pitur-265048.isolateedinburgh-pg0.utah.cloudlab.us,2025-08-12T18:15:50.508198517Z,1755022550508,50057,10011.4,4.77,0.9,9.0,1,2,2,7
producer-1.pitur-265048.isolateedinburgh-pg0.utah.cloudlab.us,2025-08-12T18:15:55.513664442Z,1755022555513,50059,10011.8,4.77,0.9,9.0,1,2,2,8
producer-1.pitur-265048.isolateedinburgh-pg0.utah.cloudlab.us,2025-08-12T18:16:00.518437600Z,1755022560518,50045,10009.0,4.77,1.0,10.0,1,2,2,8
producer-1.pitur-265048.isolateedinburgh-pg0.utah.cloudlab.us,2025-08-12T18:16:05.522698701Z,1755022565522,50046,10009.2,4.77,5.7,177.0,1,8,150,175
producer-1.pitur-265048.isolateedinburgh-pg0.utah.cloudlab.us,2025-08-12T18:16:10.526594036Z,1755022570526,50040,10008.0,4.77,1.0,8.0,1,2,2,8
producer-1.pitur-265048.isolateedinburgh-pg0.utah.cloudlab.us,2025-08-12T18:16:15.533321741Z,1755022575533,50069,10009.8,4.77,0.8,9.0,1,2,2,7
producer-1.pitur-265048.isolateedinburgh-pg0.utah.cloudlab.us,2025-08-12T18:16:20.538453564Z,1755022580538,50051,10008.2,4.77,0.9,9.0,1,2,2,7
producer-1.pitur-265048.isolateedinburgh-pg0.utah.cloudlab.us,2025-08-12T18:16:25.542362171Z,1755022585542,50040,10008.0,4.77,11.7,245.0,1,88,218,243
producer-1.pitur-265048.isolateedinburgh-pg0.utah.cloudlab.us,2025-08-12T18:16:30.547618490Z,1755022590547,50049,10009.8,4.77,0.8,7.0,1,1,2,6
producer-1.pitur-265048.isolateedinburgh-pg0.utah.cloudlab.us,2025-08-12T18:16:35.552718105Z,1755022595552,50051,10008.2,4.77,0.8,8.0,1,1,2,7
producer-1.pitur-265048.isolateedinburgh-pg0.utah.cloudlab.us,2025-08-12T18:16:40.558163324Z,1755022600558,50060,10010.0,4.77,0.9,8.0,1,2,2,6
producer-1.pitur-265048.isolateedinburgh-pg0.utah.cloudlab.us,2025-08-12T18:16:45.562703351Z,1755022605562,50040,10008.0,4.77,1.0,7.0,1,2,2,6
producer-1.pitur-265048.isolateedinburgh-pg0.utah.cloudlab.us,2025-08-12T18:16:50.566255315Z,1755022610566,50040,10008.0,4.77,1.0,17.0,1,2,2,6
producer-1.pitur-265048.isolateedinburgh-pg0.utah.cloudlab.us,2025-08-12T18:16:55.570610284Z,1755022615570,50040,10006.0,4.77,1.0,8.0,1,2,2,6
producer-1.pitur-265048.isolateedinburgh-pg0.utah.cloudlab.us,2025-08-12T18:17:00.575645793Z,1755022620575,50050,10010.0,4.77,0.9,9.0,1,2,2,7
producer-1.pitur-265048.isolateedinburgh-pg0.utah.cloudlab.us,2025-08-12T18:17:05.581875105Z,1755022625581,50060,10010.0,4.77,0.9,9.0,1,2,2,8
producer-1.pitur-265048.isolateedinburgh-pg0.utah.cloudlab.us,2025-08-12T18:17:10.587536577Z,1755022630587,50078,10015.6,4.78,0.8,8.0,1,1,2,8
producer-1.pitur-265048.isolateedinburgh-pg0.utah.cloudlab.us,2025-08-12T18:17:15.594073188Z,1755022635594,50051,10008.2,4.77,0.8,13.0,1,1,2,6
producer-1.pitur-265048.isolateedinburgh-pg0.utah.cloudlab.us,2025-08-12T18:17:20.598147680Z,1755022640598,50040,10006.0,4.77,0.8,7.0,1,1,2,6
producer-1.pitur-265048.isolateedinburgh-pg0.utah.cloudlab.us,2025-08-12T18:17:25.603361125Z,1755022645603,50050,10008.0,4.77,0.9,8.0,1,2,2,7
producer-1.pitur-265048.isolateedinburgh-pg0.utah.cloudlab.us,2025-08-12T18:17:30.607383759Z,1755022650607,50038,10007.6,4.77,18.3,337.0,1,174,304,334
producer-1.pitur-265048.isolateedinburgh-pg0.utah.cloudlab.us,2025-08-12T18:17:35.612948787Z,1755022655612,50055,10011.0,4.77,0.9,8.0,1,2,2,7
producer-1.pitur-265048.isolateedinburgh-pg0.utah.cloudlab.us,2025-08-12T18:17:40.618718323Z,1755022660618,50058,10009.6,4.77,0.9,14.0,1,2,2,7
producer-1.pitur-265048.isolateedinburgh-pg0.utah.cloudlab.us,2025-08-12T18:17:45.622095866Z,1755022665622,50030,10006.0,4.77,0.8,6.0,1,1,2,5
producer-1.pitur-265048.isolateedinburgh-pg0.utah.cloudlab.us,2025-08-12T18:17:50.626916329Z,1755022670626,50060,10012.0,4.77,0.8,8.0,1,1,2,7
producer-1.pitur-265048.isolateedinburgh-pg0.utah.cloudlab.us,2025-08-12T18:17:55.632215282Z,1755022675632,50050,10006.0,4.77,0.8,7.0,1,1,2,6
producer-1.pitur-265048.isolateedinburgh-pg0.utah.cloudlab.us,2025-08-12T18:18:00.637961788Z,1755022680637,50050,10010.0,4.77,0.8,9.0,1,1,2,7
producer-1.pitur-265048.isolateedinburgh-pg0.utah.cloudlab.us,2025-08-12T18:18:05.643420036Z,1755022685643,50060,10010.0,4.77,0.9,9.0,1,2,2,7
producer-1.pitur-265048.isolateedinburgh-pg0.utah.cloudlab.us,2025-08-12T18:18:10.648735757Z,1755022690648,50050,10010.0,4.77,0.8,8.0,1,2,2,7
producer-1.pitur-265048.isolateedinburgh-pg0.utah.cloudlab.us,2025-08-12T18:18:15.654649757Z,1755022695654,50059,10009.8,4.77,0.9,7.0,1,2,2,6
producer-1.pitur-265048.isolateedinburgh-pg0.utah.cloudlab.us,2025-08-12T18:18:20.659396761Z,1755022700659,50050,10008.0,4.77,0.9,8.0,1,2,2,6
producer-1.pitur-265048.isolateedinburgh-pg0.utah.cloudlab.us,2025-08-12T18:18:25.665992310Z,1755022705665,50061,10010.2,4.77,0.8,9.0,1,1,2,7
producer-1.pitur-265048.isolateedinburgh-pg0.utah.cloudlab.us,2025-08-12T18:18:30.670679737Z,1755022710670,50050,10010.0,4.77,0.8,8.0,1,1,2,6
producer-1.pitur-265048.isolateedinburgh-pg0.utah.cloudlab.us,2025-08-12T18:18:35.676124157Z,1755022715676,50050,10006.0,4.77,0.8,10.0,1,1,2,7
producer-1.pitur-265048.isolateedinburgh-pg0.utah.cloudlab.us,2025-08-12T18:18:40.680198058Z,1755022720680,50049,10009.8,4.77,0.9,8.0,1,2,2,6
producer-1.pitur-265048.isolateedinburgh-pg0.utah.cloudlab.us,2025-08-12T18:18:45.685805970Z,1755022725685,50051,10010.2,4.77,1.0,9.0,1,2,2,8
producer-1.pitur-265048.isolateedinburgh-pg0.utah.cloudlab.us,2025-08-12T18:18:50.692050814Z,1755022730692,50060,10008.0,4.77,0.9,9.0,1,2,2,7
producer-1.pitur-265048.isolateedinburgh-pg0.utah.cloudlab.us,2025-08-12T18:18:55.698791655Z,1755022735698,50070,10012.0,4.77,3.4,129.0,1,2,96,125
producer-1.pitur-265048.isolateedinburgh-pg0.utah.cloudlab.us,2025-08-12T18:19:00.706094115Z,1755022740706,50070,10010.0,4.77,0.9,9.0,1,2,2,7
producer-1.pitur-265048.isolateedinburgh-pg0.utah.cloudlab.us,2025-08-12T18:19:05.710107814Z,1755022745710,50050,10008.0,4.77,0.8,8.0,1,2,2,6
producer-1.pitur-265048.isolateedinburgh-pg0.utah.cloudlab.us,2025-08-12T18:19:10.716666186Z,1755022750716,50060,10010.0,4.77,0.8,14.0,1,1,2,10
producer-1.pitur-265048.isolateedinburgh-pg0.utah.cloudlab.us,2025-08-12T18:19:15.721119414Z,1755022755721,50042,10008.4,4.77,0.9,9.0,1,2,2,7
producer-1.pitur-265048.isolateedinburgh-pg0.utah.cloudlab.us,2025-08-12T18:19:20.726599628Z,1755022760726,50058,10009.6,4.77,0.9,9.0,1,2,2,8
