hostname,timestamp_iso,timestamp_ms,records_sent,recs_per_sec,mb_per_sec,avg_latency,max_latency,p50,p95,p99,p999
producer-1.pitur-265048.isolateedinburgh-pg0.utah.cloudlab.us,2025-08-12T20:10:21.770869715Z,1755029421770,49981,9996.2,4.77,7.9,3289.0,5,26,44,61
producer-1.pitur-265048.isolateedinburgh-pg0.utah.cloudlab.us,2025-08-12T20:10:26.797672202Z,1755029426797,50261,10050.2,4.79,1.9,33.0,1,4,13,30
producer-1.pitur-265048.isolateedinburgh-pg0.utah.cloudlab.us,2025-08-12T20:10:31.803319751Z,1755029431803,50060,10010.0,4.77,1.6,14.0,1,3,7,13
producer-1.pitur-265048.isolateedinburgh-pg0.utah.cloudlab.us,2025-08-12T20:10:36.812636595Z,1755029436812,50090,10018.0,4.78,1.7,16.0,1,3,8,11
producer-1.pitur-265048.isolateedinburgh-pg0.utah.cloudlab.us,2025-08-12T20:10:41.817061411Z,1755029441817,50049,10009.8,4.77,1.7,17.0,2,3,7,12
producer-1.pitur-265048.isolateedinburgh-pg0.utah.cloudlab.us,2025-08-12T20:10:46.821741091Z,1755029446821,50050,10008.0,4.77,1.6,16.0,1,3,7,13
producer-1.pitur-265048.isolateedinburgh-pg0.utah.cloudlab.us,2025-08-12T20:10:51.825430260Z,1755029451825,50031,10006.2,4.77,1.7,12.0,1,3,8,12
producer-1.pitur-265048.isolateedinburgh-pg0.utah.cloudlab.us,2025-08-12T20:10:56.832953097Z,1755029456832,50070,10014.0,4.78,2.0,61.0,2,3,11,59
producer-1.pitur-265048.isolateedinburgh-pg0.utah.cloudlab.us,2025-08-12T20:11:01.836312980Z,1755029461836,50040,10008.0,4.77,1.6,16.0,1,3,7,12
producer-1.pitur-265048.isolateedinburgh-pg0.utah.cloudlab.us,2025-08-12T20:11:06.841119973Z,1755029466841,50050,10008.0,4.77,1.6,24.0,1,2,9,22
producer-1.pitur-265048.isolateedinburgh-pg0.utah.cloudlab.us,2025-08-12T20:11:11.844759390Z,1755029471844,50036,10007.2,4.77,1.7,17.0,1,3,9,13
producer-1.pitur-265048.isolateedinburgh-pg0.utah.cloudlab.us,2025-08-12T20:11:16.849721912Z,1755029476849,50044,10006.8,4.77,1.7,20.0,1,3,8,14
producer-1.pitur-265048.isolateedinburgh-pg0.utah.cloudlab.us,2025-08-12T20:11:21.854300208Z,1755029481854,50050,10008.0,4.77,1.7,16.0,1,3,9,11
producer-1.pitur-265048.isolateedinburgh-pg0.utah.cloudlab.us,2025-08-12T20:11:26.858141142Z,1755029486858,50040,10006.0,4.77,1.8,44.0,1,3,9,41
producer-1.pitur-265048.isolateedinburgh-pg0.utah.cloudlab.us,2025-08-12T20:11:31.861104462Z,1755029491861,50029,10005.8,4.77,1.7,15.0,1,3,9,15
producer-1.pitur-265048.isolateedinburgh-pg0.utah.cloudlab.us,2025-08-12T20:11:36.863408759Z,1755029496863,50020,10004.0,4.77,1.7,13.0,1,3,8,12
producer-1.pitur-265048.isolateedinburgh-pg0.utah.cloudlab.us,2025-08-12T20:11:41.867799748Z,1755029501867,50041,10006.2,4.77,1.7,15.0,2,3,8,14
producer-1.pitur-265048.isolateedinburgh-pg0.utah.cloudlab.us,2025-08-12T20:11:46.870840803Z,1755029506870,50040,10008.0,4.77,1.7,15.0,2,3,8,11
producer-1.pitur-265048.isolateedinburgh-pg0.utah.cloudlab.us,2025-08-12T20:11:51.873666661Z,1755029511873,50023,10004.6,4.77,1.7,14.0,1,3,8,13
producer-1.pitur-265048.isolateedinburgh-pg0.utah.cloudlab.us,2025-08-12T20:11:56.877005723Z,1755029516877,50036,10005.2,4.77,1.7,16.0,2,3,8,13
producer-1.pitur-265048.isolateedinburgh-pg0.utah.cloudlab.us,2025-08-12T20:12:01.880303381Z,1755029521880,50031,10006.2,4.77,1.6,18.0,1,3,8,13
producer-1.pitur-265048.isolateedinburgh-pg0.utah.cloudlab.us,2025-08-12T20:12:06.884123094Z,1755029526884,50040,10006.0,4.77,1.7,17.0,1,3,8,15
producer-1.pitur-265048.isolateedinburgh-pg0.utah.cloudlab.us,2025-08-12T20:12:11.888505891Z,1755029531888,50040,10006.0,4.77,1.7,18.0,1,3,8,18
producer-1.pitur-265048.isolateedinburgh-pg0.utah.cloudlab.us,2025-08-12T20:12:16.891217193Z,1755029536891,49992,9998.4,4.77,1.7,18.0,1,3,7,11
producer-1.pitur-265048.isolateedinburgh-pg0.utah.cloudlab.us,2025-08-12T20:12:21.894269688Z,1755029541894,50052,10008.4,4.77,1.7,17.0,1,3,8,14
producer-1.pitur-265048.isolateedinburgh-pg0.utah.cloudlab.us,2025-08-12T20:12:26.896848062Z,1755029546896,50036,10007.2,4.77,1.6,16.0,1,3,8,13
producer-1.pitur-265048.isolateedinburgh-pg0.utah.cloudlab.us,2025-08-12T20:12:31.899844478Z,1755029551899,50040,10008.0,4.77,1.6,16.0,1,3,7,14
producer-1.pitur-265048.isolateedinburgh-pg0.utah.cloudlab.us,2025-08-12T20:12:36.903645857Z,1755029556903,50030,10004.0,4.77,1.7,13.0,1,3,7,11
producer-1.pitur-265048.isolateedinburgh-pg0.utah.cloudlab.us,2025-08-12T20:12:41.909423692Z,1755029561909,50060,10010.0,4.77,1.8,19.0,2,3,10,16
producer-1.pitur-265048.isolateedinburgh-pg0.utah.cloudlab.us,2025-08-12T20:12:46.913279959Z,1755029566913,50029,10003.8,4.77,1.7,18.0,1,3,8,14
producer-1.pitur-265048.isolateedinburgh-pg0.utah.cloudlab.us,2025-08-12T20:12:51.916126593Z,1755029571916,50041,10008.2,4.77,1.7,19.0,1,3,9,17
producer-1.pitur-265048.isolateedinburgh-pg0.utah.cloudlab.us,2025-08-12T20:12:56.918287863Z,1755029576918,50020,10004.0,4.77,1.7,14.0,1,3,9,13
producer-1.pitur-265048.isolateedinburgh-pg0.utah.cloudlab.us,2025-08-12T20:13:01.921095327Z,1755029581921,50029,10005.8,4.77,1.7,17.0,2,3,8,10
producer-1.pitur-265048.isolateedinburgh-pg0.utah.cloudlab.us,2025-08-12T20:13:06.926113017Z,1755029586926,50051,10006.2,4.77,1.6,17.0,1,3,7,13
producer-1.pitur-265048.isolateedinburgh-pg0.utah.cloudlab.us,2025-08-12T20:13:11.931212105Z,1755029591931,50030,10002.0,4.77,1.7,24.0,1,3,9,22
producer-1.pitur-265048.isolateedinburgh-pg0.utah.cloudlab.us,2025-08-12T20:13:16.935035147Z,1755029596935,50060,10010.0,4.77,1.7,16.0,2,3,8,12
producer-1.pitur-265048.isolateedinburgh-pg0.utah.cloudlab.us,2025-08-12T20:13:21.939504115Z,1755029601939,50040,10006.0,4.77,1.7,19.0,1,3,9,17
producer-1.pitur-265048.isolateedinburgh-pg0.utah.cloudlab.us,2025-08-12T20:13:26.943068423Z,1755029606943,50040,10006.0,4.77,1.7,15.0,1,3,9,14
producer-1.pitur-265048.isolateedinburgh-pg0.utah.cloudlab.us,2025-08-12T20:13:31.947144174Z,1755029611947,50039,10005.8,4.77,1.7,16.0,1,3,10,14
producer-1.pitur-265048.isolateedinburgh-pg0.utah.cloudlab.us,2025-08-12T20:13:36.950964258Z,1755029616950,50031,10006.2,4.77,1.7,14.0,1,3,9,14
producer-1.pitur-265048.isolateedinburgh-pg0.utah.cloudlab.us,2025-08-12T20:13:41.955079638Z,1755029621955,50049,10007.8,4.77,1.7,16.0,1,3,8,16
producer-1.pitur-265048.isolateedinburgh-pg0.utah.cloudlab.us,2025-08-12T20:13:46.959164278Z,1755029626959,50041,10006.2,4.77,1.7,14.0,1,3,8,14
producer-1.pitur-265048.isolateedinburgh-pg0.utah.cloudlab.us,2025-08-12T20:13:51.963547420Z,1755029631963,50040,10008.0,4.77,1.8,16.0,2,3,9,15
producer-1.pitur-265048.isolateedinburgh-pg0.utah.cloudlab.us,2025-08-12T20:13:56.968064687Z,1755029636968,50049,10005.8,4.77,1.7,15.0,1,3,9,11
producer-1.pitur-265048.isolateedinburgh-pg0.utah.cloudlab.us,2025-08-12T20:14:01.970053516Z,1755029641970,50011,10002.2,4.77,1.7,15.0,1,3,9,14
producer-1.pitur-265048.isolateedinburgh-pg0.utah.cloudlab.us,2025-08-12T20:14:06.975151093Z,1755029646975,50050,10008.0,4.77,1.8,18.0,2,3,9,16
producer-1.pitur-265048.isolateedinburgh-pg0.utah.cloudlab.us,2025-08-12T20:14:11.979028712Z,1755029651979,50049,10005.8,4.77,1.7,16.0,1,3,9,15
producer-1.pitur-265048.isolateedinburgh-pg0.utah.cloudlab.us,2025-08-12T20:14:16.981528832Z,1755029656981,50020,10004.0,4.77,1.7,18.0,1,3,8,16
producer-1.pitur-265048.isolateedinburgh-pg0.utah.cloudlab.us,2025-08-12T20:14:21.986307096Z,1755029661986,50020,10002.0,4.77,1.8,24.0,2,3,9,21
producer-1.pitur-265048.isolateedinburgh-pg0.utah.cloudlab.us,2025-08-12T20:14:26.989258531Z,1755029666989,50061,10012.2,4.77,1.9,19.0,2,4,10,18
producer-1.pitur-265048.isolateedinburgh-pg0.utah.cloudlab.us,2025-08-12T20:14:31.994047325Z,1755029671994,50049,10005.8,4.77,1.7,17.0,1,3,8,14
producer-1.pitur-265048.isolateedinburgh-pg0.utah.cloudlab.us,2025-08-12T20:14:36.997133412Z,1755029676997,50021,10004.2,4.77,1.7,22.0,1,3,9,21
producer-1.pitur-265048.isolateedinburgh-pg0.utah.cloudlab.us,2025-08-12T20:14:42.002038400Z,1755029682002,50060,10012.0,4.77,1.8,22.0,2,3,9,20
producer-1.pitur-265048.isolateedinburgh-pg0.utah.cloudlab.us,2025-08-12T20:14:47.004815889Z,1755029687004,49969,9993.8,4.77,1.8,37.0,2,3,9,34
producer-1.pitur-265048.isolateedinburgh-pg0.utah.cloudlab.us,2025-08-12T20:14:52.010309676Z,1755029692010,50101,10014.2,4.78,1.7,17.0,2,3,8,13
producer-1.pitur-265048.isolateedinburgh-pg0.utah.cloudlab.us,2025-08-12T20:14:57.014577761Z,1755029697014,50050,10008.0,4.77,1.8,20.0,2,3,9,14
producer-1.pitur-265048.isolateedinburgh-pg0.utah.cloudlab.us,2025-08-12T20:15:02.018645284Z,1755029702018,50049,10007.8,4.77,1.7,16.0,2,3,9,15
producer-1.pitur-265048.isolateedinburgh-pg0.utah.cloudlab.us,2025-08-12T20:15:07.021830074Z,1755029707021,50031,10006.2,4.77,1.7,15.0,2,3,8,14
producer-1.pitur-265048.isolateedinburgh-pg0.utah.cloudlab.us,2025-08-12T20:15:12.026047378Z,1755029712026,50040,10004.0,4.77,1.8,44.0,2,3,9,42
producer-1.pitur-265048.isolateedinburgh-pg0.utah.cloudlab.us,2025-08-12T20:15:17.029213827Z,1755029717029,50030,10004.0,4.77,1.6,13.0,1,3,8,11
producer-1.pitur-265048.isolateedinburgh-pg0.utah.cloudlab.us,2025-08-12T20:15:22.033966439Z,1755029722033,50030,10004.0,4.77,1.7,19.0,1,3,8,16
producer-1.pitur-265048.isolateedinburgh-pg0.utah.cloudlab.us,2025-08-12T20:15:27.037335394Z,1755029727037,50050,10008.0,4.77,1.7,16.0,1,3,8,10
producer-1.pitur-265048.isolateedinburgh-pg0.utah.cloudlab.us,2025-08-12T20:15:32.040520260Z,1755029732040,50030,10004.0,4.77,1.8,18.0,2,3,10,15
producer-1.pitur-265048.isolateedinburgh-pg0.utah.cloudlab.us,2025-08-12T20:15:37.043366470Z,1755029737043,50030,10006.0,4.77,1.8,16.0,1,3,10,15
producer-1.pitur-265048.isolateedinburgh-pg0.utah.cloudlab.us,2025-08-12T20:15:42.047703605Z,1755029742047,50020,10002.0,4.77,1.8,38.0,1,3,10,36
producer-1.pitur-265048.isolateedinburgh-pg0.utah.cloudlab.us,2025-08-12T20:15:47.049029476Z,1755029747049,50039,10007.8,4.77,1.7,16.0,1,3,9,12
producer-1.pitur-265048.isolateedinburgh-pg0.utah.cloudlab.us,2025-08-12T20:15:52.052692058Z,1755029752052,50041,10006.2,4.77,1.9,36.0,2,4,10,34
producer-1.pitur-265048.isolateedinburgh-pg0.utah.cloudlab.us,2025-08-12T20:15:57.056004435Z,1755029757055,50030,10006.0,4.77,1.7,13.0,1,3,9,13
producer-1.pitur-265048.isolateedinburgh-pg0.utah.cloudlab.us,2025-08-12T20:16:02.059429039Z,1755029762059,50030,10004.0,4.77,1.7,17.0,1,3,9,14
producer-1.pitur-265048.isolateedinburgh-pg0.utah.cloudlab.us,2025-08-12T20:16:07.062514699Z,1755029767062,50030,10006.0,4.77,1.7,15.0,2,3,8,13
producer-1.pitur-265048.isolateedinburgh-pg0.utah.cloudlab.us,2025-08-12T20:16:12.065765932Z,1755029772065,50020,10002.0,4.77,1.7,18.0,1,3,10,13
producer-1.pitur-265048.isolateedinburgh-pg0.utah.cloudlab.us,2025-08-12T20:16:17.068214192Z,1755029777068,50040,10008.0,4.77,1.8,26.0,2,3,8,24
producer-1.pitur-265048.isolateedinburgh-pg0.utah.cloudlab.us,2025-08-12T20:16:22.071770092Z,1755029782071,50040,10006.0,4.77,1.7,16.0,1,3,9,14
producer-1.pitur-265048.isolateedinburgh-pg0.utah.cloudlab.us,2025-08-12T20:16:27.076042567Z,1755029787076,50030,10002.0,4.77,1.8,17.0,2,4,10,17
producer-1.pitur-265048.isolateedinburgh-pg0.utah.cloudlab.us,2025-08-12T20:16:32.079068536Z,1755029792079,50039,10005.8,4.77,1.7,16.0,1,3,9,14
producer-1.pitur-265048.isolateedinburgh-pg0.utah.cloudlab.us,2025-08-12T20:16:37.081576569Z,1755029797081,50021,10004.2,4.77,1.7,17.0,1,3,8,14
producer-1.pitur-265048.isolateedinburgh-pg0.utah.cloudlab.us,2025-08-12T20:16:42.086017715Z,1755029802086,50049,10005.8,4.77,1.7,19.0,2,3,8,16
producer-1.pitur-265048.isolateedinburgh-pg0.utah.cloudlab.us,2025-08-12T20:16:47.089129379Z,1755029807089,50031,10006.2,4.77,1.8,28.0,1,3,10,25
producer-1.pitur-265048.isolateedinburgh-pg0.utah.cloudlab.us,2025-08-12T20:16:52.092686802Z,1755029812092,50030,10006.0,4.77,1.6,11.0,1,2,6,10
producer-1.pitur-265048.isolateedinburgh-pg0.utah.cloudlab.us,2025-08-12T20:16:57.095478724Z,1755029817095,50030,10006.0,4.77,1.7,31.0,1,3,9,30
producer-1.pitur-265048.isolateedinburgh-pg0.utah.cloudlab.us,2025-08-12T20:17:02.098994625Z,1755029822098,50040,10008.0,4.77,1.7,18.0,1,3,10,16
producer-1.pitur-265048.isolateedinburgh-pg0.utah.cloudlab.us,2025-08-12T20:17:07.102247983Z,1755029827102,50030,10004.0,4.77,1.8,15.0,2,3,9,14
producer-1.pitur-265048.isolateedinburgh-pg0.utah.cloudlab.us,2025-08-12T20:17:12.106825634Z,1755029832106,50049,10007.8,4.77,1.7,16.0,1,3,8,13
producer-1.pitur-265048.isolateedinburgh-pg0.utah.cloudlab.us,2025-08-12T20:17:17.111156913Z,1755029837111,50041,10006.2,4.77,1.8,25.0,1,3,9,23
producer-1.pitur-265048.isolateedinburgh-pg0.utah.cloudlab.us,2025-08-12T20:17:22.115029429Z,1755029842115,50040,10006.0,4.77,1.7,15.0,2,3,8,11
producer-1.pitur-265048.isolateedinburgh-pg0.utah.cloudlab.us,2025-08-12T20:17:27.118008377Z,1755029847118,50030,10006.0,4.77,1.7,16.0,1,2,8,15
producer-1.pitur-265048.isolateedinburgh-pg0.utah.cloudlab.us,2025-08-12T20:17:32.122963478Z,1755029852122,50049,10007.8,4.77,1.8,18.0,2,3,9,16
producer-1.pitur-265048.isolateedinburgh-pg0.utah.cloudlab.us,2025-08-12T20:17:37.128228205Z,1755029857128,50031,10002.2,4.77,1.7,16.0,2,3,8,12
producer-1.pitur-265048.isolateedinburgh-pg0.utah.cloudlab.us,2025-08-12T20:17:42.139894373Z,1755029862139,49980,9980.0,4.76,1.7,17.0,1,3,9,14
producer-1.pitur-265048.isolateedinburgh-pg0.utah.cloudlab.us,2025-08-12T20:17:47.143425510Z,1755029867143,50158,10029.6,4.78,1.8,20.0,2,3,8,13
producer-1.pitur-265048.isolateedinburgh-pg0.utah.cloudlab.us,2025-08-12T20:17:52.145378737Z,1755029872145,50042,10008.4,4.77,1.7,15.0,1,3,8,14
producer-1.pitur-265048.isolateedinburgh-pg0.utah.cloudlab.us,2025-08-12T20:17:57.148180500Z,1755029877148,50030,10006.0,4.77,1.8,18.0,1,3,9,16
producer-1.pitur-265048.isolateedinburgh-pg0.utah.cloudlab.us,2025-08-12T20:18:02.157009008Z,1755029882157,49930,9972.0,4.76,1.7,18.0,1,3,8,10
producer-1.pitur-265048.isolateedinburgh-pg0.utah.cloudlab.us,2025-08-12T20:18:07.159435643Z,1755029887159,50040,10008.0,4.77,1.8,21.0,1,3,8,15
producer-1.pitur-265048.isolateedinburgh-pg0.utah.cloudlab.us,2025-08-12T20:18:12.161012950Z,1755029892161,50170,10034.0,4.78,1.7,16.0,1,3,9,15
producer-1.pitur-265048.isolateedinburgh-pg0.utah.cloudlab.us,2025-08-12T20:18:17.165168167Z,1755029897165,50040,10006.0,4.77,1.8,28.0,2,3,10,26
producer-1.pitur-265048.isolateedinburgh-pg0.utah.cloudlab.us,2025-08-12T20:18:22.168641627Z,1755029902168,50030,10004.0,4.77,1.8,22.0,2,3,8,21
producer-1.pitur-265048.isolateedinburgh-pg0.utah.cloudlab.us,2025-08-12T20:18:27.171066335Z,1755029907171,50020,10004.0,4.77,1.9,23.0,2,4,11,21
producer-1.pitur-265048.isolateedinburgh-pg0.utah.cloudlab.us,2025-08-12T20:18:32.176411208Z,1755029912176,50060,10008.0,4.77,1.7,13.0,1,3,9,13
producer-1.pitur-265048.isolateedinburgh-pg0.utah.cloudlab.us,2025-08-12T20:18:37.179581646Z,1755029917179,50039,10005.8,4.77,1.8,20.0,2,3,10,17
producer-1.pitur-265048.isolateedinburgh-pg0.utah.cloudlab.us,2025-08-12T20:18:42.182874761Z,1755029922182,50021,10004.2,4.77,1.8,25.0,2,3,9,16
producer-1.pitur-265048.isolateedinburgh-pg0.utah.cloudlab.us,2025-08-12T20:18:47.186685207Z,1755029927186,50040,10006.0,4.77,1.8,15.0,2,3,10,15
producer-1.pitur-265048.isolateedinburgh-pg0.utah.cloudlab.us,2025-08-12T20:18:52.189302955Z,1755029932189,50030,10006.0,4.77,1.7,26.0,1,3,8,14
producer-1.pitur-265048.isolateedinburgh-pg0.utah.cloudlab.us,2025-08-12T20:18:57.192600128Z,1755029937192,50029,10005.8,4.77,1.7,16.0,1,3,9,14
producer-1.pitur-265048.isolateedinburgh-pg0.utah.cloudlab.us,2025-08-12T20:19:02.201236417Z,1755029942201,50031,9996.2,4.77,1.6,13.0,1,3,8,11
producer-1.pitur-265048.isolateedinburgh-pg0.utah.cloudlab.us,2025-08-12T20:19:07.205685397Z,1755029947205,50100,10018.0,4.78,1.7,15.0,1,3,9,14
producer-1.pitur-265048.isolateedinburgh-pg0.utah.cloudlab.us,2025-08-12T20:19:12.208923300Z,1755029952208,50040,10008.0,4.77,1.6,17.0,1,3,7,11
producer-1.pitur-265048.isolateedinburgh-pg0.utah.cloudlab.us,2025-08-12T20:19:17.213002410Z,1755029957212,50039,10005.8,4.77,1.8,16.0,2,4,9,11
producer-1.pitur-265048.isolateedinburgh-pg0.utah.cloudlab.us,2025-08-12T20:19:22.216680955Z,1755029962216,50041,10008.2,4.77,1.8,20.0,2,4,9,13
producer-1.pitur-265048.isolateedinburgh-pg0.utah.cloudlab.us,2025-08-12T20:19:27.222478644Z,1755029967222,50030,10002.0,4.77,1.7,17.0,1,3,9,16
producer-1.pitur-265048.isolateedinburgh-pg0.utah.cloudlab.us,2025-08-12T20:19:32.227292878Z,1755029972227,50070,10010.0,4.77,1.7,21.0,1,3,8,18
producer-1.pitur-265048.isolateedinburgh-pg0.utah.cloudlab.us,2025-08-12T20:19:37.231067058Z,1755029977231,50038,10003.6,4.77,1.7,16.0,2,3,9,13
producer-1.pitur-265048.isolateedinburgh-pg0.utah.cloudlab.us,2025-08-12T20:19:42.233722882Z,1755029982233,50022,10004.4,4.77,1.7,14.0,1,3,8,13
producer-1.pitur-265048.isolateedinburgh-pg0.utah.cloudlab.us,2025-08-12T20:19:47.237126696Z,1755029987237,50039,10007.8,4.77,1.8,19.0,2,3,9,17
producer-1.pitur-265048.isolateedinburgh-pg0.utah.cloudlab.us,2025-08-12T20:19:52.240209020Z,1755029992240,50031,10006.2,4.77,1.7,16.0,1,3,8,12
producer-1.pitur-265048.isolateedinburgh-pg0.utah.cloudlab.us,2025-08-12T20:19:57.245316254Z,1755029997245,50030,10002.0,4.77,1.7,14.0,1,3,8,14
producer-1.pitur-265048.isolateedinburgh-pg0.utah.cloudlab.us,2025-08-12T20:20:02.250814995Z,1755030002250,50050,10006.0,4.77,1.8,17.0,1,3,9,13
producer-1.pitur-265048.isolateedinburgh-pg0.utah.cloudlab.us,2025-08-12T20:20:07.255955730Z,1755030007255,50080,10014.0,4.78,1.8,20.0,1,3,10,18
producer-1.pitur-265048.isolateedinburgh-pg0.utah.cloudlab.us,2025-08-12T20:20:12.259752210Z,1755030012259,50030,10004.0,4.77,1.7,18.0,2,3,8,16
producer-1.pitur-265048.isolateedinburgh-pg0.utah.cloudlab.us,2025-08-12T20:20:17.262085929Z,1755030017262,50029,10005.8,4.77,1.8,15.0,2,3,9,15
producer-1.pitur-265048.isolateedinburgh-pg0.utah.cloudlab.us,2025-08-12T20:20:22.264556293Z,1755030022264,50021,10004.2,4.77,1.8,22.0,1,3,8,19
producer-1.pitur-265048.isolateedinburgh-pg0.utah.cloudlab.us,2025-08-12T20:20:27.267638351Z,1755030027267,50030,10006.0,4.77,1.7,16.0,1,3,9,14
producer-1.pitur-265048.isolateedinburgh-pg0.utah.cloudlab.us,2025-08-12T20:20:32.270553572Z,1755030032270,50030,10006.0,4.77,1.7,19.0,1,3,8,14
producer-1.pitur-265048.isolateedinburgh-pg0.utah.cloudlab.us,2025-08-12T20:20:37.276119217Z,1755030037276,50060,10008.0,4.77,1.7,16.0,1,3,9,15
producer-1.pitur-265048.isolateedinburgh-pg0.utah.cloudlab.us,2025-08-12T20:20:42.278199828Z,1755030042278,50010,10002.0,4.77,1.7,16.0,1,3,8,14
producer-1.pitur-265048.isolateedinburgh-pg0.utah.cloudlab.us,2025-08-12T20:20:47.281407831Z,1755030047281,50039,10007.8,4.77,1.7,13.0,1,3,9,11
producer-1.pitur-265048.isolateedinburgh-pg0.utah.cloudlab.us,2025-08-12T20:20:52.285471334Z,1755030052285,50001,9998.2,4.77,1.7,19.0,1,3,9,18
producer-1.pitur-265048.isolateedinburgh-pg0.utah.cloudlab.us,2025-08-12T20:20:57.290132648Z,1755030057290,50090,10014.0,4.78,1.6,16.0,1,3,7,12
producer-1.pitur-265048.isolateedinburgh-pg0.utah.cloudlab.us,2025-08-12T20:21:02.292984736Z,1755030062292,50020,10004.0,4.77,1.7,16.0,2,3,9,12
producer-1.pitur-265048.isolateedinburgh-pg0.utah.cloudlab.us,2025-08-12T20:21:07.297137485Z,1755030067297,50039,10005.8,4.77,1.8,18.0,1,3,10,16
