hostname,timestamp_iso,timestamp_ms,records_sent,recs_per_sec,mb_per_sec,avg_latency,max_latency,p50,p95,p99,p999
producer-1.pitur-265048.isolateedinburgh-pg0.utah.cloudlab.us,2025-08-12T20:10:21.867966862Z,1755029421867,49981,9994.2,4.77,14.1,673.0,2,92,138,176
producer-1.pitur-265048.isolateedinburgh-pg0.utah.cloudlab.us,2025-08-12T20:10:26.895103914Z,1755029426895,50281,10052.2,4.79,1.8,34.0,1,4,11,31
producer-1.pitur-265048.isolateedinburgh-pg0.utah.cloudlab.us,2025-08-12T20:10:31.900538106Z,1755029431900,50050,10008.0,4.77,1.5,12.0,1,3,8,11
producer-1.pitur-265048.isolateedinburgh-pg0.utah.cloudlab.us,2025-08-12T20:10:36.906260689Z,1755029436906,50060,10012.0,4.77,1.8,20.0,1,3,10,17
producer-1.pitur-265048.isolateedinburgh-pg0.utah.cloudlab.us,2025-08-12T20:10:41.920440737Z,1755029441920,50149,10027.8,4.78,1.6,16.0,1,3,8,15
producer-1.pitur-265048.isolateedinburgh-pg0.utah.cloudlab.us,2025-08-12T20:10:46.925214821Z,1755029446925,50041,10008.2,4.77,1.7,16.0,1,3,8,10
producer-1.pitur-265048.isolateedinburgh-pg0.utah.cloudlab.us,2025-08-12T20:10:51.931597556Z,1755029451931,49814,9958.8,4.75,1.6,12.0,1,3,7,11
producer-1.pitur-265048.isolateedinburgh-pg0.utah.cloudlab.us,2025-08-12T20:10:56.935351891Z,1755029456935,50286,10057.2,4.80,1.9,68.0,1,3,10,66
producer-1.pitur-265048.isolateedinburgh-pg0.utah.cloudlab.us,2025-08-12T20:11:01.939584144Z,1755029461939,50000,9998.0,4.77,1.6,16.0,1,3,8,12
producer-1.pitur-265048.isolateedinburgh-pg0.utah.cloudlab.us,2025-08-12T20:11:06.943877877Z,1755029466943,50090,10016.0,4.78,1.6,16.0,1,3,8,14
producer-1.pitur-265048.isolateedinburgh-pg0.utah.cloudlab.us,2025-08-12T20:11:11.948223173Z,1755029471948,50039,10005.8,4.77,1.7,15.0,1,3,9,15
producer-1.pitur-265048.isolateedinburgh-pg0.utah.cloudlab.us,2025-08-12T20:11:16.956324711Z,1755029476956,50081,10014.2,4.78,1.6,15.0,1,3,8,13
producer-1.pitur-265048.isolateedinburgh-pg0.utah.cloudlab.us,2025-08-12T20:11:21.959424581Z,1755029481959,50030,10006.0,4.77,1.6,17.0,1,3,8,12
producer-1.pitur-265048.isolateedinburgh-pg0.utah.cloudlab.us,2025-08-12T20:11:26.965486931Z,1755029486965,50060,10010.0,4.77,1.7,47.0,1,3,8,24
producer-1.pitur-265048.isolateedinburgh-pg0.utah.cloudlab.us,2025-08-12T20:11:31.968634518Z,1755029491968,50039,10007.8,4.77,1.7,20.0,1,3,9,19
producer-1.pitur-265048.isolateedinburgh-pg0.utah.cloudlab.us,2025-08-12T20:11:36.971565232Z,1755029496971,50021,10004.2,4.77,1.7,18.0,1,3,7,12
producer-1.pitur-265048.isolateedinburgh-pg0.utah.cloudlab.us,2025-08-12T20:11:41.975841971Z,1755029501975,50040,10006.0,4.77,1.7,16.0,1,3,8,11
producer-1.pitur-265048.isolateedinburgh-pg0.utah.cloudlab.us,2025-08-12T20:11:46.978282058Z,1755029506978,50030,10006.0,4.77,1.6,19.0,1,3,6,10
producer-1.pitur-265048.isolateedinburgh-pg0.utah.cloudlab.us,2025-08-12T20:11:51.980655922Z,1755029511980,50019,10003.8,4.77,1.6,15.0,1,2,8,13
producer-1.pitur-265048.isolateedinburgh-pg0.utah.cloudlab.us,2025-08-12T20:11:56.986048047Z,1755029516986,50061,10008.2,4.77,1.6,15.0,1,2,7,15
producer-1.pitur-265048.isolateedinburgh-pg0.utah.cloudlab.us,2025-08-12T20:12:01.988268284Z,1755029521988,50000,10000.0,4.77,1.6,15.0,1,2,7,13
producer-1.pitur-265048.isolateedinburgh-pg0.utah.cloudlab.us,2025-08-12T20:12:06.993178149Z,1755029526993,50070,10010.0,4.77,1.7,17.0,1,3,8,13
producer-1.pitur-265048.isolateedinburgh-pg0.utah.cloudlab.us,2025-08-12T20:12:11.997198450Z,1755029531997,50037,10005.4,4.77,1.7,15.0,1,3,8,12
producer-1.pitur-265048.isolateedinburgh-pg0.utah.cloudlab.us,2025-08-12T20:12:17.001017359Z,1755029537001,50042,10006.4,4.77,1.6,12.0,1,3,5,10
producer-1.pitur-265048.isolateedinburgh-pg0.utah.cloudlab.us,2025-08-12T20:12:22.005240651Z,1755029542005,50041,10006.2,4.77,1.7,16.0,2,3,8,16
producer-1.pitur-265048.isolateedinburgh-pg0.utah.cloudlab.us,2025-08-12T20:12:27.009290095Z,1755029547009,50040,10006.0,4.77,1.6,11.0,1,2,7,10
producer-1.pitur-265048.isolateedinburgh-pg0.utah.cloudlab.us,2025-08-12T20:12:32.012028328Z,1755029552012,50030,10004.0,4.77,1.7,15.0,1,3,9,14
producer-1.pitur-265048.isolateedinburgh-pg0.utah.cloudlab.us,2025-08-12T20:12:37.014038795Z,1755029557014,50020,10004.0,4.77,1.7,14.0,1,3,9,12
producer-1.pitur-265048.isolateedinburgh-pg0.utah.cloudlab.us,2025-08-12T20:12:42.017929894Z,1755029562017,50040,10006.0,4.77,1.8,16.0,2,3,9,14
producer-1.pitur-265048.isolateedinburgh-pg0.utah.cloudlab.us,2025-08-12T20:12:47.032370587Z,1755029567032,49969,9969.9,4.75,1.6,19.0,1,3,8,11
producer-1.pitur-265048.isolateedinburgh-pg0.utah.cloudlab.us,2025-08-12T20:12:52.038600167Z,1755029572038,50231,10044.2,4.79,1.7,24.0,1,3,10,14
producer-1.pitur-265048.isolateedinburgh-pg0.utah.cloudlab.us,2025-08-12T20:12:57.041121212Z,1755029577041,50029,10005.8,4.77,1.7,20.0,1,3,8,13
producer-1.pitur-265048.isolateedinburgh-pg0.utah.cloudlab.us,2025-08-12T20:13:02.043884131Z,1755029582043,50031,10006.2,4.77,1.6,16.0,1,3,8,12
producer-1.pitur-265048.isolateedinburgh-pg0.utah.cloudlab.us,2025-08-12T20:13:07.046125688Z,1755029587046,50009,10001.8,4.77,1.7,18.0,2,3,8,12
producer-1.pitur-265048.isolateedinburgh-pg0.utah.cloudlab.us,2025-08-12T20:13:12.049304008Z,1755029592049,50040,10006.0,4.77,1.7,17.0,1,3,8,16
producer-1.pitur-265048.isolateedinburgh-pg0.utah.cloudlab.us,2025-08-12T20:13:17.053738842Z,1755029597053,50050,10008.0,4.77,1.6,14.0,1,2,8,13
producer-1.pitur-265048.isolateedinburgh-pg0.utah.cloudlab.us,2025-08-12T20:13:22.057845858Z,1755029602057,50040,10006.0,4.77,1.8,21.0,1,3,11,19
producer-1.pitur-265048.isolateedinburgh-pg0.utah.cloudlab.us,2025-08-12T20:13:27.061791793Z,1755029607061,50040,10008.0,4.77,1.7,17.0,1,3,9,16
producer-1.pitur-265048.isolateedinburgh-pg0.utah.cloudlab.us,2025-08-12T20:13:32.066163632Z,1755029612066,50041,10006.2,4.77,1.8,23.0,1,3,9,22
producer-1.pitur-265048.isolateedinburgh-pg0.utah.cloudlab.us,2025-08-12T20:13:37.069993912Z,1755029617069,50040,10008.0,4.77,1.7,14.0,1,3,8,13
producer-1.pitur-265048.isolateedinburgh-pg0.utah.cloudlab.us,2025-08-12T20:13:42.073399618Z,1755029622073,50029,10005.8,4.77,1.7,18.0,1,3,9,17
producer-1.pitur-265048.isolateedinburgh-pg0.utah.cloudlab.us,2025-08-12T20:13:47.076369514Z,1755029627076,50031,10006.2,4.77,1.7,16.0,1,3,7,11
producer-1.pitur-265048.isolateedinburgh-pg0.utah.cloudlab.us,2025-08-12T20:13:52.080047400Z,1755029632080,50040,10004.0,4.77,1.7,17.0,1,3,9,14
producer-1.pitur-265048.isolateedinburgh-pg0.utah.cloudlab.us,2025-08-12T20:13:57.082946391Z,1755029637082,50030,10006.0,4.77,1.6,11.0,1,3,7,10
producer-1.pitur-265048.isolateedinburgh-pg0.utah.cloudlab.us,2025-08-12T20:14:02.086820111Z,1755029642086,50040,10008.0,4.77,1.8,17.0,1,3,10,16
producer-1.pitur-265048.isolateedinburgh-pg0.utah.cloudlab.us,2025-08-12T20:14:07.091888824Z,1755029647091,50049,10007.8,4.77,1.6,15.0,1,3,8,12
producer-1.pitur-265048.isolateedinburgh-pg0.utah.cloudlab.us,2025-08-12T20:14:12.094247230Z,1755029652094,50021,10004.2,4.77,1.7,15.0,1,3,9,15
producer-1.pitur-265048.isolateedinburgh-pg0.utah.cloudlab.us,2025-08-12T20:14:17.096586104Z,1755029657096,50028,10005.6,4.77,1.6,25.0,1,3,8,15
producer-1.pitur-265048.isolateedinburgh-pg0.utah.cloudlab.us,2025-08-12T20:14:22.100246196Z,1755029662100,50032,10004.4,4.77,1.6,15.0,1,3,8,14
producer-1.pitur-265048.isolateedinburgh-pg0.utah.cloudlab.us,2025-08-12T20:14:27.119920167Z,1755029667119,50036,9977.3,4.76,1.6,15.0,1,3,8,12
producer-1.pitur-265048.isolateedinburgh-pg0.utah.cloudlab.us,2025-08-12T20:14:32.123174795Z,1755029672123,50194,10036.8,4.79,1.8,20.0,1,3,10,19
producer-1.pitur-265048.isolateedinburgh-pg0.utah.cloudlab.us,2025-08-12T20:14:37.126802521Z,1755029677126,50030,10004.0,4.77,1.8,22.0,2,3,9,17
producer-1.pitur-265048.isolateedinburgh-pg0.utah.cloudlab.us,2025-08-12T20:14:42.132930595Z,1755029682132,50069,10011.8,4.77,1.8,29.0,1,4,10,23
producer-1.pitur-265048.isolateedinburgh-pg0.utah.cloudlab.us,2025-08-12T20:14:47.135287336Z,1755029687135,50021,10004.2,4.77,1.8,42.0,1,3,9,35
producer-1.pitur-265048.isolateedinburgh-pg0.utah.cloudlab.us,2025-08-12T20:14:52.138610326Z,1755029692138,50031,10006.2,4.77,1.7,16.0,1,3,8,14
producer-1.pitur-265048.isolateedinburgh-pg0.utah.cloudlab.us,2025-08-12T20:14:57.141055471Z,1755029697141,50029,10005.8,4.77,1.6,17.0,1,3,8,13
producer-1.pitur-265048.isolateedinburgh-pg0.utah.cloudlab.us,2025-08-12T20:15:02.143340752Z,1755029702143,50020,10004.0,4.77,1.6,18.0,1,3,7,11
producer-1.pitur-265048.isolateedinburgh-pg0.utah.cloudlab.us,2025-08-12T20:15:07.147975269Z,1755029707147,50050,10008.0,4.77,1.7,17.0,1,3,8,15
producer-1.pitur-265048.isolateedinburgh-pg0.utah.cloudlab.us,2025-08-12T20:15:12.151138174Z,1755029712151,50030,10004.0,4.77,1.7,43.0,1,3,8,40
producer-1.pitur-265048.isolateedinburgh-pg0.utah.cloudlab.us,2025-08-12T20:15:17.154730549Z,1755029717154,50020,10002.0,4.77,1.8,19.0,1,4,9,18
producer-1.pitur-265048.isolateedinburgh-pg0.utah.cloudlab.us,2025-08-12T20:15:22.158214745Z,1755029722158,50050,10008.0,4.77,1.9,29.0,2,4,8,26
producer-1.pitur-265048.isolateedinburgh-pg0.utah.cloudlab.us,2025-08-12T20:15:27.163090612Z,1755029727163,50040,10004.0,4.77,1.7,16.0,1,3,8,11
producer-1.pitur-265048.isolateedinburgh-pg0.utah.cloudlab.us,2025-08-12T20:15:32.167646443Z,1755029732167,50050,10008.0,4.77,1.8,18.0,2,3,10,17
producer-1.pitur-265048.isolateedinburgh-pg0.utah.cloudlab.us,2025-08-12T20:15:37.173110914Z,1755029737173,50050,10006.0,4.77,1.7,25.0,1,3,8,17
producer-1.pitur-265048.isolateedinburgh-pg0.utah.cloudlab.us,2025-08-12T20:15:42.177586777Z,1755029742177,50050,10008.0,4.77,1.9,36.0,2,3,12,31
producer-1.pitur-265048.isolateedinburgh-pg0.utah.cloudlab.us,2025-08-12T20:15:47.181507122Z,1755029747181,50040,10006.0,4.77,1.7,21.0,1,3,9,13
producer-1.pitur-265048.isolateedinburgh-pg0.utah.cloudlab.us,2025-08-12T20:15:52.186888848Z,1755029752186,50056,10009.2,4.77,1.7,24.0,1,3,8,21
producer-1.pitur-265048.isolateedinburgh-pg0.utah.cloudlab.us,2025-08-12T20:15:57.191222426Z,1755029757191,50044,10004.8,4.77,1.7,16.0,1,3,9,15
producer-1.pitur-265048.isolateedinburgh-pg0.utah.cloudlab.us,2025-08-12T20:16:02.195554919Z,1755029762195,50040,10006.0,4.77,1.7,12.0,2,3,8,11
producer-1.pitur-265048.isolateedinburgh-pg0.utah.cloudlab.us,2025-08-12T20:16:07.199266321Z,1755029767199,50040,10006.0,4.77,1.8,20.0,2,3,9,19
producer-1.pitur-265048.isolateedinburgh-pg0.utah.cloudlab.us,2025-08-12T20:16:12.202117484Z,1755029772202,50030,10004.0,4.77,1.8,21.0,1,3,9,19
producer-1.pitur-265048.isolateedinburgh-pg0.utah.cloudlab.us,2025-08-12T20:16:17.205676383Z,1755029777205,50030,10004.0,4.77,1.7,27.0,1,3,8,16
producer-1.pitur-265048.isolateedinburgh-pg0.utah.cloudlab.us,2025-08-12T20:16:22.208010285Z,1755029782208,50030,10006.0,4.77,1.8,18.0,2,3,8,14
producer-1.pitur-265048.isolateedinburgh-pg0.utah.cloudlab.us,2025-08-12T20:16:27.211387105Z,1755029787211,50030,10004.0,4.77,1.7,21.0,1,3,10,19
producer-1.pitur-265048.isolateedinburgh-pg0.utah.cloudlab.us,2025-08-12T20:16:32.213648568Z,1755029792213,50010,10002.0,4.77,1.6,12.0,1,3,7,11
producer-1.pitur-265048.isolateedinburgh-pg0.utah.cloudlab.us,2025-08-12T20:16:37.217141403Z,1755029797217,50050,10008.0,4.77,1.8,18.0,2,3,10,17
producer-1.pitur-265048.isolateedinburgh-pg0.utah.cloudlab.us,2025-08-12T20:16:42.220353914Z,1755029802220,49960,9990.0,4.76,1.7,18.0,1,3,7,16
producer-1.pitur-265048.isolateedinburgh-pg0.utah.cloudlab.us,2025-08-12T20:16:47.225386852Z,1755029807225,50120,10022.0,4.78,1.8,26.0,1,3,10,24
producer-1.pitur-265048.isolateedinburgh-pg0.utah.cloudlab.us,2025-08-12T20:16:52.229902269Z,1755029812229,50050,10008.0,4.77,1.8,13.0,2,3,8,12
producer-1.pitur-265048.isolateedinburgh-pg0.utah.cloudlab.us,2025-08-12T20:16:57.233295905Z,1755029817233,50030,10004.0,4.77,1.8,43.0,1,3,10,33
producer-1.pitur-265048.isolateedinburgh-pg0.utah.cloudlab.us,2025-08-12T20:17:02.237675876Z,1755029822237,50049,10007.8,4.77,1.7,16.0,1,3,8,15
producer-1.pitur-265048.isolateedinburgh-pg0.utah.cloudlab.us,2025-08-12T20:17:07.244385166Z,1755029827244,49991,9990.2,4.76,1.7,16.0,1,3,8,13
producer-1.pitur-265048.isolateedinburgh-pg0.utah.cloudlab.us,2025-08-12T20:17:12.251163347Z,1755029832251,50140,10024.0,4.78,1.7,18.0,1,3,9,16
producer-1.pitur-265048.isolateedinburgh-pg0.utah.cloudlab.us,2025-08-12T20:17:17.254135874Z,1755029837254,50030,10006.0,4.77,1.7,16.0,1,3,9,15
producer-1.pitur-265048.isolateedinburgh-pg0.utah.cloudlab.us,2025-08-12T20:17:22.257382890Z,1755029842257,50030,10006.0,4.77,1.7,17.0,1,3,9,12
producer-1.pitur-265048.isolateedinburgh-pg0.utah.cloudlab.us,2025-08-12T20:17:27.261002729Z,1755029847260,50030,10006.0,4.77,1.6,17.0,1,2,6,13
producer-1.pitur-265048.isolateedinburgh-pg0.utah.cloudlab.us,2025-08-12T20:17:32.263218373Z,1755029852263,50030,10006.0,4.77,1.7,18.0,1,3,9,17
producer-1.pitur-265048.isolateedinburgh-pg0.utah.cloudlab.us,2025-08-12T20:17:37.266164161Z,1755029857266,50000,9998.0,4.77,1.7,19.0,1,3,9,13
producer-1.pitur-265048.isolateedinburgh-pg0.utah.cloudlab.us,2025-08-12T20:17:42.271957426Z,1755029862271,50090,10016.0,4.78,1.7,21.0,1,3,9,19
producer-1.pitur-265048.isolateedinburgh-pg0.utah.cloudlab.us,2025-08-12T20:17:47.274734704Z,1755029867274,50020,10004.0,4.77,1.8,16.0,2,3,9,15
producer-1.pitur-265048.isolateedinburgh-pg0.utah.cloudlab.us,2025-08-12T20:17:52.277477526Z,1755029872277,50030,10006.0,4.77,1.7,17.0,1,3,9,15
producer-1.pitur-265048.isolateedinburgh-pg0.utah.cloudlab.us,2025-08-12T20:17:57.281958675Z,1755029877281,50050,10008.0,4.77,1.7,21.0,1,3,8,15
producer-1.pitur-265048.isolateedinburgh-pg0.utah.cloudlab.us,2025-08-12T20:18:02.284885869Z,1755029882284,50020,10004.0,4.77,1.8,16.0,2,4,8,15
producer-1.pitur-265048.isolateedinburgh-pg0.utah.cloudlab.us,2025-08-12T20:18:07.288764350Z,1755029887288,50049,10007.8,4.77,1.8,18.0,2,3,9,15
producer-1.pitur-265048.isolateedinburgh-pg0.utah.cloudlab.us,2025-08-12T20:18:12.292047728Z,1755029892292,50031,10004.2,4.77,1.8,19.0,2,3,9,11
producer-1.pitur-265048.isolateedinburgh-pg0.utah.cloudlab.us,2025-08-12T20:18:17.295984957Z,1755029897295,50030,10004.0,4.77,1.8,20.0,2,3,8,17
producer-1.pitur-265048.isolateedinburgh-pg0.utah.cloudlab.us,2025-08-12T20:18:22.302010426Z,1755029902302,50070,10010.0,4.77,1.7,18.0,1,3,8,16
producer-1.pitur-265048.isolateedinburgh-pg0.utah.cloudlab.us,2025-08-12T20:18:27.305427486Z,1755029907305,50030,10004.0,4.77,1.8,16.0,1,3,10,15
producer-1.pitur-265048.isolateedinburgh-pg0.utah.cloudlab.us,2025-08-12T20:18:32.309377879Z,1755029912309,50039,10005.8,4.77,1.6,14.0,1,3,9,13
producer-1.pitur-265048.isolateedinburgh-pg0.utah.cloudlab.us,2025-08-12T20:18:37.312444327Z,1755029917312,50031,10006.2,4.77,1.7,16.0,1,3,8,12
producer-1.pitur-265048.isolateedinburgh-pg0.utah.cloudlab.us,2025-08-12T20:18:42.315958168Z,1755029922315,49990,9998.0,4.77,1.8,31.0,2,3,10,29
producer-1.pitur-265048.isolateedinburgh-pg0.utah.cloudlab.us,2025-08-12T20:18:47.323904889Z,1755029927323,50050,10000.0,4.77,1.7,21.0,1,3,9,19
producer-1.pitur-265048.isolateedinburgh-pg0.utah.cloudlab.us,2025-08-12T20:18:52.328401787Z,1755029932328,50113,10018.6,4.78,1.6,16.0,1,2,8,14
producer-1.pitur-265048.isolateedinburgh-pg0.utah.cloudlab.us,2025-08-12T20:18:57.336400235Z,1755029937336,50027,9995.4,4.77,1.8,25.0,1,3,8,23
producer-1.pitur-265048.isolateedinburgh-pg0.utah.cloudlab.us,2025-08-12T20:19:02.340728308Z,1755029942340,50109,10019.8,4.78,1.7,16.0,2,3,8,13
producer-1.pitur-265048.isolateedinburgh-pg0.utah.cloudlab.us,2025-08-12T20:19:07.346247311Z,1755029947346,50031,10000.2,4.77,1.7,15.0,1,3,9,15
producer-1.pitur-265048.isolateedinburgh-pg0.utah.cloudlab.us,2025-08-12T20:19:12.350083430Z,1755029952350,50060,10008.0,4.77,1.8,20.0,2,4,8,14
producer-1.pitur-265048.isolateedinburgh-pg0.utah.cloudlab.us,2025-08-12T20:19:17.353064803Z,1755029957353,50020,10004.0,4.77,1.8,17.0,1,3,11,16
producer-1.pitur-265048.isolateedinburgh-pg0.utah.cloudlab.us,2025-08-12T20:19:22.356995332Z,1755029962356,50050,10010.0,4.77,1.7,23.0,1,3,9,21
producer-1.pitur-265048.isolateedinburgh-pg0.utah.cloudlab.us,2025-08-12T20:19:27.359999354Z,1755029967359,50030,10006.0,4.77,1.8,19.0,2,3,9,17
producer-1.pitur-265048.isolateedinburgh-pg0.utah.cloudlab.us,2025-08-12T20:19:32.364425920Z,1755029972364,50040,10006.0,4.77,1.6,15.0,1,3,8,10
producer-1.pitur-265048.isolateedinburgh-pg0.utah.cloudlab.us,2025-08-12T20:19:37.367281292Z,1755029977367,50030,10006.0,4.77,1.7,12.0,1,3,8,11
producer-1.pitur-265048.isolateedinburgh-pg0.utah.cloudlab.us,2025-08-12T20:19:42.369337087Z,1755029982369,50020,10004.0,4.77,1.7,17.0,1,3,8,12
producer-1.pitur-265048.isolateedinburgh-pg0.utah.cloudlab.us,2025-08-12T20:19:47.373183200Z,1755029987373,50040,10006.0,4.77,1.7,18.0,1,3,9,16
producer-1.pitur-265048.isolateedinburgh-pg0.utah.cloudlab.us,2025-08-12T20:19:52.377629486Z,1755029992377,50040,10006.0,4.77,1.7,15.0,1,3,8,14
producer-1.pitur-265048.isolateedinburgh-pg0.utah.cloudlab.us,2025-08-12T20:19:57.391444697Z,1755029997391,49969,9971.9,4.75,1.7,19.0,1,3,9,13
producer-1.pitur-265048.isolateedinburgh-pg0.utah.cloudlab.us,2025-08-12T20:20:02.394032154Z,1755030002394,50201,10040.2,4.79,1.7,22.0,1,3,8,15
producer-1.pitur-265048.isolateedinburgh-pg0.utah.cloudlab.us,2025-08-12T20:20:07.396317936Z,1755030007396,50020,10004.0,4.77,1.7,19.0,1,3,8,17
producer-1.pitur-265048.isolateedinburgh-pg0.utah.cloudlab.us,2025-08-12T20:20:12.399996962Z,1755030012399,49870,9972.0,4.76,1.8,17.0,1,3,10,16
producer-1.pitur-265048.isolateedinburgh-pg0.utah.cloudlab.us,2025-08-12T20:20:17.403111874Z,1755030017403,50200,10040.0,4.79,1.8,15.0,2,3,9,13
producer-1.pitur-265048.isolateedinburgh-pg0.utah.cloudlab.us,2025-08-12T20:20:22.406669669Z,1755030022406,50030,10004.0,4.77,1.8,16.0,2,3,9,15
producer-1.pitur-265048.isolateedinburgh-pg0.utah.cloudlab.us,2025-08-12T20:20:27.408276394Z,1755030027408,50020,10004.0,4.77,1.7,19.0,2,3,9,13
producer-1.pitur-265048.isolateedinburgh-pg0.utah.cloudlab.us,2025-08-12T20:20:32.411797951Z,1755030032411,50040,10006.0,4.77,1.8,18.0,1,3,10,16
producer-1.pitur-265048.isolateedinburgh-pg0.utah.cloudlab.us,2025-08-12T20:20:37.414708868Z,1755030037414,50020,10004.0,4.77,1.7,22.0,1,3,9,19
producer-1.pitur-265048.isolateedinburgh-pg0.utah.cloudlab.us,2025-08-12T20:20:42.417514884Z,1755030042417,50030,10006.0,4.77,1.6,16.0,1,2,8,15
producer-1.pitur-265048.isolateedinburgh-pg0.utah.cloudlab.us,2025-08-12T20:20:47.419236872Z,1755030047419,50020,10004.0,4.77,1.7,21.0,1,3,9,16
producer-1.pitur-265048.isolateedinburgh-pg0.utah.cloudlab.us,2025-08-12T20:20:52.422067080Z,1755030052422,50030,10004.0,4.77,1.8,19.0,2,3,10,19
producer-1.pitur-265048.isolateedinburgh-pg0.utah.cloudlab.us,2025-08-12T20:20:57.424674539Z,1755030057424,50029,10005.8,4.77,1.7,17.0,1,3,8,12
producer-1.pitur-265048.isolateedinburgh-pg0.utah.cloudlab.us,2025-08-12T20:21:02.428741044Z,1755030062428,50040,10006.0,4.77,1.7,17.0,1,3,8,12
producer-1.pitur-265048.isolateedinburgh-pg0.utah.cloudlab.us,2025-08-12T20:21:07.431427142Z,1755030067431,50021,10002.2,4.77,1.8,22.0,2,3,11,19
