hostname,timestamp_iso,timestamp_ms,records_sent,recs_per_sec,mb_per_sec,avg_latency,max_latency,p50,p95,p99,p999
producer-1.pitur-265048.isolateedinburgh-pg0.utah.cloudlab.us,2025-08-12T20:10:21.916846570Z,1755029421916,49972,9994.4,4.77,9.9,572.0,2,66,94,122
producer-1.pitur-265048.isolateedinburgh-pg0.utah.cloudlab.us,2025-08-12T20:10:26.943013489Z,1755029426943,50260,10048.0,4.79,1.8,32.0,1,4,11,30
producer-1.pitur-265048.isolateedinburgh-pg0.utah.cloudlab.us,2025-08-12T20:10:31.952305258Z,1755029431952,50100,10018.0,4.78,1.7,14.0,1,3,8,13
producer-1.pitur-265048.isolateedinburgh-pg0.utah.cloudlab.us,2025-08-12T20:10:36.958150144Z,1755029436958,50060,10012.0,4.77,1.6,18.0,1,3,8,12
producer-1.pitur-265048.isolateedinburgh-pg0.utah.cloudlab.us,2025-08-12T20:10:41.962779169Z,1755029441962,50040,10008.0,4.77,1.6,11.0,1,3,7,11
producer-1.pitur-265048.isolateedinburgh-pg0.utah.cloudlab.us,2025-08-12T20:10:46.967469982Z,1755029446967,50050,10010.0,4.77,1.6,15.0,1,2,7,10
producer-1.pitur-265048.isolateedinburgh-pg0.utah.cloudlab.us,2025-08-12T20:10:51.981112441Z,1755029451981,50130,10026.0,4.78,2.0,71.0,2,3,13,68
producer-1.pitur-265048.isolateedinburgh-pg0.utah.cloudlab.us,2025-08-12T20:10:56.986804180Z,1755029456986,50050,10008.0,4.77,1.7,15.0,1,3,8,12
producer-1.pitur-265048.isolateedinburgh-pg0.utah.cloudlab.us,2025-08-12T20:11:01.990979056Z,1755029461990,50060,10012.0,4.77,1.7,12.0,1,3,7,11
producer-1.pitur-265048.isolateedinburgh-pg0.utah.cloudlab.us,2025-08-12T20:11:06.995655085Z,1755029466995,50030,10004.0,4.77,1.7,31.0,1,3,8,28
producer-1.pitur-265048.isolateedinburgh-pg0.utah.cloudlab.us,2025-08-12T20:11:11.999639249Z,1755029471999,50050,10010.0,4.77,1.7,22.0,1,3,9,20
producer-1.pitur-265048.isolateedinburgh-pg0.utah.cloudlab.us,2025-08-12T20:11:17.004519277Z,1755029477004,50050,10008.0,4.77,1.7,14.0,1,3,8,11
producer-1.pitur-265048.isolateedinburgh-pg0.utah.cloudlab.us,2025-08-12T20:11:22.008625480Z,1755029482008,50043,10006.6,4.77,1.6,16.0,1,3,8,11
producer-1.pitur-265048.isolateedinburgh-pg0.utah.cloudlab.us,2025-08-12T20:11:27.011960153Z,1755029487011,50037,10007.4,4.77,1.7,46.0,1,2,9,37
producer-1.pitur-265048.isolateedinburgh-pg0.utah.cloudlab.us,2025-08-12T20:11:32.016010251Z,1755029492016,50040,10006.0,4.77,1.6,16.0,1,2,8,13
producer-1.pitur-265048.isolateedinburgh-pg0.utah.cloudlab.us,2025-08-12T20:11:37.018197497Z,1755029497018,50020,10004.0,4.77,1.7,17.0,1,3,9,12
producer-1.pitur-265048.isolateedinburgh-pg0.utah.cloudlab.us,2025-08-12T20:11:42.020132Z,1755029502020,50020,10004.0,4.77,1.7,16.0,1,3,8,15
producer-1.pitur-265048.isolateedinburgh-pg0.utah.cloudlab.us,2025-08-12T20:11:47.022187807Z,1755029507022,50010,10002.0,4.77,1.6,14.0,1,3,7,12
producer-1.pitur-265048.isolateedinburgh-pg0.utah.cloudlab.us,2025-08-12T20:11:52.025872490Z,1755029512025,50039,10007.8,4.77,1.7,16.0,1,3,8,12
producer-1.pitur-265048.isolateedinburgh-pg0.utah.cloudlab.us,2025-08-12T20:11:57.029684613Z,1755029517029,50041,10006.2,4.77,1.7,26.0,1,3,8,23
producer-1.pitur-265048.isolateedinburgh-pg0.utah.cloudlab.us,2025-08-12T20:12:02.033876284Z,1755029522033,50050,10010.0,4.77,1.7,18.0,2,3,8,15
producer-1.pitur-265048.isolateedinburgh-pg0.utah.cloudlab.us,2025-08-12T20:12:07.038760487Z,1755029527038,50049,10007.8,4.77,1.7,14.0,1,3,8,11
producer-1.pitur-265048.isolateedinburgh-pg0.utah.cloudlab.us,2025-08-12T20:12:12.043173029Z,1755029532043,50041,10006.2,4.77,1.6,16.0,1,3,7,13
producer-1.pitur-265048.isolateedinburgh-pg0.utah.cloudlab.us,2025-08-12T20:12:17.051075980Z,1755029537051,50079,10013.8,4.77,1.7,17.0,1,3,9,14
producer-1.pitur-265048.isolateedinburgh-pg0.utah.cloudlab.us,2025-08-12T20:12:22.055470684Z,1755029542055,50021,10002.2,4.77,1.7,17.0,2,3,9,16
producer-1.pitur-265048.isolateedinburgh-pg0.utah.cloudlab.us,2025-08-12T20:12:27.059576683Z,1755029547059,50060,10010.0,4.77,1.7,16.0,2,3,8,11
producer-1.pitur-265048.isolateedinburgh-pg0.utah.cloudlab.us,2025-08-12T20:12:32.064174366Z,1755029552064,50050,10006.0,4.77,1.6,12.0,1,2,6,10
producer-1.pitur-265048.isolateedinburgh-pg0.utah.cloudlab.us,2025-08-12T20:12:37.066973718Z,1755029557066,50029,10005.8,4.77,1.7,17.0,1,3,7,15
producer-1.pitur-265048.isolateedinburgh-pg0.utah.cloudlab.us,2025-08-12T20:12:42.070660080Z,1755029562070,50031,10004.2,4.77,1.7,15.0,1,3,9,13
producer-1.pitur-265048.isolateedinburgh-pg0.utah.cloudlab.us,2025-08-12T20:12:47.074351870Z,1755029567074,50040,10006.0,4.77,1.6,15.0,1,3,9,14
producer-1.pitur-265048.isolateedinburgh-pg0.utah.cloudlab.us,2025-08-12T20:12:52.077901893Z,1755029572077,50039,10007.8,4.77,1.7,13.0,1,3,8,13
producer-1.pitur-265048.isolateedinburgh-pg0.utah.cloudlab.us,2025-08-12T20:12:57.081545495Z,1755029577081,50031,10006.2,4.77,1.7,15.0,1,3,8,13
producer-1.pitur-265048.isolateedinburgh-pg0.utah.cloudlab.us,2025-08-12T20:13:02.085532477Z,1755029582085,50040,10006.0,4.77,1.7,13.0,1,3,8,12
producer-1.pitur-265048.isolateedinburgh-pg0.utah.cloudlab.us,2025-08-12T20:13:07.088299177Z,1755029587088,50030,10006.0,4.77,1.7,21.0,1,3,8,17
producer-1.pitur-265048.isolateedinburgh-pg0.utah.cloudlab.us,2025-08-12T20:13:12.091145862Z,1755029592091,50029,10003.8,4.77,1.8,28.0,1,3,10,26
producer-1.pitur-265048.isolateedinburgh-pg0.utah.cloudlab.us,2025-08-12T20:13:17.097403980Z,1755029597097,50060,10010.0,4.77,1.8,15.0,2,3,10,14
producer-1.pitur-265048.isolateedinburgh-pg0.utah.cloudlab.us,2025-08-12T20:13:22.101880384Z,1755029602101,50051,10008.2,4.77,1.8,21.0,2,3,9,18
producer-1.pitur-265048.isolateedinburgh-pg0.utah.cloudlab.us,2025-08-12T20:13:27.105004554Z,1755029607104,50030,10006.0,4.77,1.8,19.0,2,3,8,14
producer-1.pitur-265048.isolateedinburgh-pg0.utah.cloudlab.us,2025-08-12T20:13:32.108501780Z,1755029612108,50029,10003.8,4.77,1.7,19.0,1,3,8,14
producer-1.pitur-265048.isolateedinburgh-pg0.utah.cloudlab.us,2025-08-12T20:13:37.111811011Z,1755029617111,50040,10006.0,4.77,1.7,18.0,1,3,9,13
producer-1.pitur-265048.isolateedinburgh-pg0.utah.cloudlab.us,2025-08-12T20:13:42.114610632Z,1755029622114,50030,10006.0,4.77,1.8,18.0,2,4,8,15
producer-1.pitur-265048.isolateedinburgh-pg0.utah.cloudlab.us,2025-08-12T20:13:47.116463335Z,1755029627116,50001,10000.2,4.77,1.8,19.0,2,3,8,12
producer-1.pitur-265048.isolateedinburgh-pg0.utah.cloudlab.us,2025-08-12T20:13:52.121720172Z,1755029632121,50070,10014.0,4.78,1.8,18.0,1,3,10,17
producer-1.pitur-265048.isolateedinburgh-pg0.utah.cloudlab.us,2025-08-12T20:13:57.125826325Z,1755029637125,50020,10002.0,4.77,1.7,15.0,1,3,7,14
producer-1.pitur-265048.isolateedinburgh-pg0.utah.cloudlab.us,2025-08-12T20:14:02.131309981Z,1755029642131,50059,10007.8,4.77,1.7,14.0,2,3,8,13
producer-1.pitur-265048.isolateedinburgh-pg0.utah.cloudlab.us,2025-08-12T20:14:07.136000338Z,1755029647135,50060,10010.0,4.77,1.7,17.0,2,3,9,15
producer-1.pitur-265048.isolateedinburgh-pg0.utah.cloudlab.us,2025-08-12T20:14:12.139345349Z,1755029652139,50031,10004.2,4.77,1.8,15.0,2,3,8,14
producer-1.pitur-265048.isolateedinburgh-pg0.utah.cloudlab.us,2025-08-12T20:14:17.142635781Z,1755029657142,50030,10006.0,4.77,1.8,24.0,2,3,9,24
producer-1.pitur-265048.isolateedinburgh-pg0.utah.cloudlab.us,2025-08-12T20:14:22.146524381Z,1755029662146,50040,10006.0,4.77,1.7,16.0,1,3,9,12
producer-1.pitur-265048.isolateedinburgh-pg0.utah.cloudlab.us,2025-08-12T20:14:27.149434467Z,1755029667149,50030,10006.0,4.77,1.9,16.0,2,4,9,14
producer-1.pitur-265048.isolateedinburgh-pg0.utah.cloudlab.us,2025-08-12T20:14:32.152712936Z,1755029672152,50029,10003.8,4.77,1.8,16.0,2,3,9,15
producer-1.pitur-265048.isolateedinburgh-pg0.utah.cloudlab.us,2025-08-12T20:14:37.156692934Z,1755029677156,50041,10006.2,4.77,1.8,17.0,2,3,8,11
producer-1.pitur-265048.isolateedinburgh-pg0.utah.cloudlab.us,2025-08-12T20:14:42.159227708Z,1755029682159,49998,9999.6,4.77,1.7,23.0,1,3,9,20
producer-1.pitur-265048.isolateedinburgh-pg0.utah.cloudlab.us,2025-08-12T20:14:47.163692149Z,1755029687163,50072,10012.4,4.77,1.9,44.0,2,3,11,40
producer-1.pitur-265048.isolateedinburgh-pg0.utah.cloudlab.us,2025-08-12T20:14:52.166904701Z,1755029692166,50040,10006.0,4.77,1.7,13.0,2,3,8,12
producer-1.pitur-265048.isolateedinburgh-pg0.utah.cloudlab.us,2025-08-12T20:14:57.170586549Z,1755029697170,50030,10004.0,4.77,1.7,18.0,1,3,9,14
producer-1.pitur-265048.isolateedinburgh-pg0.utah.cloudlab.us,2025-08-12T20:15:02.173217506Z,1755029702173,50030,10006.0,4.77,1.8,18.0,2,3,9,13
producer-1.pitur-265048.isolateedinburgh-pg0.utah.cloudlab.us,2025-08-12T20:15:07.177641725Z,1755029707177,50049,10007.8,4.77,1.7,21.0,1,3,8,13
producer-1.pitur-265048.isolateedinburgh-pg0.utah.cloudlab.us,2025-08-12T20:15:12.179317563Z,1755029712179,50001,10000.2,4.77,1.8,39.0,2,3,9,36
producer-1.pitur-265048.isolateedinburgh-pg0.utah.cloudlab.us,2025-08-12T20:15:17.184382315Z,1755029717184,50060,10008.0,4.77,1.7,20.0,2,3,8,13
producer-1.pitur-265048.isolateedinburgh-pg0.utah.cloudlab.us,2025-08-12T20:15:22.188570604Z,1755029722188,50045,10007.0,4.77,1.8,17.0,2,3,8,14
producer-1.pitur-265048.isolateedinburgh-pg0.utah.cloudlab.us,2025-08-12T20:15:27.191928989Z,1755029727191,50025,10003.0,4.77,1.7,18.0,1,3,9,14
producer-1.pitur-265048.isolateedinburgh-pg0.utah.cloudlab.us,2025-08-12T20:15:32.200217248Z,1755029732200,50040,9996.0,4.77,1.9,17.0,2,4,10,16
producer-1.pitur-265048.isolateedinburgh-pg0.utah.cloudlab.us,2025-08-12T20:15:37.203757595Z,1755029737203,50086,10015.2,4.78,1.8,20.0,2,3,8,18
producer-1.pitur-265048.isolateedinburgh-pg0.utah.cloudlab.us,2025-08-12T20:15:42.205977238Z,1755029742205,50024,10004.8,4.77,1.7,25.0,1,3,8,21
producer-1.pitur-265048.isolateedinburgh-pg0.utah.cloudlab.us,2025-08-12T20:15:47.208431281Z,1755029747208,50020,10004.0,4.77,1.7,17.0,2,3,8,16
producer-1.pitur-265048.isolateedinburgh-pg0.utah.cloudlab.us,2025-08-12T20:15:52.210614143Z,1755029752210,50020,10004.0,4.77,1.8,24.0,1,3,10,22
producer-1.pitur-265048.isolateedinburgh-pg0.utah.cloudlab.us,2025-08-12T20:15:57.213945818Z,1755029757213,50039,10007.8,4.77,1.7,13.0,1,3,8,12
producer-1.pitur-265048.isolateedinburgh-pg0.utah.cloudlab.us,2025-08-12T20:16:02.217625820Z,1755029762217,50031,10006.2,4.77,1.8,27.0,1,3,9,25
producer-1.pitur-265048.isolateedinburgh-pg0.utah.cloudlab.us,2025-08-12T20:16:07.221410963Z,1755029767221,50040,10006.0,4.77,1.7,25.0,1,3,9,19
producer-1.pitur-265048.isolateedinburgh-pg0.utah.cloudlab.us,2025-08-12T20:16:12.225630243Z,1755029772225,50040,10006.0,4.77,1.7,20.0,1,3,9,14
producer-1.pitur-265048.isolateedinburgh-pg0.utah.cloudlab.us,2025-08-12T20:16:17.229862599Z,1755029777229,50049,10007.8,4.77,1.8,28.0,1,3,9,25
producer-1.pitur-265048.isolateedinburgh-pg0.utah.cloudlab.us,2025-08-12T20:16:22.233057368Z,1755029782233,50031,10004.2,4.77,1.8,18.0,2,3,9,16
producer-1.pitur-265048.isolateedinburgh-pg0.utah.cloudlab.us,2025-08-12T20:16:27.236843514Z,1755029787236,50040,10006.0,4.77,1.8,22.0,1,4,10,19
producer-1.pitur-265048.isolateedinburgh-pg0.utah.cloudlab.us,2025-08-12T20:16:32.239639514Z,1755029792239,50009,10001.8,4.77,1.7,18.0,2,3,8,12
producer-1.pitur-265048.isolateedinburgh-pg0.utah.cloudlab.us,2025-08-12T20:16:37.244262839Z,1755029797244,50061,10010.2,4.77,1.8,17.0,1,3,9,16
producer-1.pitur-265048.isolateedinburgh-pg0.utah.cloudlab.us,2025-08-12T20:16:42.247564131Z,1755029802247,50030,10004.0,4.77,1.7,16.0,1,3,8,11
producer-1.pitur-265048.isolateedinburgh-pg0.utah.cloudlab.us,2025-08-12T20:16:47.251167871Z,1755029807251,50040,10006.0,4.77,1.7,24.0,1,3,9,21
producer-1.pitur-265048.isolateedinburgh-pg0.utah.cloudlab.us,2025-08-12T20:16:52.254171846Z,1755029812254,50030,10006.0,4.77,1.6,18.0,1,3,6,12
producer-1.pitur-265048.isolateedinburgh-pg0.utah.cloudlab.us,2025-08-12T20:16:57.258107871Z,1755029817258,50040,10004.0,4.77,1.7,33.0,1,3,9,31
producer-1.pitur-265048.isolateedinburgh-pg0.utah.cloudlab.us,2025-08-12T20:17:02.260773727Z,1755029822260,50020,10004.0,4.77,1.6,14.0,1,2,8,14
producer-1.pitur-265048.isolateedinburgh-pg0.utah.cloudlab.us,2025-08-12T20:17:07.264233746Z,1755029827264,50039,10005.8,4.77,1.7,17.0,1,3,8,16
producer-1.pitur-265048.isolateedinburgh-pg0.utah.cloudlab.us,2025-08-12T20:17:12.268053869Z,1755029832268,50040,10004.0,4.77,1.7,17.0,1,3,8,13
producer-1.pitur-265048.isolateedinburgh-pg0.utah.cloudlab.us,2025-08-12T20:17:17.272894236Z,1755029837272,49979,9993.8,4.77,1.8,14.0,2,3,9,13
producer-1.pitur-265048.isolateedinburgh-pg0.utah.cloudlab.us,2025-08-12T20:17:22.275491980Z,1755029842275,50092,10018.4,4.78,1.8,19.0,1,3,10,15
producer-1.pitur-265048.isolateedinburgh-pg0.utah.cloudlab.us,2025-08-12T20:17:27.294052505Z,1755029847294,50030,9976.1,4.76,1.7,17.0,1,3,8,15
producer-1.pitur-265048.isolateedinburgh-pg0.utah.cloudlab.us,2025-08-12T20:17:32.296284714Z,1755029852296,50180,10036.0,4.79,1.8,20.0,2,3,8,17
producer-1.pitur-265048.isolateedinburgh-pg0.utah.cloudlab.us,2025-08-12T20:17:37.299659986Z,1755029857299,50030,10004.0,4.77,1.7,16.0,2,3,8,15
producer-1.pitur-265048.isolateedinburgh-pg0.utah.cloudlab.us,2025-08-12T20:17:42.304278862Z,1755029862304,50050,10006.0,4.77,1.8,21.0,2,3,9,20
producer-1.pitur-265048.isolateedinburgh-pg0.utah.cloudlab.us,2025-08-12T20:17:47.308175153Z,1755029867308,49990,9996.0,4.77,1.8,19.0,2,3,9,17
producer-1.pitur-265048.isolateedinburgh-pg0.utah.cloudlab.us,2025-08-12T20:17:52.322508184Z,1755029872322,50030,9982.0,4.76,1.7,18.0,1,3,9,13
producer-1.pitur-265048.isolateedinburgh-pg0.utah.cloudlab.us,2025-08-12T20:17:57.326272964Z,1755029877326,50194,10036.8,4.79,1.8,21.0,2,3,9,19
producer-1.pitur-265048.isolateedinburgh-pg0.utah.cloudlab.us,2025-08-12T20:18:02.331146133Z,1755029882331,50056,10007.2,4.77,1.7,18.0,2,3,8,11
producer-1.pitur-265048.isolateedinburgh-pg0.utah.cloudlab.us,2025-08-12T20:18:07.334643057Z,1755029887334,50036,10005.2,4.77,1.8,17.0,2,3,8,16
producer-1.pitur-265048.isolateedinburgh-pg0.utah.cloudlab.us,2025-08-12T20:18:12.337724877Z,1755029892337,50026,10005.2,4.77,1.8,18.0,2,3,9,16
producer-1.pitur-265048.isolateedinburgh-pg0.utah.cloudlab.us,2025-08-12T20:18:17.342193175Z,1755029897342,50047,10005.4,4.77,1.7,18.0,1,3,8,17
producer-1.pitur-265048.isolateedinburgh-pg0.utah.cloudlab.us,2025-08-12T20:18:22.345228790Z,1755029902345,50031,10006.2,4.77,1.7,19.0,1,3,9,15
producer-1.pitur-265048.isolateedinburgh-pg0.utah.cloudlab.us,2025-08-12T20:18:27.348275570Z,1755029907348,50030,10006.0,4.77,1.8,18.0,1,4,10,16
producer-1.pitur-265048.isolateedinburgh-pg0.utah.cloudlab.us,2025-08-12T20:18:32.350727881Z,1755029912350,50028,10005.6,4.77,1.6,16.0,1,2,8,13
producer-1.pitur-265048.isolateedinburgh-pg0.utah.cloudlab.us,2025-08-12T20:18:37.355066591Z,1755029917355,50032,10002.4,4.77,1.9,22.0,2,4,10,18
producer-1.pitur-265048.isolateedinburgh-pg0.utah.cloudlab.us,2025-08-12T20:18:42.359516745Z,1755029922359,50050,10008.0,4.77,1.7,17.0,1,3,9,14
producer-1.pitur-265048.isolateedinburgh-pg0.utah.cloudlab.us,2025-08-12T20:18:47.363017593Z,1755029927363,50036,10005.2,4.77,1.7,19.0,1,3,10,17
producer-1.pitur-265048.isolateedinburgh-pg0.utah.cloudlab.us,2025-08-12T20:18:52.366111960Z,1755029932366,50032,10006.4,4.77,1.7,19.0,1,3,9,16
producer-1.pitur-265048.isolateedinburgh-pg0.utah.cloudlab.us,2025-08-12T20:18:57.373605002Z,1755029937373,50031,9998.2,4.77,1.8,16.0,2,3,9,13
producer-1.pitur-265048.isolateedinburgh-pg0.utah.cloudlab.us,2025-08-12T20:19:02.376570967Z,1755029942376,50078,10015.6,4.78,1.7,17.0,2,3,9,13
producer-1.pitur-265048.isolateedinburgh-pg0.utah.cloudlab.us,2025-08-12T20:19:07.378331024Z,1755029947378,50013,10002.6,4.77,1.6,16.0,1,3,8,13
producer-1.pitur-265048.isolateedinburgh-pg0.utah.cloudlab.us,2025-08-12T20:19:12.381398090Z,1755029952381,50030,10004.0,4.77,1.7,21.0,2,3,8,12
producer-1.pitur-265048.isolateedinburgh-pg0.utah.cloudlab.us,2025-08-12T20:19:17.383262778Z,1755029957383,50019,10003.8,4.77,1.8,16.0,2,3,10,15
producer-1.pitur-265048.isolateedinburgh-pg0.utah.cloudlab.us,2025-08-12T20:19:22.388374246Z,1755029962388,50051,10006.2,4.77,1.7,16.0,2,3,8,12
producer-1.pitur-265048.isolateedinburgh-pg0.utah.cloudlab.us,2025-08-12T20:19:27.390372550Z,1755029967390,50020,10004.0,4.77,1.7,18.0,1,3,10,17
producer-1.pitur-265048.isolateedinburgh-pg0.utah.cloudlab.us,2025-08-12T20:19:32.392028592Z,1755029972392,50020,10004.0,4.77,1.7,17.0,1,3,9,13
producer-1.pitur-265048.isolateedinburgh-pg0.utah.cloudlab.us,2025-08-12T20:19:37.394212409Z,1755029977394,50020,10004.0,4.77,1.7,21.0,1,3,8,18
producer-1.pitur-265048.isolateedinburgh-pg0.utah.cloudlab.us,2025-08-12T20:19:42.398513710Z,1755029982398,50040,10006.0,4.77,1.7,15.0,1,3,9,14
producer-1.pitur-265048.isolateedinburgh-pg0.utah.cloudlab.us,2025-08-12T20:19:47.402861202Z,1755029987402,50049,10007.8,4.77,1.8,18.0,1,3,10,16
producer-1.pitur-265048.isolateedinburgh-pg0.utah.cloudlab.us,2025-08-12T20:19:52.406867975Z,1755029992406,50041,10006.2,4.77,1.7,16.0,1,3,8,11
producer-1.pitur-265048.isolateedinburgh-pg0.utah.cloudlab.us,2025-08-12T20:19:57.409965558Z,1755029997409,50030,10006.0,4.77,1.8,19.0,2,3,9,16
producer-1.pitur-265048.isolateedinburgh-pg0.utah.cloudlab.us,2025-08-12T20:20:02.412407708Z,1755030002412,50020,10004.0,4.77,1.8,16.0,2,4,9,16
producer-1.pitur-265048.isolateedinburgh-pg0.utah.cloudlab.us,2025-08-12T20:20:07.416512354Z,1755030007416,50039,10005.8,4.77,1.8,20.0,2,3,10,17
producer-1.pitur-265048.isolateedinburgh-pg0.utah.cloudlab.us,2025-08-12T20:20:12.421186433Z,1755030012421,50041,10004.2,4.77,1.7,15.0,1,3,9,15
producer-1.pitur-265048.isolateedinburgh-pg0.utah.cloudlab.us,2025-08-12T20:20:17.425562272Z,1755030017425,50050,10008.0,4.77,1.8,14.0,2,3,9,14
producer-1.pitur-265048.isolateedinburgh-pg0.utah.cloudlab.us,2025-08-12T20:20:22.428284498Z,1755030022428,50030,10006.0,4.77,1.8,23.0,2,4,8,15
producer-1.pitur-265048.isolateedinburgh-pg0.utah.cloudlab.us,2025-08-12T20:20:27.431347544Z,1755030027431,50030,10004.0,4.77,1.7,15.0,1,3,8,14
producer-1.pitur-265048.isolateedinburgh-pg0.utah.cloudlab.us,2025-08-12T20:20:32.434974813Z,1755030032434,50030,10006.0,4.77,1.8,19.0,2,4,10,17
producer-1.pitur-265048.isolateedinburgh-pg0.utah.cloudlab.us,2025-08-12T20:20:37.439184107Z,1755030037439,50050,10008.0,4.77,1.7,27.0,1,3,9,25
producer-1.pitur-265048.isolateedinburgh-pg0.utah.cloudlab.us,2025-08-12T20:20:42.442903242Z,1755030042442,50020,10004.0,4.77,1.8,16.0,2,3,8,16
producer-1.pitur-265048.isolateedinburgh-pg0.utah.cloudlab.us,2025-08-12T20:20:47.447612966Z,1755030047447,50060,10010.0,4.77,1.8,17.0,2,3,9,12
producer-1.pitur-265048.isolateedinburgh-pg0.utah.cloudlab.us,2025-08-12T20:20:52.452040489Z,1755030052452,50050,10008.0,4.77,1.7,14.0,2,3,9,12
producer-1.pitur-265048.isolateedinburgh-pg0.utah.cloudlab.us,2025-08-12T20:20:57.472398881Z,1755030057472,50030,9972.1,4.76,1.6,15.0,1,3,8,12
producer-1.pitur-265048.isolateedinburgh-pg0.utah.cloudlab.us,2025-08-12T20:21:02.477186178Z,1755030062477,50220,10040.0,4.79,1.7,17.0,1,3,7,11
producer-1.pitur-265048.isolateedinburgh-pg0.utah.cloudlab.us,2025-08-12T20:21:07.481163059Z,1755030067481,50039,10003.8,4.77,1.8,20.0,1,3,10,19
