hostname,timestamp_iso,timestamp_ms,records_sent,recs_per_sec,mb_per_sec,avg_latency,max_latency,p50,p95,p99,p999
producer-1.pitur-265048.isolateedinburgh-pg0.utah.cloudlab.us,2025-08-12T20:10:21.918453518Z,1755029421918,49962,9992.4,4.76,14.6,601.0,2,102,131,142
producer-1.pitur-265048.isolateedinburgh-pg0.utah.cloudlab.us,2025-08-12T20:10:26.942200110Z,1755029426942,50239,10047.8,4.79,1.8,31.0,1,3,11,30
producer-1.pitur-265048.isolateedinburgh-pg0.utah.cloudlab.us,2025-08-12T20:10:31.950439716Z,1755029431950,50081,10014.2,4.78,1.6,18.0,1,3,8,15
producer-1.pitur-265048.isolateedinburgh-pg0.utah.cloudlab.us,2025-08-12T20:10:36.955279610Z,1755029436955,50040,10006.0,4.77,1.6,14.0,1,3,7,12
producer-1.pitur-265048.isolateedinburgh-pg0.utah.cloudlab.us,2025-08-12T20:10:41.962850120Z,1755029441962,50089,10015.8,4.78,1.7,13.0,1,3,8,12
producer-1.pitur-265048.isolateedinburgh-pg0.utah.cloudlab.us,2025-08-12T20:10:46.967811819Z,1755029446967,50051,10010.2,4.77,1.6,18.0,1,3,6,12
producer-1.pitur-265048.isolateedinburgh-pg0.utah.cloudlab.us,2025-08-12T20:10:51.971122757Z,1755029451971,50030,10006.0,4.77,1.7,22.0,1,3,9,21
producer-1.pitur-265048.isolateedinburgh-pg0.utah.cloudlab.us,2025-08-12T20:10:56.975470414Z,1755029456975,50040,10006.0,4.77,1.7,16.0,1,3,8,11
producer-1.pitur-265048.isolateedinburgh-pg0.utah.cloudlab.us,2025-08-12T20:11:01.980063691Z,1755029461980,50020,10002.0,4.77,1.7,13.0,2,3,8,11
producer-1.pitur-265048.isolateedinburgh-pg0.utah.cloudlab.us,2025-08-12T20:11:06.985301167Z,1755029466985,50079,10013.8,4.77,1.7,15.0,1,3,8,13
producer-1.pitur-265048.isolateedinburgh-pg0.utah.cloudlab.us,2025-08-12T20:11:11.988129008Z,1755029471988,50031,10006.2,4.77,1.7,16.0,1,3,9,12
producer-1.pitur-265048.isolateedinburgh-pg0.utah.cloudlab.us,2025-08-12T20:11:16.991226824Z,1755029476991,50030,10004.0,4.77,1.6,15.0,1,2,8,15
producer-1.pitur-265048.isolateedinburgh-pg0.utah.cloudlab.us,2025-08-12T20:11:21.996062862Z,1755029481996,50049,10005.8,4.77,1.7,19.0,1,3,8,16
producer-1.pitur-265048.isolateedinburgh-pg0.utah.cloudlab.us,2025-08-12T20:11:26.999405391Z,1755029486999,50031,10006.2,4.77,1.7,17.0,1,3,8,16
producer-1.pitur-265048.isolateedinburgh-pg0.utah.cloudlab.us,2025-08-12T20:11:32.013508785Z,1755029492013,50129,10021.8,4.78,1.7,18.0,1,3,9,17
producer-1.pitur-265048.isolateedinburgh-pg0.utah.cloudlab.us,2025-08-12T20:11:37.017452580Z,1755029497017,50051,10010.2,4.77,1.6,17.0,1,3,8,11
producer-1.pitur-265048.isolateedinburgh-pg0.utah.cloudlab.us,2025-08-12T20:11:42.024039717Z,1755029502024,50000,9990.0,4.76,1.7,15.0,1,3,8,13
producer-1.pitur-265048.isolateedinburgh-pg0.utah.cloudlab.us,2025-08-12T20:11:47.026598107Z,1755029507026,50089,10017.8,4.78,1.7,12.0,1,3,8,10
producer-1.pitur-265048.isolateedinburgh-pg0.utah.cloudlab.us,2025-08-12T20:11:52.031009068Z,1755029512031,50051,10006.2,4.77,1.7,17.0,1,3,8,11
producer-1.pitur-265048.isolateedinburgh-pg0.utah.cloudlab.us,2025-08-12T20:11:57.035143817Z,1755029517035,50040,10004.0,4.77,1.6,17.0,1,3,7,16
producer-1.pitur-265048.isolateedinburgh-pg0.utah.cloudlab.us,2025-08-12T20:12:02.038989914Z,1755029522038,50039,10007.8,4.77,1.7,14.0,1,3,8,13
producer-1.pitur-265048.isolateedinburgh-pg0.utah.cloudlab.us,2025-08-12T20:12:07.046218868Z,1755029527046,50071,10014.2,4.78,1.6,16.0,1,3,8,12
producer-1.pitur-265048.isolateedinburgh-pg0.utah.cloudlab.us,2025-08-12T20:12:12.048025152Z,1755029532048,50010,10002.0,4.77,1.7,15.0,1,3,7,12
producer-1.pitur-265048.isolateedinburgh-pg0.utah.cloudlab.us,2025-08-12T20:12:17.051560484Z,1755029537051,50037,10007.4,4.77,1.7,20.0,1,3,8,18
producer-1.pitur-265048.isolateedinburgh-pg0.utah.cloudlab.us,2025-08-12T20:12:22.054617956Z,1755029542054,50032,10006.4,4.77,1.7,17.0,1,3,9,15
producer-1.pitur-265048.isolateedinburgh-pg0.utah.cloudlab.us,2025-08-12T20:12:27.058997468Z,1755029547058,50030,10004.0,4.77,1.7,17.0,2,3,8,13
producer-1.pitur-265048.isolateedinburgh-pg0.utah.cloudlab.us,2025-08-12T20:12:32.062826414Z,1755029552062,50061,10012.2,4.77,1.7,15.0,1,3,8,12
producer-1.pitur-265048.isolateedinburgh-pg0.utah.cloudlab.us,2025-08-12T20:12:37.065457733Z,1755029557065,50020,10004.0,4.77,1.7,16.0,1,3,8,15
producer-1.pitur-265048.isolateedinburgh-pg0.utah.cloudlab.us,2025-08-12T20:12:42.069844965Z,1755029562069,50049,10007.8,4.77,1.7,17.0,1,3,8,13
producer-1.pitur-265048.isolateedinburgh-pg0.utah.cloudlab.us,2025-08-12T20:12:47.075360707Z,1755029567075,50051,10008.2,4.77,1.7,14.0,1,3,8,11
producer-1.pitur-265048.isolateedinburgh-pg0.utah.cloudlab.us,2025-08-12T20:12:52.078698484Z,1755029572078,50030,10006.0,4.77,1.7,15.0,1,3,9,14
producer-1.pitur-265048.isolateedinburgh-pg0.utah.cloudlab.us,2025-08-12T20:12:57.082639525Z,1755029577082,50045,10007.0,4.77,1.6,12.0,1,2,7,11
producer-1.pitur-265048.isolateedinburgh-pg0.utah.cloudlab.us,2025-08-12T20:13:02.085166865Z,1755029582085,50024,10004.8,4.77,1.7,16.0,2,3,8,13
producer-1.pitur-265048.isolateedinburgh-pg0.utah.cloudlab.us,2025-08-12T20:13:07.087888462Z,1755029587087,50031,10006.2,4.77,1.7,18.0,1,3,9,15
producer-1.pitur-265048.isolateedinburgh-pg0.utah.cloudlab.us,2025-08-12T20:13:12.091317760Z,1755029592091,50030,10004.0,4.77,1.8,19.0,2,3,9,16
producer-1.pitur-265048.isolateedinburgh-pg0.utah.cloudlab.us,2025-08-12T20:13:17.096029459Z,1755029597096,50049,10005.8,4.77,1.7,15.0,2,3,8,13
producer-1.pitur-265048.isolateedinburgh-pg0.utah.cloudlab.us,2025-08-12T20:13:22.100258360Z,1755029602100,50040,10006.0,4.77,1.7,17.0,1,3,9,14
producer-1.pitur-265048.isolateedinburgh-pg0.utah.cloudlab.us,2025-08-12T20:13:27.103273014Z,1755029607103,50031,10004.2,4.77,1.8,16.0,1,3,9,15
producer-1.pitur-265048.isolateedinburgh-pg0.utah.cloudlab.us,2025-08-12T20:13:32.106790067Z,1755029612106,50030,10004.0,4.77,1.6,13.0,1,2,8,12
producer-1.pitur-265048.isolateedinburgh-pg0.utah.cloudlab.us,2025-08-12T20:13:37.110475464Z,1755029617110,50040,10006.0,4.77,1.8,15.0,2,3,9,13
producer-1.pitur-265048.isolateedinburgh-pg0.utah.cloudlab.us,2025-08-12T20:13:42.113454110Z,1755029622113,50029,10005.8,4.77,1.7,15.0,1,3,8,14
producer-1.pitur-265048.isolateedinburgh-pg0.utah.cloudlab.us,2025-08-12T20:13:47.116656260Z,1755029627116,50031,10006.2,4.77,1.7,15.0,2,3,8,13
producer-1.pitur-265048.isolateedinburgh-pg0.utah.cloudlab.us,2025-08-12T20:13:52.120353277Z,1755029632120,50040,10006.0,4.77,1.7,12.0,2,3,7,9
producer-1.pitur-265048.isolateedinburgh-pg0.utah.cloudlab.us,2025-08-12T20:13:57.123136977Z,1755029637123,50030,10006.0,4.77,1.7,18.0,1,3,9,14
producer-1.pitur-265048.isolateedinburgh-pg0.utah.cloudlab.us,2025-08-12T20:14:02.126383378Z,1755029642126,50029,10003.8,4.77,1.8,18.0,1,3,10,16
producer-1.pitur-265048.isolateedinburgh-pg0.utah.cloudlab.us,2025-08-12T20:14:07.129120628Z,1755029647129,50031,10006.2,4.77,1.7,19.0,1,3,8,17
producer-1.pitur-265048.isolateedinburgh-pg0.utah.cloudlab.us,2025-08-12T20:14:12.133235943Z,1755029652133,50040,10006.0,4.77,1.7,18.0,1,3,10,15
producer-1.pitur-265048.isolateedinburgh-pg0.utah.cloudlab.us,2025-08-12T20:14:17.135695812Z,1755029657135,50022,10004.4,4.77,1.7,22.0,1,3,8,19
producer-1.pitur-265048.isolateedinburgh-pg0.utah.cloudlab.us,2025-08-12T20:14:22.138916481Z,1755029662138,50037,10007.4,4.77,1.7,14.0,1,3,8,14
producer-1.pitur-265048.isolateedinburgh-pg0.utah.cloudlab.us,2025-08-12T20:14:27.141564028Z,1755029667141,50020,10004.0,4.77,1.8,17.0,1,3,9,15
producer-1.pitur-265048.isolateedinburgh-pg0.utah.cloudlab.us,2025-08-12T20:14:32.145509399Z,1755029672145,50040,10006.0,4.77,1.8,17.0,2,3,9,13
producer-1.pitur-265048.isolateedinburgh-pg0.utah.cloudlab.us,2025-08-12T20:14:37.148907592Z,1755029677148,50041,10008.2,4.77,1.7,18.0,1,3,8,17
producer-1.pitur-265048.isolateedinburgh-pg0.utah.cloudlab.us,2025-08-12T20:14:42.159290866Z,1755029682159,50010,9986.0,4.76,1.8,17.0,2,3,10,17
producer-1.pitur-265048.isolateedinburgh-pg0.utah.cloudlab.us,2025-08-12T20:14:47.162842204Z,1755029687162,50120,10024.0,4.78,1.8,42.0,1,3,10,34
producer-1.pitur-265048.isolateedinburgh-pg0.utah.cloudlab.us,2025-08-12T20:14:52.166998703Z,1755029692166,50050,10008.0,4.77,1.7,18.0,1,3,8,16
producer-1.pitur-265048.isolateedinburgh-pg0.utah.cloudlab.us,2025-08-12T20:14:57.170166485Z,1755029697170,50030,10004.0,4.77,1.7,19.0,1,3,8,13
producer-1.pitur-265048.isolateedinburgh-pg0.utah.cloudlab.us,2025-08-12T20:15:02.175970185Z,1755029702175,50041,10004.2,4.77,1.7,14.0,2,3,9,13
producer-1.pitur-265048.isolateedinburgh-pg0.utah.cloudlab.us,2025-08-12T20:15:07.179628145Z,1755029707179,50059,10011.8,4.77,1.8,22.0,2,3,10,17
producer-1.pitur-265048.isolateedinburgh-pg0.utah.cloudlab.us,2025-08-12T20:15:12.182814565Z,1755029712182,50030,10006.0,4.77,1.8,30.0,1,3,9,28
producer-1.pitur-265048.isolateedinburgh-pg0.utah.cloudlab.us,2025-08-12T20:15:17.187054452Z,1755029717186,50030,10004.0,4.77,1.8,20.0,1,3,10,19
producer-1.pitur-265048.isolateedinburgh-pg0.utah.cloudlab.us,2025-08-12T20:15:22.190400184Z,1755029722190,50040,10008.0,4.77,2.0,28.0,2,4,10,26
producer-1.pitur-265048.isolateedinburgh-pg0.utah.cloudlab.us,2025-08-12T20:15:27.193710361Z,1755029727193,50035,10005.0,4.77,1.7,21.0,2,3,8,16
producer-1.pitur-265048.isolateedinburgh-pg0.utah.cloudlab.us,2025-08-12T20:15:32.197902981Z,1755029732197,50044,10006.8,4.77,1.7,16.0,1,3,9,15
producer-1.pitur-265048.isolateedinburgh-pg0.utah.cloudlab.us,2025-08-12T20:15:37.201989858Z,1755029737201,50041,10006.2,4.77,1.7,15.0,1,3,8,12
producer-1.pitur-265048.isolateedinburgh-pg0.utah.cloudlab.us,2025-08-12T20:15:42.204044328Z,1755029742204,50020,10004.0,4.77,1.8,46.0,1,3,10,44
producer-1.pitur-265048.isolateedinburgh-pg0.utah.cloudlab.us,2025-08-12T20:15:47.207616247Z,1755029747207,50030,10004.0,4.77,1.8,28.0,1,3,11,26
producer-1.pitur-265048.isolateedinburgh-pg0.utah.cloudlab.us,2025-08-12T20:15:52.220005183Z,1755029752220,50048,9989.6,4.76,1.8,20.0,1,3,9,19
producer-1.pitur-265048.isolateedinburgh-pg0.utah.cloudlab.us,2025-08-12T20:15:57.223007898Z,1755029757223,50102,10018.4,4.78,1.7,17.0,1,3,9,15
producer-1.pitur-265048.isolateedinburgh-pg0.utah.cloudlab.us,2025-08-12T20:16:02.227178620Z,1755029762227,50050,10006.0,4.77,1.7,15.0,1,3,8,13
producer-1.pitur-265048.isolateedinburgh-pg0.utah.cloudlab.us,2025-08-12T20:16:07.231340923Z,1755029767231,50040,10006.0,4.77,1.8,17.0,2,3,10,17
producer-1.pitur-265048.isolateedinburgh-pg0.utah.cloudlab.us,2025-08-12T20:16:12.234062617Z,1755029772234,50029,10003.8,4.77,1.7,18.0,1,3,9,16
producer-1.pitur-265048.isolateedinburgh-pg0.utah.cloudlab.us,2025-08-12T20:16:17.237935153Z,1755029777237,50040,10008.0,4.77,1.6,16.0,1,2,8,14
producer-1.pitur-265048.isolateedinburgh-pg0.utah.cloudlab.us,2025-08-12T20:16:22.244470826Z,1755029782244,50021,9998.2,4.77,1.8,15.0,2,3,10,15
producer-1.pitur-265048.isolateedinburgh-pg0.utah.cloudlab.us,2025-08-12T20:16:27.248084024Z,1755029787248,50080,10014.0,4.78,1.8,17.0,2,3,10,15
producer-1.pitur-265048.isolateedinburgh-pg0.utah.cloudlab.us,2025-08-12T20:16:32.250524596Z,1755029792250,50020,10004.0,4.77,1.7,16.0,1,3,8,14
producer-1.pitur-265048.isolateedinburgh-pg0.utah.cloudlab.us,2025-08-12T20:16:37.253749445Z,1755029797253,50039,10007.8,4.77,1.8,17.0,1,3,9,16
producer-1.pitur-265048.isolateedinburgh-pg0.utah.cloudlab.us,2025-08-12T20:16:42.256697436Z,1755029802256,50021,10004.2,4.77,1.7,14.0,1,3,8,12
producer-1.pitur-265048.isolateedinburgh-pg0.utah.cloudlab.us,2025-08-12T20:16:47.260163461Z,1755029807260,50040,10008.0,4.77,1.7,14.0,1,3,9,12
producer-1.pitur-265048.isolateedinburgh-pg0.utah.cloudlab.us,2025-08-12T20:16:52.262504949Z,1755029812262,50020,10004.0,4.77,1.7,19.0,1,3,9,12
producer-1.pitur-265048.isolateedinburgh-pg0.utah.cloudlab.us,2025-08-12T20:16:57.267301063Z,1755029817267,50050,10006.0,4.77,1.8,43.0,1,3,11,41
producer-1.pitur-265048.isolateedinburgh-pg0.utah.cloudlab.us,2025-08-12T20:17:02.269369824Z,1755029822269,50020,10004.0,4.77,1.7,18.0,1,2,8,15
producer-1.pitur-265048.isolateedinburgh-pg0.utah.cloudlab.us,2025-08-12T20:17:07.274068046Z,1755029827274,50050,10006.0,4.77,1.7,15.0,1,3,8,11
producer-1.pitur-265048.isolateedinburgh-pg0.utah.cloudlab.us,2025-08-12T20:17:12.277077879Z,1755029832277,50030,10006.0,4.77,1.7,18.0,1,3,8,15
producer-1.pitur-265048.isolateedinburgh-pg0.utah.cloudlab.us,2025-08-12T20:17:17.280093434Z,1755029837280,50030,10006.0,4.77,1.7,28.0,1,3,8,26
producer-1.pitur-265048.isolateedinburgh-pg0.utah.cloudlab.us,2025-08-12T20:17:22.284281207Z,1755029842284,50039,10003.8,4.77,1.7,19.0,1,3,9,15
producer-1.pitur-265048.isolateedinburgh-pg0.utah.cloudlab.us,2025-08-12T20:17:27.286720732Z,1755029847286,50030,10006.0,4.77,1.6,13.0,1,3,8,12
producer-1.pitur-265048.isolateedinburgh-pg0.utah.cloudlab.us,2025-08-12T20:17:32.289364675Z,1755029852289,50021,10004.2,4.77,1.7,19.0,1,2,9,16
producer-1.pitur-265048.isolateedinburgh-pg0.utah.cloudlab.us,2025-08-12T20:17:37.293114860Z,1755029857293,50040,10004.0,4.77,1.7,16.0,1,3,9,12
producer-1.pitur-265048.isolateedinburgh-pg0.utah.cloudlab.us,2025-08-12T20:17:42.295009967Z,1755029862295,50020,10004.0,4.77,1.9,18.0,2,4,10,16
producer-1.pitur-265048.isolateedinburgh-pg0.utah.cloudlab.us,2025-08-12T20:17:47.297998271Z,1755029867297,50030,10006.0,4.77,1.7,20.0,1,3,8,19
producer-1.pitur-265048.isolateedinburgh-pg0.utah.cloudlab.us,2025-08-12T20:17:52.301565922Z,1755029872301,50030,10004.0,4.77,1.7,17.0,1,3,9,16
producer-1.pitur-265048.isolateedinburgh-pg0.utah.cloudlab.us,2025-08-12T20:17:57.305374175Z,1755029877305,50040,10006.0,4.77,1.7,23.0,1,3,9,21
producer-1.pitur-265048.isolateedinburgh-pg0.utah.cloudlab.us,2025-08-12T20:18:02.307965810Z,1755029882307,50030,10006.0,4.77,1.6,17.0,1,2,8,16
producer-1.pitur-265048.isolateedinburgh-pg0.utah.cloudlab.us,2025-08-12T20:18:07.311162744Z,1755029887311,50029,10005.8,4.77,1.7,16.0,1,3,8,11
producer-1.pitur-265048.isolateedinburgh-pg0.utah.cloudlab.us,2025-08-12T20:18:12.315132109Z,1755029892315,50041,10004.2,4.77,1.7,16.0,1,3,7,16
producer-1.pitur-265048.isolateedinburgh-pg0.utah.cloudlab.us,2025-08-12T20:18:17.318593861Z,1755029897318,50030,10004.0,4.77,1.7,16.0,1,3,8,13
producer-1.pitur-265048.isolateedinburgh-pg0.utah.cloudlab.us,2025-08-12T20:18:22.323419621Z,1755029902323,50050,10008.0,4.77,1.7,20.0,2,3,8,16
producer-1.pitur-265048.isolateedinburgh-pg0.utah.cloudlab.us,2025-08-12T20:18:27.327366013Z,1755029907327,50040,10006.0,4.77,1.8,17.0,2,4,10,15
producer-1.pitur-265048.isolateedinburgh-pg0.utah.cloudlab.us,2025-08-12T20:18:32.331009585Z,1755029912331,50040,10004.0,4.77,1.6,15.0,1,2,7,13
producer-1.pitur-265048.isolateedinburgh-pg0.utah.cloudlab.us,2025-08-12T20:18:37.333944213Z,1755029917333,49985,9997.0,4.77,1.9,21.0,2,3,11,20
producer-1.pitur-265048.isolateedinburgh-pg0.utah.cloudlab.us,2025-08-12T20:18:42.338899319Z,1755029922338,50095,10017.0,4.78,1.8,29.0,1,3,10,27
producer-1.pitur-265048.isolateedinburgh-pg0.utah.cloudlab.us,2025-08-12T20:18:47.342576509Z,1755029927342,50029,10003.8,4.77,1.7,18.0,2,3,9,16
producer-1.pitur-265048.isolateedinburgh-pg0.utah.cloudlab.us,2025-08-12T20:18:52.348125183Z,1755029932348,50031,10000.2,4.77,1.7,17.0,1,3,9,17
producer-1.pitur-265048.isolateedinburgh-pg0.utah.cloudlab.us,2025-08-12T20:18:57.352000301Z,1755029937351,50039,10007.8,4.77,1.7,14.0,1,3,8,14
producer-1.pitur-265048.isolateedinburgh-pg0.utah.cloudlab.us,2025-08-12T20:19:02.356451402Z,1755029942356,50071,10012.2,4.77,1.7,15.0,1,3,9,14
producer-1.pitur-265048.isolateedinburgh-pg0.utah.cloudlab.us,2025-08-12T20:19:07.360277926Z,1755029947360,50040,10006.0,4.77,1.7,19.0,1,3,9,14
producer-1.pitur-265048.isolateedinburgh-pg0.utah.cloudlab.us,2025-08-12T20:19:12.363743527Z,1755029952363,50040,10006.0,4.77,1.7,17.0,1,3,8,14
producer-1.pitur-265048.isolateedinburgh-pg0.utah.cloudlab.us,2025-08-12T20:19:17.366258499Z,1755029957366,50010,10000.0,4.77,1.9,18.0,2,4,11,16
producer-1.pitur-265048.isolateedinburgh-pg0.utah.cloudlab.us,2025-08-12T20:19:22.370760841Z,1755029962370,50054,10008.8,4.77,1.7,17.0,2,3,8,11
producer-1.pitur-265048.isolateedinburgh-pg0.utah.cloudlab.us,2025-08-12T20:19:27.373440259Z,1755029967373,50026,10003.2,4.77,1.8,18.0,2,3,8,16
producer-1.pitur-265048.isolateedinburgh-pg0.utah.cloudlab.us,2025-08-12T20:19:32.375622307Z,1755029972375,50029,10005.8,4.77,1.6,17.0,1,3,8,12
producer-1.pitur-265048.isolateedinburgh-pg0.utah.cloudlab.us,2025-08-12T20:19:37.379715763Z,1755029977379,50040,10006.0,4.77,1.7,15.0,1,3,8,13
producer-1.pitur-265048.isolateedinburgh-pg0.utah.cloudlab.us,2025-08-12T20:19:42.382825393Z,1755029982382,50024,10004.8,4.77,1.7,14.0,1,3,9,13
producer-1.pitur-265048.isolateedinburgh-pg0.utah.cloudlab.us,2025-08-12T20:19:47.386166582Z,1755029987386,50037,10005.4,4.77,1.7,17.0,1,3,10,17
producer-1.pitur-265048.isolateedinburgh-pg0.utah.cloudlab.us,2025-08-12T20:19:52.389561661Z,1755029992389,50030,10004.0,4.77,1.7,17.0,1,3,9,15
producer-1.pitur-265048.isolateedinburgh-pg0.utah.cloudlab.us,2025-08-12T20:19:57.394352265Z,1755029997394,50050,10008.0,4.77,1.7,12.0,1,3,8,10
producer-1.pitur-265048.isolateedinburgh-pg0.utah.cloudlab.us,2025-08-12T20:20:02.397790352Z,1755030002397,50039,10007.8,4.77,1.7,17.0,1,3,9,16
producer-1.pitur-265048.isolateedinburgh-pg0.utah.cloudlab.us,2025-08-12T20:20:07.402117493Z,1755030007402,50041,10004.2,4.77,1.6,14.0,1,3,8,12
producer-1.pitur-265048.isolateedinburgh-pg0.utah.cloudlab.us,2025-08-12T20:20:12.405566334Z,1755030012405,50030,10004.0,4.77,1.7,17.0,1,3,9,15
producer-1.pitur-265048.isolateedinburgh-pg0.utah.cloudlab.us,2025-08-12T20:20:17.409122466Z,1755030017409,50040,10006.0,4.77,1.7,15.0,1,3,8,15
producer-1.pitur-265048.isolateedinburgh-pg0.utah.cloudlab.us,2025-08-12T20:20:22.412095591Z,1755030022412,50030,10006.0,4.77,1.7,16.0,2,3,9,15
producer-1.pitur-265048.isolateedinburgh-pg0.utah.cloudlab.us,2025-08-12T20:20:27.414132907Z,1755030027414,50019,10003.8,4.77,1.7,15.0,1,3,8,11
producer-1.pitur-265048.isolateedinburgh-pg0.utah.cloudlab.us,2025-08-12T20:20:32.417030713Z,1755030032417,50031,10006.2,4.77,1.7,16.0,1,3,9,16
producer-1.pitur-265048.isolateedinburgh-pg0.utah.cloudlab.us,2025-08-12T20:20:37.419602761Z,1755030037419,49997,9999.4,4.77,1.7,17.0,2,3,9,16
producer-1.pitur-265048.isolateedinburgh-pg0.utah.cloudlab.us,2025-08-12T20:20:42.424539303Z,1755030042424,50073,10012.6,4.77,1.8,15.0,2,3,9,15
producer-1.pitur-265048.isolateedinburgh-pg0.utah.cloudlab.us,2025-08-12T20:20:47.430112511Z,1755030047430,50060,10008.0,4.77,1.7,14.0,1,3,8,11
producer-1.pitur-265048.isolateedinburgh-pg0.utah.cloudlab.us,2025-08-12T20:20:52.434460340Z,1755030052434,50040,10006.0,4.77,1.8,19.0,1,4,10,16
producer-1.pitur-265048.isolateedinburgh-pg0.utah.cloudlab.us,2025-08-12T20:20:57.437937885Z,1755030057437,50040,10008.0,4.77,1.6,19.0,1,3,7,16
producer-1.pitur-265048.isolateedinburgh-pg0.utah.cloudlab.us,2025-08-12T20:21:02.440639405Z,1755030062440,50019,10003.8,4.77,1.7,17.0,1,3,9,16
producer-1.pitur-265048.isolateedinburgh-pg0.utah.cloudlab.us,2025-08-12T20:21:07.444757306Z,1755030067444,50031,10006.2,4.77,1.7,20.0,1,3,9,16
