hostname,timestamp_iso,timestamp_ms,records_sent,recs_per_sec,mb_per_sec,avg_latency,max_latency,p50,p95,p99,p999
producer-1.pitur-265048.isolateedinburgh-pg0.utah.cloudlab.us,2025-08-12T20:10:21.858023547Z,1755029421857,49962,9992.4,4.76,13.9,3245.0,11,43,65,91
producer-1.pitur-265048.isolateedinburgh-pg0.utah.cloudlab.us,2025-08-12T20:10:26.886779816Z,1755029426886,50300,10058.0,4.80,1.9,34.0,1,4,10,32
producer-1.pitur-265048.isolateedinburgh-pg0.utah.cloudlab.us,2025-08-12T20:10:31.894983304Z,1755029431894,50070,10014.0,4.78,1.6,14.0,1,3,8,11
producer-1.pitur-265048.isolateedinburgh-pg0.utah.cloudlab.us,2025-08-12T20:10:36.917090919Z,1755029436917,50230,10044.0,4.79,1.7,25.0,1,3,10,24
producer-1.pitur-265048.isolateedinburgh-pg0.utah.cloudlab.us,2025-08-12T20:10:41.921747768Z,1755029441921,50040,10008.0,4.77,1.6,17.0,1,3,8,11
producer-1.pitur-265048.isolateedinburgh-pg0.utah.cloudlab.us,2025-08-12T20:10:46.925975243Z,1755029446925,50040,10008.0,4.77,1.6,17.0,1,3,7,12
producer-1.pitur-265048.isolateedinburgh-pg0.utah.cloudlab.us,2025-08-12T20:10:51.935006906Z,1755029451935,49968,9981.6,4.76,1.6,15.0,1,2,8,13
producer-1.pitur-265048.isolateedinburgh-pg0.utah.cloudlab.us,2025-08-12T20:10:56.943552662Z,1755029456943,50212,10042.4,4.79,1.8,65.0,1,2,10,63
producer-1.pitur-265048.isolateedinburgh-pg0.utah.cloudlab.us,2025-08-12T20:11:01.946260947Z,1755029461946,50030,10006.0,4.77,1.6,16.0,1,3,7,11
producer-1.pitur-265048.isolateedinburgh-pg0.utah.cloudlab.us,2025-08-12T20:11:06.951371379Z,1755029466951,50050,10006.0,4.77,1.7,18.0,1,3,8,17
producer-1.pitur-265048.isolateedinburgh-pg0.utah.cloudlab.us,2025-08-12T20:11:11.955323144Z,1755029471955,50040,10006.0,4.77,1.6,12.0,1,2,7,11
producer-1.pitur-265048.isolateedinburgh-pg0.utah.cloudlab.us,2025-08-12T20:11:16.960019008Z,1755029476960,50050,10006.0,4.77,1.7,16.0,1,3,8,15
producer-1.pitur-265048.isolateedinburgh-pg0.utah.cloudlab.us,2025-08-12T20:11:21.963980466Z,1755029481963,50039,10007.8,4.77,1.7,13.0,1,3,8,12
producer-1.pitur-265048.isolateedinburgh-pg0.utah.cloudlab.us,2025-08-12T20:11:26.967223243Z,1755029486967,50030,10004.0,4.77,1.8,35.0,1,3,10,33
producer-1.pitur-265048.isolateedinburgh-pg0.utah.cloudlab.us,2025-08-12T20:11:31.970163797Z,1755029491970,50031,10006.2,4.77,1.8,20.0,2,3,10,17
producer-1.pitur-265048.isolateedinburgh-pg0.utah.cloudlab.us,2025-08-12T20:11:36.974230679Z,1755029496974,50040,10006.0,4.77,1.7,10.0,1,3,8,10
producer-1.pitur-265048.isolateedinburgh-pg0.utah.cloudlab.us,2025-08-12T20:11:41.977063348Z,1755029501977,50010,10002.0,4.77,1.6,14.0,1,3,7,13
producer-1.pitur-265048.isolateedinburgh-pg0.utah.cloudlab.us,2025-08-12T20:11:46.981080375Z,1755029506981,50059,10009.8,4.77,1.7,18.0,1,3,8,17
producer-1.pitur-265048.isolateedinburgh-pg0.utah.cloudlab.us,2025-08-12T20:11:51.985828513Z,1755029511985,50051,10008.2,4.77,1.7,18.0,1,3,7,13
producer-1.pitur-265048.isolateedinburgh-pg0.utah.cloudlab.us,2025-08-12T20:11:56.990150179Z,1755029516990,50040,10006.0,4.77,1.7,18.0,1,3,8,15
producer-1.pitur-265048.isolateedinburgh-pg0.utah.cloudlab.us,2025-08-12T20:12:01.995272547Z,1755029521995,50050,10006.0,4.77,1.7,19.0,1,3,9,16
producer-1.pitur-265048.isolateedinburgh-pg0.utah.cloudlab.us,2025-08-12T20:12:06.999096276Z,1755029526999,50040,10004.0,4.77,1.6,13.0,1,3,7,12
producer-1.pitur-265048.isolateedinburgh-pg0.utah.cloudlab.us,2025-08-12T20:12:12.004225744Z,1755029532004,50050,10006.0,4.77,1.7,18.0,1,3,8,15
producer-1.pitur-265048.isolateedinburgh-pg0.utah.cloudlab.us,2025-08-12T20:12:17.008346973Z,1755029537008,50039,10005.8,4.77,1.6,15.0,1,3,7,12
producer-1.pitur-265048.isolateedinburgh-pg0.utah.cloudlab.us,2025-08-12T20:12:22.012845554Z,1755029542012,50051,10008.2,4.77,1.7,15.0,1,3,8,15
producer-1.pitur-265048.isolateedinburgh-pg0.utah.cloudlab.us,2025-08-12T20:12:27.030196961Z,1755029547030,50010,9974.1,4.76,1.7,18.0,1,3,7,11
producer-1.pitur-265048.isolateedinburgh-pg0.utah.cloudlab.us,2025-08-12T20:12:32.034572468Z,1755029552034,50200,10038.0,4.79,1.7,22.0,1,3,8,16
producer-1.pitur-265048.isolateedinburgh-pg0.utah.cloudlab.us,2025-08-12T20:12:37.038074151Z,1755029557038,50040,10006.0,4.77,1.6,16.0,1,3,6,12
producer-1.pitur-265048.isolateedinburgh-pg0.utah.cloudlab.us,2025-08-12T20:12:42.043247936Z,1755029562043,50049,10005.8,4.77,1.7,17.0,1,3,8,13
producer-1.pitur-265048.isolateedinburgh-pg0.utah.cloudlab.us,2025-08-12T20:12:47.046736172Z,1755029567046,50041,10006.2,4.77,1.7,17.0,1,3,9,12
producer-1.pitur-265048.isolateedinburgh-pg0.utah.cloudlab.us,2025-08-12T20:12:52.053130571Z,1755029572053,50020,9996.0,4.77,1.6,20.0,1,2,7,17
producer-1.pitur-265048.isolateedinburgh-pg0.utah.cloudlab.us,2025-08-12T20:12:57.057129727Z,1755029577057,50080,10014.0,4.78,1.7,13.0,2,3,8,13
producer-1.pitur-265048.isolateedinburgh-pg0.utah.cloudlab.us,2025-08-12T20:13:02.060591110Z,1755029582060,50030,10004.0,4.77,1.6,15.0,1,2,6,11
producer-1.pitur-265048.isolateedinburgh-pg0.utah.cloudlab.us,2025-08-12T20:13:07.063450052Z,1755029587063,50029,10005.8,4.77,1.7,16.0,1,3,8,16
producer-1.pitur-265048.isolateedinburgh-pg0.utah.cloudlab.us,2025-08-12T20:13:12.066182288Z,1755029592066,50031,10006.2,4.77,1.7,27.0,1,3,9,25
producer-1.pitur-265048.isolateedinburgh-pg0.utah.cloudlab.us,2025-08-12T20:13:17.070542126Z,1755029597070,50040,10006.0,4.77,1.8,13.0,2,3,8,13
producer-1.pitur-265048.isolateedinburgh-pg0.utah.cloudlab.us,2025-08-12T20:13:22.073261080Z,1755029602073,50030,10006.0,4.77,1.7,17.0,1,3,8,17
producer-1.pitur-265048.isolateedinburgh-pg0.utah.cloudlab.us,2025-08-12T20:13:27.076577776Z,1755029607076,50029,10005.8,4.77,1.8,17.0,2,3,9,16
producer-1.pitur-265048.isolateedinburgh-pg0.utah.cloudlab.us,2025-08-12T20:13:32.079851029Z,1755029612079,50040,10008.0,4.77,1.7,19.0,1,3,9,16
producer-1.pitur-265048.isolateedinburgh-pg0.utah.cloudlab.us,2025-08-12T20:13:37.084747085Z,1755029617084,50051,10008.2,4.77,1.6,14.0,1,3,7,11
producer-1.pitur-265048.isolateedinburgh-pg0.utah.cloudlab.us,2025-08-12T20:13:42.087852584Z,1755029622087,50020,10002.0,4.77,1.8,20.0,2,3,10,18
producer-1.pitur-265048.isolateedinburgh-pg0.utah.cloudlab.us,2025-08-12T20:13:47.091875931Z,1755029627091,50050,10008.0,4.77,1.8,20.0,2,3,10,18
producer-1.pitur-265048.isolateedinburgh-pg0.utah.cloudlab.us,2025-08-12T20:13:52.111079429Z,1755029632111,50029,9971.9,4.75,1.7,16.0,1,3,9,14
producer-1.pitur-265048.isolateedinburgh-pg0.utah.cloudlab.us,2025-08-12T20:13:57.116850887Z,1755029637116,50201,10036.2,4.79,1.7,21.0,2,3,7,15
producer-1.pitur-265048.isolateedinburgh-pg0.utah.cloudlab.us,2025-08-12T20:14:02.120389029Z,1755029642120,50050,10010.0,4.77,1.7,19.0,2,3,8,15
producer-1.pitur-265048.isolateedinburgh-pg0.utah.cloudlab.us,2025-08-12T20:14:07.123967298Z,1755029647123,50040,10008.0,4.77,1.7,20.0,1,3,7,14
producer-1.pitur-265048.isolateedinburgh-pg0.utah.cloudlab.us,2025-08-12T20:14:12.127530261Z,1755029652127,50030,10004.0,4.77,1.8,16.0,2,3,9,14
producer-1.pitur-265048.isolateedinburgh-pg0.utah.cloudlab.us,2025-08-12T20:14:17.131279715Z,1755029657131,50040,10006.0,4.77,1.7,26.0,1,3,10,25
producer-1.pitur-265048.isolateedinburgh-pg0.utah.cloudlab.us,2025-08-12T20:14:22.134619411Z,1755029662134,50029,10005.8,4.77,1.7,18.0,2,3,8,16
producer-1.pitur-265048.isolateedinburgh-pg0.utah.cloudlab.us,2025-08-12T20:14:27.137498362Z,1755029667137,50031,10006.2,4.77,1.7,17.0,1,3,9,14
producer-1.pitur-265048.isolateedinburgh-pg0.utah.cloudlab.us,2025-08-12T20:14:32.140630571Z,1755029672140,50029,10003.8,4.77,1.7,17.0,1,3,10,14
producer-1.pitur-265048.isolateedinburgh-pg0.utah.cloudlab.us,2025-08-12T20:14:37.145285573Z,1755029677145,50051,10006.2,4.77,1.7,14.0,2,3,8,13
producer-1.pitur-265048.isolateedinburgh-pg0.utah.cloudlab.us,2025-08-12T20:14:42.148568904Z,1755029682148,50030,10006.0,4.77,1.9,26.0,2,4,11,24
producer-1.pitur-265048.isolateedinburgh-pg0.utah.cloudlab.us,2025-08-12T20:14:47.152527253Z,1755029687152,50040,10006.0,4.77,1.8,34.0,2,4,10,33
producer-1.pitur-265048.isolateedinburgh-pg0.utah.cloudlab.us,2025-08-12T20:14:52.155141596Z,1755029692155,50021,10004.2,4.77,1.9,16.0,2,4,9,15
producer-1.pitur-265048.isolateedinburgh-pg0.utah.cloudlab.us,2025-08-12T20:14:57.158861029Z,1755029697158,50039,10007.8,4.77,1.7,17.0,1,3,9,16
producer-1.pitur-265048.isolateedinburgh-pg0.utah.cloudlab.us,2025-08-12T20:15:02.162852419Z,1755029702162,50042,10006.4,4.77,1.8,20.0,2,3,9,13
producer-1.pitur-265048.isolateedinburgh-pg0.utah.cloudlab.us,2025-08-12T20:15:07.165700260Z,1755029707165,50028,10005.6,4.77,1.7,19.0,1,3,9,13
producer-1.pitur-265048.isolateedinburgh-pg0.utah.cloudlab.us,2025-08-12T20:15:12.169696663Z,1755029712169,50040,10006.0,4.77,1.7,17.0,1,3,10,15
producer-1.pitur-265048.isolateedinburgh-pg0.utah.cloudlab.us,2025-08-12T20:15:17.173244221Z,1755029717173,50040,10006.0,4.77,1.7,18.0,1,3,10,16
producer-1.pitur-265048.isolateedinburgh-pg0.utah.cloudlab.us,2025-08-12T20:15:22.176944994Z,1755029722176,50030,10004.0,4.77,1.9,28.0,2,4,9,27
producer-1.pitur-265048.isolateedinburgh-pg0.utah.cloudlab.us,2025-08-12T20:15:27.180844447Z,1755029727180,50050,10010.0,4.77,1.7,22.0,1,3,8,19
producer-1.pitur-265048.isolateedinburgh-pg0.utah.cloudlab.us,2025-08-12T20:15:32.184070679Z,1755029732184,50029,10003.8,4.77,1.8,17.0,2,4,10,16
producer-1.pitur-265048.isolateedinburgh-pg0.utah.cloudlab.us,2025-08-12T20:15:37.188577152Z,1755029737188,50041,10006.2,4.77,1.7,17.0,1,3,9,16
producer-1.pitur-265048.isolateedinburgh-pg0.utah.cloudlab.us,2025-08-12T20:15:42.191459752Z,1755029742191,50030,10004.0,4.77,1.9,43.0,2,3,9,41
producer-1.pitur-265048.isolateedinburgh-pg0.utah.cloudlab.us,2025-08-12T20:15:47.195839547Z,1755029747195,50050,10008.0,4.77,1.8,16.0,2,4,9,14
producer-1.pitur-265048.isolateedinburgh-pg0.utah.cloudlab.us,2025-08-12T20:15:52.199146003Z,1755029752199,50030,10006.0,4.77,1.8,34.0,1,3,10,31
producer-1.pitur-265048.isolateedinburgh-pg0.utah.cloudlab.us,2025-08-12T20:15:57.202054733Z,1755029757202,50020,10004.0,4.77,1.8,17.0,2,3,9,12
producer-1.pitur-265048.isolateedinburgh-pg0.utah.cloudlab.us,2025-08-12T20:16:02.206218544Z,1755029762206,50050,10008.0,4.77,1.8,15.0,2,3,10,14
producer-1.pitur-265048.isolateedinburgh-pg0.utah.cloudlab.us,2025-08-12T20:16:07.209325099Z,1755029767209,50030,10004.0,4.77,1.9,26.0,2,3,9,24
producer-1.pitur-265048.isolateedinburgh-pg0.utah.cloudlab.us,2025-08-12T20:16:12.212430825Z,1755029772212,50030,10006.0,4.77,1.8,15.0,2,3,9,14
producer-1.pitur-265048.isolateedinburgh-pg0.utah.cloudlab.us,2025-08-12T20:16:17.217369220Z,1755029777217,50050,10008.0,4.77,1.6,17.0,1,3,7,14
producer-1.pitur-265048.isolateedinburgh-pg0.utah.cloudlab.us,2025-08-12T20:16:22.220521847Z,1755029782220,50031,10006.2,4.77,1.7,17.0,1,3,8,15
producer-1.pitur-265048.isolateedinburgh-pg0.utah.cloudlab.us,2025-08-12T20:16:27.224835135Z,1755029787224,50039,10005.8,4.77,1.8,18.0,2,3,9,16
producer-1.pitur-265048.isolateedinburgh-pg0.utah.cloudlab.us,2025-08-12T20:16:32.228259969Z,1755029792228,50040,10006.0,4.77,1.7,18.0,1,3,7,13
producer-1.pitur-265048.isolateedinburgh-pg0.utah.cloudlab.us,2025-08-12T20:16:37.231973663Z,1755029797231,50040,10006.0,4.77,1.8,17.0,2,3,9,16
producer-1.pitur-265048.isolateedinburgh-pg0.utah.cloudlab.us,2025-08-12T20:16:42.237184026Z,1755029802237,50050,10006.0,4.77,1.8,18.0,2,4,10,13
producer-1.pitur-265048.isolateedinburgh-pg0.utah.cloudlab.us,2025-08-12T20:16:47.240585228Z,1755029807240,50030,10004.0,4.77,1.8,26.0,2,3,10,25
producer-1.pitur-265048.isolateedinburgh-pg0.utah.cloudlab.us,2025-08-12T20:16:52.244202156Z,1755029812244,50040,10006.0,4.77,1.7,18.0,2,3,7,13
producer-1.pitur-265048.isolateedinburgh-pg0.utah.cloudlab.us,2025-08-12T20:16:57.247693765Z,1755029817247,50030,10006.0,4.77,1.7,34.0,2,3,9,18
producer-1.pitur-265048.isolateedinburgh-pg0.utah.cloudlab.us,2025-08-12T20:17:02.252272790Z,1755029822252,50050,10006.0,4.77,1.7,16.0,1,3,8,13
producer-1.pitur-265048.isolateedinburgh-pg0.utah.cloudlab.us,2025-08-12T20:17:07.255611009Z,1755029827255,50030,10004.0,4.77,1.7,16.0,1,3,8,14
producer-1.pitur-265048.isolateedinburgh-pg0.utah.cloudlab.us,2025-08-12T20:17:12.259663453Z,1755029832259,50045,10007.0,4.77,1.7,15.0,1,3,8,15
producer-1.pitur-265048.isolateedinburgh-pg0.utah.cloudlab.us,2025-08-12T20:17:17.262891009Z,1755029837262,50035,10005.0,4.77,1.8,25.0,1,3,9,23
producer-1.pitur-265048.isolateedinburgh-pg0.utah.cloudlab.us,2025-08-12T20:17:22.265109506Z,1755029842265,50020,10004.0,4.77,1.7,16.0,1,3,8,15
producer-1.pitur-265048.isolateedinburgh-pg0.utah.cloudlab.us,2025-08-12T20:17:27.270115951Z,1755029847270,50050,10006.0,4.77,1.8,20.0,2,3,8,18
producer-1.pitur-265048.isolateedinburgh-pg0.utah.cloudlab.us,2025-08-12T20:17:32.272943005Z,1755029852272,50030,10006.0,4.77,1.6,16.0,1,2,9,15
producer-1.pitur-265048.isolateedinburgh-pg0.utah.cloudlab.us,2025-08-12T20:17:37.276405513Z,1755029857276,50030,10004.0,4.77,1.9,20.0,2,4,10,18
producer-1.pitur-265048.isolateedinburgh-pg0.utah.cloudlab.us,2025-08-12T20:17:42.278937474Z,1755029862278,50030,10006.0,4.77,1.7,16.0,2,3,9,15
producer-1.pitur-265048.isolateedinburgh-pg0.utah.cloudlab.us,2025-08-12T20:17:47.281854360Z,1755029867281,50030,10006.0,4.77,1.8,22.0,2,3,10,19
producer-1.pitur-265048.isolateedinburgh-pg0.utah.cloudlab.us,2025-08-12T20:17:52.284713096Z,1755029872284,50020,10004.0,4.77,1.8,16.0,2,3,9,15
producer-1.pitur-265048.isolateedinburgh-pg0.utah.cloudlab.us,2025-08-12T20:17:57.288079207Z,1755029877288,50039,10005.8,4.77,1.8,15.0,2,4,9,13
producer-1.pitur-265048.isolateedinburgh-pg0.utah.cloudlab.us,2025-08-12T20:18:02.290065330Z,1755029882290,50011,10002.2,4.77,1.7,16.0,2,3,9,13
producer-1.pitur-265048.isolateedinburgh-pg0.utah.cloudlab.us,2025-08-12T20:18:07.295567496Z,1755029887295,50020,10000.0,4.77,1.6,15.0,1,3,8,12
producer-1.pitur-265048.isolateedinburgh-pg0.utah.cloudlab.us,2025-08-12T20:18:12.298060672Z,1755029892298,50070,10014.0,4.78,1.8,19.0,2,3,9,17
producer-1.pitur-265048.isolateedinburgh-pg0.utah.cloudlab.us,2025-08-12T20:18:17.303093020Z,1755029897303,50050,10006.0,4.77,1.8,16.0,2,3,9,11
producer-1.pitur-265048.isolateedinburgh-pg0.utah.cloudlab.us,2025-08-12T20:18:22.306689491Z,1755029902306,50039,10005.8,4.77,1.8,15.0,2,3,9,14
producer-1.pitur-265048.isolateedinburgh-pg0.utah.cloudlab.us,2025-08-12T20:18:27.310369038Z,1755029907310,50031,10004.2,4.77,1.9,19.0,2,4,10,17
producer-1.pitur-265048.isolateedinburgh-pg0.utah.cloudlab.us,2025-08-12T20:18:32.312712517Z,1755029912312,50021,10004.2,4.77,1.7,15.0,1,3,7,13
producer-1.pitur-265048.isolateedinburgh-pg0.utah.cloudlab.us,2025-08-12T20:18:37.316526416Z,1755029917316,50039,10005.8,4.77,1.7,22.0,2,3,7,21
producer-1.pitur-265048.isolateedinburgh-pg0.utah.cloudlab.us,2025-08-12T20:18:42.319701193Z,1755029922319,50030,10006.0,4.77,1.7,18.0,2,3,8,15
producer-1.pitur-265048.isolateedinburgh-pg0.utah.cloudlab.us,2025-08-12T20:18:47.323552164Z,1755029927323,50000,9998.0,4.77,1.7,19.0,1,3,9,17
producer-1.pitur-265048.isolateedinburgh-pg0.utah.cloudlab.us,2025-08-12T20:18:52.343008569Z,1755029932343,50090,9984.1,4.76,1.7,15.0,1,3,8,11
producer-1.pitur-265048.isolateedinburgh-pg0.utah.cloudlab.us,2025-08-12T20:18:57.361503441Z,1755029937361,50160,10000.0,4.77,1.8,19.0,2,4,9,16
producer-1.pitur-265048.isolateedinburgh-pg0.utah.cloudlab.us,2025-08-12T20:19:02.366199308Z,1755029942366,50219,10039.8,4.79,1.7,22.0,1,3,8,15
producer-1.pitur-265048.isolateedinburgh-pg0.utah.cloudlab.us,2025-08-12T20:19:07.369037835Z,1755029947369,50031,10004.2,4.77,1.8,17.0,2,3,10,16
producer-1.pitur-265048.isolateedinburgh-pg0.utah.cloudlab.us,2025-08-12T20:19:12.372126352Z,1755029952372,50020,10002.0,4.77,1.7,18.0,2,3,8,12
producer-1.pitur-265048.isolateedinburgh-pg0.utah.cloudlab.us,2025-08-12T20:19:17.374551421Z,1755029957374,50020,10004.0,4.77,1.7,17.0,1,3,10,15
producer-1.pitur-265048.isolateedinburgh-pg0.utah.cloudlab.us,2025-08-12T20:19:22.377708045Z,1755029962377,50040,10008.0,4.77,1.9,24.0,2,4,8,22
producer-1.pitur-265048.isolateedinburgh-pg0.utah.cloudlab.us,2025-08-12T20:19:27.380484368Z,1755029967380,50030,10006.0,4.77,1.9,18.0,2,4,10,16
producer-1.pitur-265048.isolateedinburgh-pg0.utah.cloudlab.us,2025-08-12T20:19:32.382403375Z,1755029972382,50020,10004.0,4.77,1.7,16.0,1,3,8,12
producer-1.pitur-265048.isolateedinburgh-pg0.utah.cloudlab.us,2025-08-12T20:19:37.387044637Z,1755029977387,50019,9999.8,4.77,1.7,15.0,1,3,9,14
producer-1.pitur-265048.isolateedinburgh-pg0.utah.cloudlab.us,2025-08-12T20:19:42.390142403Z,1755029982390,50061,10012.2,4.77,1.8,19.0,2,3,8,11
producer-1.pitur-265048.isolateedinburgh-pg0.utah.cloudlab.us,2025-08-12T20:19:47.392693997Z,1755029987392,50029,10005.8,4.77,1.7,18.0,2,3,9,15
producer-1.pitur-265048.isolateedinburgh-pg0.utah.cloudlab.us,2025-08-12T20:19:52.395900521Z,1755029992395,50031,10006.2,4.77,1.6,18.0,1,2,9,15
producer-1.pitur-265048.isolateedinburgh-pg0.utah.cloudlab.us,2025-08-12T20:19:57.398592207Z,1755029997398,50010,10002.0,4.77,1.7,14.0,1,3,8,13
producer-1.pitur-265048.isolateedinburgh-pg0.utah.cloudlab.us,2025-08-12T20:20:02.401671065Z,1755030002401,50040,10008.0,4.77,1.7,17.0,1,3,8,15
producer-1.pitur-265048.isolateedinburgh-pg0.utah.cloudlab.us,2025-08-12T20:20:07.404916275Z,1755030007404,50040,10006.0,4.77,1.8,17.0,2,3,9,14
producer-1.pitur-265048.isolateedinburgh-pg0.utah.cloudlab.us,2025-08-12T20:20:12.407807507Z,1755030012407,50030,10004.0,4.77,1.7,17.0,1,3,8,11
producer-1.pitur-265048.isolateedinburgh-pg0.utah.cloudlab.us,2025-08-12T20:20:17.409012330Z,1755030017409,49990,9998.0,4.77,1.7,17.0,1,3,8,13
producer-1.pitur-265048.isolateedinburgh-pg0.utah.cloudlab.us,2025-08-12T20:20:22.413128988Z,1755030022413,50060,10010.0,4.77,1.8,17.0,2,3,9,16
producer-1.pitur-265048.isolateedinburgh-pg0.utah.cloudlab.us,2025-08-12T20:20:27.416649011Z,1755030027416,50040,10006.0,4.77,1.7,19.0,1,3,8,17
producer-1.pitur-265048.isolateedinburgh-pg0.utah.cloudlab.us,2025-08-12T20:20:32.419822451Z,1755030032419,50016,10001.2,4.77,1.7,17.0,2,3,8,16
producer-1.pitur-265048.isolateedinburgh-pg0.utah.cloudlab.us,2025-08-12T20:20:37.425293028Z,1755030037425,50054,10006.8,4.77,1.8,25.0,1,3,9,24
producer-1.pitur-265048.isolateedinburgh-pg0.utah.cloudlab.us,2025-08-12T20:20:42.428315181Z,1755030042428,50040,10008.0,4.77,1.7,17.0,1,3,9,15
producer-1.pitur-265048.isolateedinburgh-pg0.utah.cloudlab.us,2025-08-12T20:20:47.431265330Z,1755030047431,50029,10005.8,4.77,1.6,14.0,1,2,8,11
producer-1.pitur-265048.isolateedinburgh-pg0.utah.cloudlab.us,2025-08-12T20:20:52.434210891Z,1755030052434,50031,10004.2,4.77,1.7,16.0,1,3,8,11
producer-1.pitur-265048.isolateedinburgh-pg0.utah.cloudlab.us,2025-08-12T20:20:57.438747820Z,1755030057438,50048,10007.6,4.77,1.7,18.0,1,3,9,12
producer-1.pitur-265048.isolateedinburgh-pg0.utah.cloudlab.us,2025-08-12T20:21:02.442805503Z,1755030062442,50032,10004.4,4.77,1.7,17.0,2,3,7,15
producer-1.pitur-265048.isolateedinburgh-pg0.utah.cloudlab.us,2025-08-12T20:21:07.446131185Z,1755030067446,50040,10006.0,4.77,1.8,18.0,2,3,9,13
