hostname,timestamp_iso,timestamp_ms,records_sent,recs_per_sec,mb_per_sec,avg_latency,max_latency,p50,p95,p99,p999
producer-1.pitur-265048.isolateedinburgh-pg0.utah.cloudlab.us,2025-08-12T20:10:21.830728671Z,1755029421830,49992,9994.4,4.77,18.0,649.0,2,123,158,213
producer-1.pitur-265048.isolateedinburgh-pg0.utah.cloudlab.us,2025-08-12T20:10:26.859360759Z,1755029426859,50290,10058.0,4.80,1.9,35.0,1,4,12,33
producer-1.pitur-265048.isolateedinburgh-pg0.utah.cloudlab.us,2025-08-12T20:10:31.869655048Z,1755029431869,50100,10016.0,4.78,1.6,14.0,1,3,8,12
producer-1.pitur-265048.isolateedinburgh-pg0.utah.cloudlab.us,2025-08-12T20:10:36.885154750Z,1755029436885,50160,10030.0,4.78,1.7,21.0,1,3,9,19
producer-1.pitur-265048.isolateedinburgh-pg0.utah.cloudlab.us,2025-08-12T20:10:41.890201817Z,1755029441890,50049,10007.8,4.77,1.7,16.0,1,3,9,11
producer-1.pitur-265048.isolateedinburgh-pg0.utah.cloudlab.us,2025-08-12T20:10:46.893345676Z,1755029446893,50031,10006.2,4.77,1.7,14.0,1,3,8,12
producer-1.pitur-265048.isolateedinburgh-pg0.utah.cloudlab.us,2025-08-12T20:10:51.911096706Z,1755029451911,49989,9967.9,4.75,1.7,18.0,1,3,8,11
producer-1.pitur-265048.isolateedinburgh-pg0.utah.cloudlab.us,2025-08-12T20:10:56.914490436Z,1755029456914,50221,10044.2,4.79,1.9,71.0,1,3,10,68
producer-1.pitur-265048.isolateedinburgh-pg0.utah.cloudlab.us,2025-08-12T20:11:01.918743626Z,1755029461918,50040,10006.0,4.77,1.6,18.0,1,3,6,13
producer-1.pitur-265048.isolateedinburgh-pg0.utah.cloudlab.us,2025-08-12T20:11:06.923040415Z,1755029466923,50050,10008.0,4.77,1.7,29.0,1,3,8,27
producer-1.pitur-265048.isolateedinburgh-pg0.utah.cloudlab.us,2025-08-12T20:11:11.930231483Z,1755029471930,50070,10014.0,4.78,1.7,15.0,2,3,9,13
producer-1.pitur-265048.isolateedinburgh-pg0.utah.cloudlab.us,2025-08-12T20:11:16.936112621Z,1755029476936,50060,10008.0,4.77,1.6,11.0,2,3,7,10
producer-1.pitur-265048.isolateedinburgh-pg0.utah.cloudlab.us,2025-08-12T20:11:21.939453005Z,1755029481939,50030,10006.0,4.77,1.7,19.0,1,3,8,12
producer-1.pitur-265048.isolateedinburgh-pg0.utah.cloudlab.us,2025-08-12T20:11:26.942425101Z,1755029486942,50028,10005.6,4.77,1.7,36.0,1,3,9,34
producer-1.pitur-265048.isolateedinburgh-pg0.utah.cloudlab.us,2025-08-12T20:11:31.946064759Z,1755029491946,50042,10008.4,4.77,1.8,23.0,2,3,9,20
producer-1.pitur-265048.isolateedinburgh-pg0.utah.cloudlab.us,2025-08-12T20:11:36.949618796Z,1755029496949,50038,10007.6,4.77,1.7,15.0,2,3,8,15
producer-1.pitur-265048.isolateedinburgh-pg0.utah.cloudlab.us,2025-08-12T20:11:41.953192617Z,1755029501953,50032,10004.4,4.77,1.7,17.0,1,3,8,14
producer-1.pitur-265048.isolateedinburgh-pg0.utah.cloudlab.us,2025-08-12T20:11:46.957410660Z,1755029506957,50040,10006.0,4.77,1.7,24.0,1,3,9,13
producer-1.pitur-265048.isolateedinburgh-pg0.utah.cloudlab.us,2025-08-12T20:11:51.960696464Z,1755029511960,50039,10007.8,4.77,1.7,16.0,1,3,8,13
producer-1.pitur-265048.isolateedinburgh-pg0.utah.cloudlab.us,2025-08-12T20:11:56.965022502Z,1755029516965,50041,10004.2,4.77,1.7,16.0,1,3,9,14
producer-1.pitur-265048.isolateedinburgh-pg0.utah.cloudlab.us,2025-08-12T20:12:01.968020803Z,1755029521968,50030,10006.0,4.77,1.6,17.0,1,3,7,11
producer-1.pitur-265048.isolateedinburgh-pg0.utah.cloudlab.us,2025-08-12T20:12:06.970893611Z,1755029526970,50020,10004.0,4.77,1.8,19.0,1,3,10,17
producer-1.pitur-265048.isolateedinburgh-pg0.utah.cloudlab.us,2025-08-12T20:12:11.975999970Z,1755029531975,50059,10009.8,4.77,1.7,20.0,2,3,8,18
producer-1.pitur-265048.isolateedinburgh-pg0.utah.cloudlab.us,2025-08-12T20:12:16.979138513Z,1755029536979,50031,10006.2,4.77,1.7,16.0,1,3,9,12
producer-1.pitur-265048.isolateedinburgh-pg0.utah.cloudlab.us,2025-08-12T20:12:21.983530271Z,1755029541983,50040,10006.0,4.77,1.7,17.0,1,3,8,16
producer-1.pitur-265048.isolateedinburgh-pg0.utah.cloudlab.us,2025-08-12T20:12:26.986739504Z,1755029546986,50040,10008.0,4.77,1.7,26.0,1,3,8,12
producer-1.pitur-265048.isolateedinburgh-pg0.utah.cloudlab.us,2025-08-12T20:12:31.991259872Z,1755029551991,50020,10000.0,4.77,1.8,18.0,2,3,9,16
producer-1.pitur-265048.isolateedinburgh-pg0.utah.cloudlab.us,2025-08-12T20:12:36.994705144Z,1755029556994,50060,10012.0,4.77,1.7,18.0,1,3,8,12
producer-1.pitur-265048.isolateedinburgh-pg0.utah.cloudlab.us,2025-08-12T20:12:41.999199861Z,1755029561999,50040,10004.0,4.77,1.7,19.0,1,3,8,12
producer-1.pitur-265048.isolateedinburgh-pg0.utah.cloudlab.us,2025-08-12T20:12:47.002378960Z,1755029567002,50030,10006.0,4.77,1.7,14.0,2,3,9,13
producer-1.pitur-265048.isolateedinburgh-pg0.utah.cloudlab.us,2025-08-12T20:12:52.005914599Z,1755029572005,50030,10006.0,4.77,1.7,17.0,2,3,8,15
producer-1.pitur-265048.isolateedinburgh-pg0.utah.cloudlab.us,2025-08-12T20:12:57.009401922Z,1755029577009,50039,10005.8,4.77,1.7,19.0,2,3,8,12
producer-1.pitur-265048.isolateedinburgh-pg0.utah.cloudlab.us,2025-08-12T20:13:02.012312360Z,1755029582012,50031,10006.2,4.77,1.7,19.0,2,3,8,13
producer-1.pitur-265048.isolateedinburgh-pg0.utah.cloudlab.us,2025-08-12T20:13:07.019162980Z,1755029587019,50070,10010.0,4.77,1.7,16.0,1,3,7,15
producer-1.pitur-265048.isolateedinburgh-pg0.utah.cloudlab.us,2025-08-12T20:13:12.024366084Z,1755029592024,50049,10005.8,4.77,1.7,15.0,1,3,9,14
producer-1.pitur-265048.isolateedinburgh-pg0.utah.cloudlab.us,2025-08-12T20:13:17.028398275Z,1755029597028,50041,10006.2,4.77,1.7,16.0,1,3,9,14
producer-1.pitur-265048.isolateedinburgh-pg0.utah.cloudlab.us,2025-08-12T20:13:22.033068537Z,1755029602033,50049,10007.8,4.77,1.9,21.0,2,4,10,19
producer-1.pitur-265048.isolateedinburgh-pg0.utah.cloudlab.us,2025-08-12T20:13:27.036909109Z,1755029607036,50020,10004.0,4.77,1.8,14.0,2,4,9,12
producer-1.pitur-265048.isolateedinburgh-pg0.utah.cloudlab.us,2025-08-12T20:13:32.040345605Z,1755029612040,50051,10008.2,4.77,1.6,18.0,1,3,7,16
producer-1.pitur-265048.isolateedinburgh-pg0.utah.cloudlab.us,2025-08-12T20:13:37.043008802Z,1755029617043,50049,10009.8,4.77,1.8,17.0,1,3,9,14
producer-1.pitur-265048.isolateedinburgh-pg0.utah.cloudlab.us,2025-08-12T20:13:42.046800763Z,1755029622046,50015,10001.0,4.77,1.8,17.0,2,3,9,16
producer-1.pitur-265048.isolateedinburgh-pg0.utah.cloudlab.us,2025-08-12T20:13:47.049568581Z,1755029627049,50026,10005.2,4.77,1.7,16.0,1,3,10,15
producer-1.pitur-265048.isolateedinburgh-pg0.utah.cloudlab.us,2025-08-12T20:13:52.054117411Z,1755029632054,50049,10007.8,4.77,1.8,16.0,2,3,9,15
producer-1.pitur-265048.isolateedinburgh-pg0.utah.cloudlab.us,2025-08-12T20:13:57.059204221Z,1755029637059,50050,10006.0,4.77,1.7,17.0,1,3,8,12
producer-1.pitur-265048.isolateedinburgh-pg0.utah.cloudlab.us,2025-08-12T20:14:02.063123378Z,1755029642063,50040,10006.0,4.77,1.8,19.0,1,3,10,15
producer-1.pitur-265048.isolateedinburgh-pg0.utah.cloudlab.us,2025-08-12T20:14:07.066121704Z,1755029647066,50031,10004.2,4.77,1.8,17.0,2,4,9,13
producer-1.pitur-265048.isolateedinburgh-pg0.utah.cloudlab.us,2025-08-12T20:14:12.069905375Z,1755029652069,50029,10005.8,4.77,1.8,18.0,2,3,9,13
producer-1.pitur-265048.isolateedinburgh-pg0.utah.cloudlab.us,2025-08-12T20:14:17.073402858Z,1755029657073,50041,10008.2,4.77,1.7,25.0,1,3,9,23
producer-1.pitur-265048.isolateedinburgh-pg0.utah.cloudlab.us,2025-08-12T20:14:22.077642630Z,1755029662077,50040,10006.0,4.77,1.7,18.0,1,3,7,12
producer-1.pitur-265048.isolateedinburgh-pg0.utah.cloudlab.us,2025-08-12T20:14:27.080846377Z,1755029667080,50040,10008.0,4.77,1.7,15.0,1,3,9,15
producer-1.pitur-265048.isolateedinburgh-pg0.utah.cloudlab.us,2025-08-12T20:14:32.084273397Z,1755029672084,50030,10004.0,4.77,1.8,15.0,2,3,9,14
producer-1.pitur-265048.isolateedinburgh-pg0.utah.cloudlab.us,2025-08-12T20:14:37.087668997Z,1755029677087,50020,10004.0,4.77,1.6,18.0,1,3,7,15
producer-1.pitur-265048.isolateedinburgh-pg0.utah.cloudlab.us,2025-08-12T20:14:42.090507230Z,1755029682090,50040,10008.0,4.77,1.8,24.0,1,3,10,21
producer-1.pitur-265048.isolateedinburgh-pg0.utah.cloudlab.us,2025-08-12T20:14:47.093960936Z,1755029687093,50039,10007.8,4.77,1.7,35.0,1,3,8,30
producer-1.pitur-265048.isolateedinburgh-pg0.utah.cloudlab.us,2025-08-12T20:14:52.097197662Z,1755029692097,50031,10004.2,4.77,1.7,16.0,1,3,8,13
producer-1.pitur-265048.isolateedinburgh-pg0.utah.cloudlab.us,2025-08-12T20:14:57.100963445Z,1755029697100,50040,10008.0,4.77,1.8,19.0,2,3,9,16
producer-1.pitur-265048.isolateedinburgh-pg0.utah.cloudlab.us,2025-08-12T20:15:02.104087878Z,1755029702104,50030,10006.0,4.77,1.7,17.0,1,3,9,16
producer-1.pitur-265048.isolateedinburgh-pg0.utah.cloudlab.us,2025-08-12T20:15:07.116132015Z,1755029707116,49970,9976.0,4.76,1.7,15.0,1,3,9,14
producer-1.pitur-265048.isolateedinburgh-pg0.utah.cloudlab.us,2025-08-12T20:15:12.119414659Z,1755029712119,50180,10034.0,4.78,1.7,27.0,1,3,9,24
producer-1.pitur-265048.isolateedinburgh-pg0.utah.cloudlab.us,2025-08-12T20:15:17.121267202Z,1755029717121,50020,10004.0,4.77,1.8,19.0,2,3,9,16
producer-1.pitur-265048.isolateedinburgh-pg0.utah.cloudlab.us,2025-08-12T20:15:22.124377862Z,1755029722124,50030,10006.0,4.77,1.9,26.0,2,4,9,24
producer-1.pitur-265048.isolateedinburgh-pg0.utah.cloudlab.us,2025-08-12T20:15:27.128062332Z,1755029727128,50040,10006.0,4.77,1.8,14.0,2,3,8,12
producer-1.pitur-265048.isolateedinburgh-pg0.utah.cloudlab.us,2025-08-12T20:15:32.132325358Z,1755029732132,50020,10000.0,4.77,1.8,15.0,2,3,9,13
producer-1.pitur-265048.isolateedinburgh-pg0.utah.cloudlab.us,2025-08-12T20:15:37.141550414Z,1755029737141,50040,9996.0,4.77,1.8,20.0,2,3,10,18
producer-1.pitur-265048.isolateedinburgh-pg0.utah.cloudlab.us,2025-08-12T20:15:42.144206954Z,1755029742144,50100,10020.0,4.78,1.8,51.0,1,3,10,48
producer-1.pitur-265048.isolateedinburgh-pg0.utah.cloudlab.us,2025-08-12T20:15:47.147071317Z,1755029747147,50030,10004.0,4.77,1.7,28.0,1,3,8,16
producer-1.pitur-265048.isolateedinburgh-pg0.utah.cloudlab.us,2025-08-12T20:15:52.149897914Z,1755029752149,50029,10005.8,4.77,1.9,38.0,1,3,12,33
producer-1.pitur-265048.isolateedinburgh-pg0.utah.cloudlab.us,2025-08-12T20:15:57.152912877Z,1755029757152,50031,10006.2,4.77,1.7,16.0,2,3,8,11
producer-1.pitur-265048.isolateedinburgh-pg0.utah.cloudlab.us,2025-08-12T20:16:02.156834040Z,1755029762156,50030,10004.0,4.77,1.7,16.0,1,3,9,14
producer-1.pitur-265048.isolateedinburgh-pg0.utah.cloudlab.us,2025-08-12T20:16:07.161056914Z,1755029767161,50050,10008.0,4.77,1.7,27.0,1,3,8,13
producer-1.pitur-265048.isolateedinburgh-pg0.utah.cloudlab.us,2025-08-12T20:16:12.163412805Z,1755029772163,50020,10004.0,4.77,1.7,15.0,1,3,8,13
producer-1.pitur-265048.isolateedinburgh-pg0.utah.cloudlab.us,2025-08-12T20:16:17.167856918Z,1755029777167,50050,10008.0,4.77,1.7,29.0,1,3,9,28
producer-1.pitur-265048.isolateedinburgh-pg0.utah.cloudlab.us,2025-08-12T20:16:22.170202816Z,1755029782170,50020,10004.0,4.77,1.6,16.0,1,2,8,14
producer-1.pitur-265048.isolateedinburgh-pg0.utah.cloudlab.us,2025-08-12T20:16:27.173544774Z,1755029787173,50030,10006.0,4.77,1.8,17.0,2,3,9,16
producer-1.pitur-265048.isolateedinburgh-pg0.utah.cloudlab.us,2025-08-12T20:16:32.176961713Z,1755029792176,50039,10007.8,4.77,1.6,15.0,1,3,6,10
producer-1.pitur-265048.isolateedinburgh-pg0.utah.cloudlab.us,2025-08-12T20:16:37.179315481Z,1755029797179,50021,10004.2,4.77,1.8,21.0,1,3,10,14
producer-1.pitur-265048.isolateedinburgh-pg0.utah.cloudlab.us,2025-08-12T20:16:42.181472397Z,1755029802181,50020,10004.0,4.77,1.8,18.0,2,3,8,16
producer-1.pitur-265048.isolateedinburgh-pg0.utah.cloudlab.us,2025-08-12T20:16:47.185398097Z,1755029807185,50040,10006.0,4.77,1.8,22.0,2,3,9,20
producer-1.pitur-265048.isolateedinburgh-pg0.utah.cloudlab.us,2025-08-12T20:16:52.189949320Z,1755029812189,50049,10007.8,4.77,1.8,17.0,2,3,8,15
producer-1.pitur-265048.isolateedinburgh-pg0.utah.cloudlab.us,2025-08-12T20:16:57.195008602Z,1755029817195,50050,10006.0,4.77,1.7,30.0,1,3,9,27
producer-1.pitur-265048.isolateedinburgh-pg0.utah.cloudlab.us,2025-08-12T20:17:02.199204738Z,1755029822199,50041,10004.2,4.77,1.7,16.0,1,3,8,16
producer-1.pitur-265048.isolateedinburgh-pg0.utah.cloudlab.us,2025-08-12T20:17:07.204147318Z,1755029827204,50050,10006.0,4.77,1.7,15.0,1,3,8,10
producer-1.pitur-265048.isolateedinburgh-pg0.utah.cloudlab.us,2025-08-12T20:17:12.207669073Z,1755029832207,50035,10007.0,4.77,1.7,16.0,1,2,9,13
producer-1.pitur-265048.isolateedinburgh-pg0.utah.cloudlab.us,2025-08-12T20:17:17.211543368Z,1755029837211,50035,10005.0,4.77,1.7,18.0,2,3,8,16
producer-1.pitur-265048.isolateedinburgh-pg0.utah.cloudlab.us,2025-08-12T20:17:22.216099789Z,1755029842216,50050,10006.0,4.77,1.7,17.0,1,3,9,15
producer-1.pitur-265048.isolateedinburgh-pg0.utah.cloudlab.us,2025-08-12T20:17:27.220585842Z,1755029847220,50020,10002.0,4.77,1.7,17.0,1,3,8,13
producer-1.pitur-265048.isolateedinburgh-pg0.utah.cloudlab.us,2025-08-12T20:17:32.223401835Z,1755029852223,50050,10010.0,4.77,1.7,14.0,1,3,9,13
producer-1.pitur-265048.isolateedinburgh-pg0.utah.cloudlab.us,2025-08-12T20:17:37.227218737Z,1755029857227,50040,10006.0,4.77,1.8,16.0,2,3,9,15
producer-1.pitur-265048.isolateedinburgh-pg0.utah.cloudlab.us,2025-08-12T20:17:42.232162549Z,1755029862232,50050,10006.0,4.77,1.7,22.0,1,3,9,19
producer-1.pitur-265048.isolateedinburgh-pg0.utah.cloudlab.us,2025-08-12T20:17:47.236857044Z,1755029867236,50050,10008.0,4.77,1.7,15.0,1,3,8,13
producer-1.pitur-265048.isolateedinburgh-pg0.utah.cloudlab.us,2025-08-12T20:17:52.239297862Z,1755029872239,50010,10002.0,4.77,1.7,17.0,1,3,8,15
producer-1.pitur-265048.isolateedinburgh-pg0.utah.cloudlab.us,2025-08-12T20:17:57.244213140Z,1755029877244,50060,10008.0,4.77,1.8,20.0,2,3,8,17
producer-1.pitur-265048.isolateedinburgh-pg0.utah.cloudlab.us,2025-08-12T20:18:02.248745693Z,1755029882248,50040,10006.0,4.77,1.8,16.0,2,3,8,12
producer-1.pitur-265048.isolateedinburgh-pg0.utah.cloudlab.us,2025-08-12T20:18:07.253937221Z,1755029887253,50020,10000.0,4.77,1.8,15.0,2,4,8,13
producer-1.pitur-265048.isolateedinburgh-pg0.utah.cloudlab.us,2025-08-12T20:18:12.259452273Z,1755029892259,50090,10014.0,4.78,1.8,16.0,2,3,10,14
producer-1.pitur-265048.isolateedinburgh-pg0.utah.cloudlab.us,2025-08-12T20:18:17.269258513Z,1755029897269,49940,9974.0,4.76,1.7,18.0,1,3,9,14
producer-1.pitur-265048.isolateedinburgh-pg0.utah.cloudlab.us,2025-08-12T20:18:22.272715091Z,1755029902272,50199,10039.8,4.79,1.7,22.0,1,3,9,13
producer-1.pitur-265048.isolateedinburgh-pg0.utah.cloudlab.us,2025-08-12T20:18:27.276903284Z,1755029907276,50041,10006.2,4.77,1.8,18.0,1,3,10,15
producer-1.pitur-265048.isolateedinburgh-pg0.utah.cloudlab.us,2025-08-12T20:18:32.281028136Z,1755029912281,50040,10006.0,4.77,1.7,19.0,2,3,7,11
producer-1.pitur-265048.isolateedinburgh-pg0.utah.cloudlab.us,2025-08-12T20:18:37.285192023Z,1755029917285,50040,10004.0,4.77,1.8,22.0,2,3,11,20
producer-1.pitur-265048.isolateedinburgh-pg0.utah.cloudlab.us,2025-08-12T20:18:42.288457885Z,1755029922288,50030,10006.0,4.77,1.7,29.0,1,3,9,16
producer-1.pitur-265048.isolateedinburgh-pg0.utah.cloudlab.us,2025-08-12T20:18:47.291355201Z,1755029927291,50030,10006.0,4.77,1.7,25.0,1,3,8,23
producer-1.pitur-265048.isolateedinburgh-pg0.utah.cloudlab.us,2025-08-12T20:18:52.295834909Z,1755029932295,50045,10007.0,4.77,1.7,18.0,1,3,8,11
producer-1.pitur-265048.isolateedinburgh-pg0.utah.cloudlab.us,2025-08-12T20:18:57.298473985Z,1755029937298,50025,10005.0,4.77,1.8,20.0,1,3,9,15
producer-1.pitur-265048.isolateedinburgh-pg0.utah.cloudlab.us,2025-08-12T20:19:02.302687118Z,1755029942302,50047,10007.4,4.77,1.8,21.0,2,3,8,13
producer-1.pitur-265048.isolateedinburgh-pg0.utah.cloudlab.us,2025-08-12T20:19:07.305565701Z,1755029947305,50023,10004.6,4.77,1.7,18.0,2,3,8,13
producer-1.pitur-265048.isolateedinburgh-pg0.utah.cloudlab.us,2025-08-12T20:19:12.308142738Z,1755029952308,50030,10006.0,4.77,1.8,16.0,2,3,9,13
producer-1.pitur-265048.isolateedinburgh-pg0.utah.cloudlab.us,2025-08-12T20:19:17.312419306Z,1755029957312,50040,10006.0,4.77,1.8,20.0,2,3,10,16
producer-1.pitur-265048.isolateedinburgh-pg0.utah.cloudlab.us,2025-08-12T20:19:22.324439201Z,1755029962324,50040,9990.0,4.76,1.8,19.0,2,3,7,11
producer-1.pitur-265048.isolateedinburgh-pg0.utah.cloudlab.us,2025-08-12T20:19:27.327450028Z,1755029967327,50110,10022.0,4.78,1.7,18.0,2,3,8,17
producer-1.pitur-265048.isolateedinburgh-pg0.utah.cloudlab.us,2025-08-12T20:19:32.331822304Z,1755029972331,50050,10008.0,4.77,1.8,18.0,2,3,8,13
producer-1.pitur-265048.isolateedinburgh-pg0.utah.cloudlab.us,2025-08-12T20:19:37.336098845Z,1755029977336,50030,10002.0,4.77,1.7,20.0,1,3,8,13
producer-1.pitur-265048.isolateedinburgh-pg0.utah.cloudlab.us,2025-08-12T20:19:42.338984358Z,1755029982338,50039,10007.8,4.77,1.7,20.0,1,3,8,12
producer-1.pitur-265048.isolateedinburgh-pg0.utah.cloudlab.us,2025-08-12T20:19:47.343175202Z,1755029987343,50041,10006.2,4.77,1.8,16.0,1,3,10,15
producer-1.pitur-265048.isolateedinburgh-pg0.utah.cloudlab.us,2025-08-12T20:19:52.346384933Z,1755029992346,49978,9995.6,4.77,1.7,17.0,1,3,9,16
producer-1.pitur-265048.isolateedinburgh-pg0.utah.cloudlab.us,2025-08-12T20:19:57.350400831Z,1755029997350,50092,10016.4,4.78,1.6,19.0,1,2,7,16
producer-1.pitur-265048.isolateedinburgh-pg0.utah.cloudlab.us,2025-08-12T20:20:02.354909182Z,1755030002354,50049,10007.8,4.77,1.8,16.0,2,3,9,14
producer-1.pitur-265048.isolateedinburgh-pg0.utah.cloudlab.us,2025-08-12T20:20:07.357925901Z,1755030007357,50031,10006.2,4.77,1.7,19.0,2,3,7,15
producer-1.pitur-265048.isolateedinburgh-pg0.utah.cloudlab.us,2025-08-12T20:20:12.361081263Z,1755030012361,50010,10000.0,4.77,1.7,12.0,2,3,8,10
producer-1.pitur-265048.isolateedinburgh-pg0.utah.cloudlab.us,2025-08-12T20:20:17.365922034Z,1755030017365,50070,10012.0,4.77,1.7,16.0,1,3,9,14
producer-1.pitur-265048.isolateedinburgh-pg0.utah.cloudlab.us,2025-08-12T20:20:22.368917630Z,1755030022368,50030,10006.0,4.77,1.8,16.0,2,3,8,14
producer-1.pitur-265048.isolateedinburgh-pg0.utah.cloudlab.us,2025-08-12T20:20:27.372059173Z,1755030027372,50030,10004.0,4.77,1.7,20.0,2,3,7,17
producer-1.pitur-265048.isolateedinburgh-pg0.utah.cloudlab.us,2025-08-12T20:20:32.375987341Z,1755030032375,50030,10004.0,4.77,1.8,19.0,2,3,10,17
producer-1.pitur-265048.isolateedinburgh-pg0.utah.cloudlab.us,2025-08-12T20:20:37.380291321Z,1755030037380,50049,10007.8,4.77,1.7,17.0,1,3,8,15
producer-1.pitur-265048.isolateedinburgh-pg0.utah.cloudlab.us,2025-08-12T20:20:42.383514756Z,1755030042383,50031,10006.2,4.77,1.7,13.0,1,3,8,11
producer-1.pitur-265048.isolateedinburgh-pg0.utah.cloudlab.us,2025-08-12T20:20:47.388006557Z,1755030047388,50050,10006.0,4.77,1.7,16.0,2,3,8,13
producer-1.pitur-265048.isolateedinburgh-pg0.utah.cloudlab.us,2025-08-12T20:20:52.392033215Z,1755030052392,50040,10008.0,4.77,1.7,16.0,1,3,10,15
producer-1.pitur-265048.isolateedinburgh-pg0.utah.cloudlab.us,2025-08-12T20:20:57.396876830Z,1755030057396,50040,10006.0,4.77,1.7,18.0,1,3,9,13
producer-1.pitur-265048.isolateedinburgh-pg0.utah.cloudlab.us,2025-08-12T20:21:02.400129339Z,1755030062400,50040,10008.0,4.77,1.7,19.0,2,3,8,12
producer-1.pitur-265048.isolateedinburgh-pg0.utah.cloudlab.us,2025-08-12T20:21:07.403169011Z,1755030067403,50030,10004.0,4.77,1.7,18.0,2,3,9,14
