hostname,timestamp_iso,timestamp_ms,records_sent,recs_per_sec,mb_per_sec,avg_latency,max_latency,p50,p95,p99,p999
producer-1.pitur-265048.isolateedinburgh-pg0.utah.cloudlab.us,2025-08-12T20:10:22.064755445Z,1755029422064,49980,9994.0,4.77,5.7,610.0,2,30,60,91
producer-1.pitur-265048.isolateedinburgh-pg0.utah.cloudlab.us,2025-08-12T20:10:27.089460540Z,1755029427089,50252,10050.4,4.79,1.7,32.0,1,3,9,32
producer-1.pitur-265048.isolateedinburgh-pg0.utah.cloudlab.us,2025-08-12T20:10:32.109133857Z,1755029432109,50190,10034.0,4.78,1.6,23.0,1,3,7,21
producer-1.pitur-265048.isolateedinburgh-pg0.utah.cloudlab.us,2025-08-12T20:10:37.115647561Z,1755029437115,50070,10012.0,4.77,1.7,20.0,1,3,8,17
producer-1.pitur-265048.isolateedinburgh-pg0.utah.cloudlab.us,2025-08-12T20:10:42.120234328Z,1755029442120,50050,10010.0,4.77,1.7,14.0,1,3,9,12
producer-1.pitur-265048.isolateedinburgh-pg0.utah.cloudlab.us,2025-08-12T20:10:47.125882212Z,1755029447125,50060,10010.0,4.77,1.6,20.0,1,3,8,12
producer-1.pitur-265048.isolateedinburgh-pg0.utah.cloudlab.us,2025-08-12T20:10:52.129789202Z,1755029452129,50040,10008.0,4.77,2.1,68.0,2,3,13,67
producer-1.pitur-265048.isolateedinburgh-pg0.utah.cloudlab.us,2025-08-12T20:10:57.134344171Z,1755029457134,50040,10008.0,4.77,1.7,19.0,1,3,9,12
producer-1.pitur-265048.isolateedinburgh-pg0.utah.cloudlab.us,2025-08-12T20:11:02.138308142Z,1755029462138,50040,10006.0,4.77,1.7,13.0,2,3,8,12
producer-1.pitur-265048.isolateedinburgh-pg0.utah.cloudlab.us,2025-08-12T20:11:07.156769301Z,1755029467156,50019,9973.9,4.76,1.7,14.0,1,3,8,12
producer-1.pitur-265048.isolateedinburgh-pg0.utah.cloudlab.us,2025-08-12T20:11:12.161916688Z,1755029472161,50221,10042.2,4.79,1.8,21.0,2,3,9,16
producer-1.pitur-265048.isolateedinburgh-pg0.utah.cloudlab.us,2025-08-12T20:11:17.165584246Z,1755029477165,50027,10005.4,4.77,1.7,15.0,1,3,8,13
producer-1.pitur-265048.isolateedinburgh-pg0.utah.cloudlab.us,2025-08-12T20:11:22.169612238Z,1755029482169,50042,10006.4,4.77,1.7,13.0,1,3,9,13
producer-1.pitur-265048.isolateedinburgh-pg0.utah.cloudlab.us,2025-08-12T20:11:27.173552646Z,1755029487173,50041,10008.2,4.77,1.8,35.0,1,3,9,33
producer-1.pitur-265048.isolateedinburgh-pg0.utah.cloudlab.us,2025-08-12T20:11:32.186825929Z,1755029492186,50046,9989.2,4.76,1.6,20.0,1,2,9,18
producer-1.pitur-265048.isolateedinburgh-pg0.utah.cloudlab.us,2025-08-12T20:11:37.190897435Z,1755029497190,50124,10024.8,4.78,1.7,17.0,1,3,8,16
producer-1.pitur-265048.isolateedinburgh-pg0.utah.cloudlab.us,2025-08-12T20:11:42.196008311Z,1755029502196,50060,10008.0,4.77,1.7,15.0,1,3,7,13
producer-1.pitur-265048.isolateedinburgh-pg0.utah.cloudlab.us,2025-08-12T20:11:47.200139836Z,1755029507200,50040,10006.0,4.77,1.6,16.0,1,3,7,11
producer-1.pitur-265048.isolateedinburgh-pg0.utah.cloudlab.us,2025-08-12T20:11:52.204668407Z,1755029512204,50040,10006.0,4.77,1.7,14.0,1,3,8,13
producer-1.pitur-265048.isolateedinburgh-pg0.utah.cloudlab.us,2025-08-12T20:11:57.210071092Z,1755029517210,50059,10007.8,4.77,1.7,18.0,2,3,8,12
producer-1.pitur-265048.isolateedinburgh-pg0.utah.cloudlab.us,2025-08-12T20:12:02.214014528Z,1755029522214,50030,10004.0,4.77,1.7,15.0,1,3,8,12
producer-1.pitur-265048.isolateedinburgh-pg0.utah.cloudlab.us,2025-08-12T20:12:07.217932051Z,1755029527217,50051,10010.2,4.77,1.8,17.0,2,4,9,13
producer-1.pitur-265048.isolateedinburgh-pg0.utah.cloudlab.us,2025-08-12T20:12:12.223481350Z,1755029532223,49980,9992.0,4.76,1.7,18.0,1,3,8,13
producer-1.pitur-265048.isolateedinburgh-pg0.utah.cloudlab.us,2025-08-12T20:12:17.228365026Z,1755029537228,50120,10022.0,4.78,1.7,14.0,1,3,8,14
producer-1.pitur-265048.isolateedinburgh-pg0.utah.cloudlab.us,2025-08-12T20:12:22.231641902Z,1755029542231,50030,10006.0,4.77,1.8,15.0,2,4,9,14
producer-1.pitur-265048.isolateedinburgh-pg0.utah.cloudlab.us,2025-08-12T20:12:27.236158066Z,1755029547236,50049,10005.8,4.77,1.7,18.0,1,3,9,14
producer-1.pitur-265048.isolateedinburgh-pg0.utah.cloudlab.us,2025-08-12T20:12:32.240771040Z,1755029552240,50051,10008.2,4.77,1.7,14.0,2,3,8,12
producer-1.pitur-265048.isolateedinburgh-pg0.utah.cloudlab.us,2025-08-12T20:12:37.249517463Z,1755029557249,50040,9996.0,4.77,1.7,18.0,1,3,8,14
producer-1.pitur-265048.isolateedinburgh-pg0.utah.cloudlab.us,2025-08-12T20:12:42.252380565Z,1755029562252,50070,10014.0,4.78,1.7,16.0,1,3,8,13
producer-1.pitur-265048.isolateedinburgh-pg0.utah.cloudlab.us,2025-08-12T20:12:47.257246799Z,1755029567257,50049,10009.8,4.77,1.6,14.0,1,3,7,13
producer-1.pitur-265048.isolateedinburgh-pg0.utah.cloudlab.us,2025-08-12T20:12:52.260693667Z,1755029572260,50031,10006.2,4.77,1.7,19.0,1,3,7,14
producer-1.pitur-265048.isolateedinburgh-pg0.utah.cloudlab.us,2025-08-12T20:12:57.263770636Z,1755029577263,50037,10007.4,4.77,1.7,18.0,1,3,8,10
producer-1.pitur-265048.isolateedinburgh-pg0.utah.cloudlab.us,2025-08-12T20:13:02.266271019Z,1755029582266,50023,10004.6,4.77,1.7,18.0,1,3,9,13
producer-1.pitur-265048.isolateedinburgh-pg0.utah.cloudlab.us,2025-08-12T20:13:07.268311367Z,1755029587268,50019,10003.8,4.77,1.7,16.0,2,3,7,12
producer-1.pitur-265048.isolateedinburgh-pg0.utah.cloudlab.us,2025-08-12T20:13:12.273304869Z,1755029592273,50051,10010.2,4.77,1.9,36.0,2,3,10,33
producer-1.pitur-265048.isolateedinburgh-pg0.utah.cloudlab.us,2025-08-12T20:13:17.276633902Z,1755029597276,50029,10005.8,4.77,1.8,16.0,1,3,9,13
producer-1.pitur-265048.isolateedinburgh-pg0.utah.cloudlab.us,2025-08-12T20:13:22.280105644Z,1755029602280,50011,10002.2,4.77,1.8,19.0,1,3,10,16
producer-1.pitur-265048.isolateedinburgh-pg0.utah.cloudlab.us,2025-08-12T20:13:27.286638412Z,1755029607286,50090,10016.0,4.78,1.7,16.0,1,3,8,13
producer-1.pitur-265048.isolateedinburgh-pg0.utah.cloudlab.us,2025-08-12T20:13:32.289300512Z,1755029612289,50040,10008.0,4.77,1.6,17.0,1,3,8,13
producer-1.pitur-265048.isolateedinburgh-pg0.utah.cloudlab.us,2025-08-12T20:13:37.293219300Z,1755029617293,50030,10002.0,4.77,1.7,18.0,1,3,9,15
producer-1.pitur-265048.isolateedinburgh-pg0.utah.cloudlab.us,2025-08-12T20:13:42.297070277Z,1755029622297,50040,10006.0,4.77,1.7,16.0,1,3,8,15
producer-1.pitur-265048.isolateedinburgh-pg0.utah.cloudlab.us,2025-08-12T20:13:47.302347829Z,1755029627302,50049,10005.8,4.77,1.8,15.0,1,3,9,14
producer-1.pitur-265048.isolateedinburgh-pg0.utah.cloudlab.us,2025-08-12T20:13:52.307315930Z,1755029632307,50050,10006.0,4.77,1.7,15.0,2,3,9,11
producer-1.pitur-265048.isolateedinburgh-pg0.utah.cloudlab.us,2025-08-12T20:13:57.312129148Z,1755029637312,50051,10006.2,4.77,1.6,16.0,1,3,7,14
producer-1.pitur-265048.isolateedinburgh-pg0.utah.cloudlab.us,2025-08-12T20:14:02.317007687Z,1755029642317,50049,10005.8,4.77,1.8,15.0,2,4,9,14
producer-1.pitur-265048.isolateedinburgh-pg0.utah.cloudlab.us,2025-08-12T20:14:07.320015771Z,1755029647320,50031,10006.2,4.77,1.7,16.0,1,3,9,14
producer-1.pitur-265048.isolateedinburgh-pg0.utah.cloudlab.us,2025-08-12T20:14:12.322220078Z,1755029652322,50019,10003.8,4.77,1.7,15.0,1,3,8,12
producer-1.pitur-265048.isolateedinburgh-pg0.utah.cloudlab.us,2025-08-12T20:14:17.325133600Z,1755029657325,50031,10006.2,4.77,1.7,25.0,1,3,9,22
producer-1.pitur-265048.isolateedinburgh-pg0.utah.cloudlab.us,2025-08-12T20:14:22.328825617Z,1755029662328,49879,9973.8,4.76,1.8,15.0,2,3,8,14
producer-1.pitur-265048.isolateedinburgh-pg0.utah.cloudlab.us,2025-08-12T20:14:27.339277758Z,1755029667339,50181,10022.2,4.78,1.8,15.0,2,4,9,14
producer-1.pitur-265048.isolateedinburgh-pg0.utah.cloudlab.us,2025-08-12T20:14:32.343213696Z,1755029672343,50119,10021.8,4.78,1.8,16.0,2,3,10,15
producer-1.pitur-265048.isolateedinburgh-pg0.utah.cloudlab.us,2025-08-12T20:14:37.347604520Z,1755029677347,50041,10006.2,4.77,1.7,14.0,1,3,8,10
producer-1.pitur-265048.isolateedinburgh-pg0.utah.cloudlab.us,2025-08-12T20:14:42.350560844Z,1755029682350,50040,10008.0,4.77,1.7,15.0,1,3,8,11
producer-1.pitur-265048.isolateedinburgh-pg0.utah.cloudlab.us,2025-08-12T20:14:47.354201291Z,1755029687354,50030,10004.0,4.77,1.7,32.0,1,3,8,29
producer-1.pitur-265048.isolateedinburgh-pg0.utah.cloudlab.us,2025-08-12T20:14:52.356776031Z,1755029692356,49980,9996.0,4.77,1.8,18.0,1,3,8,11
producer-1.pitur-265048.isolateedinburgh-pg0.utah.cloudlab.us,2025-08-12T20:14:57.360048516Z,1755029697360,50080,10014.0,4.78,1.7,17.0,1,3,10,14
producer-1.pitur-265048.isolateedinburgh-pg0.utah.cloudlab.us,2025-08-12T20:15:02.362864631Z,1755029702362,50030,10006.0,4.77,1.7,16.0,1,3,10,15
producer-1.pitur-265048.isolateedinburgh-pg0.utah.cloudlab.us,2025-08-12T20:15:07.367778158Z,1755029707367,50040,10006.0,4.77,1.8,19.0,2,3,9,16
producer-1.pitur-265048.isolateedinburgh-pg0.utah.cloudlab.us,2025-08-12T20:15:12.372659759Z,1755029712372,50058,10009.6,4.77,1.8,42.0,1,3,10,40
producer-1.pitur-265048.isolateedinburgh-pg0.utah.cloudlab.us,2025-08-12T20:15:17.375049598Z,1755029717375,50022,10004.4,4.77,1.8,19.0,2,3,8,13
producer-1.pitur-265048.isolateedinburgh-pg0.utah.cloudlab.us,2025-08-12T20:15:22.378752214Z,1755029722378,50031,10004.2,4.77,1.9,28.0,2,4,8,23
producer-1.pitur-265048.isolateedinburgh-pg0.utah.cloudlab.us,2025-08-12T20:15:27.381362607Z,1755029727381,50029,10005.8,4.77,1.7,16.0,1,3,8,14
producer-1.pitur-265048.isolateedinburgh-pg0.utah.cloudlab.us,2025-08-12T20:15:32.384483041Z,1755029732384,50030,10006.0,4.77,1.8,28.0,1,3,9,26
producer-1.pitur-265048.isolateedinburgh-pg0.utah.cloudlab.us,2025-08-12T20:15:37.387199697Z,1755029737387,50030,10006.0,4.77,1.7,16.0,1,3,10,15
producer-1.pitur-265048.isolateedinburgh-pg0.utah.cloudlab.us,2025-08-12T20:15:42.391026884Z,1755029742391,50040,10006.0,4.77,1.7,30.0,1,3,9,28
producer-1.pitur-265048.isolateedinburgh-pg0.utah.cloudlab.us,2025-08-12T20:15:47.395733196Z,1755029747395,50045,10007.0,4.77,1.7,17.0,1,3,9,13
producer-1.pitur-265048.isolateedinburgh-pg0.utah.cloudlab.us,2025-08-12T20:15:52.400736024Z,1755029752400,50045,10007.0,4.77,1.8,28.0,1,3,9,28
producer-1.pitur-265048.isolateedinburgh-pg0.utah.cloudlab.us,2025-08-12T20:15:57.403009969Z,1755029757403,50022,10004.4,4.77,1.7,14.0,1,3,9,13
producer-1.pitur-265048.isolateedinburgh-pg0.utah.cloudlab.us,2025-08-12T20:16:02.406865659Z,1755029762406,50047,10009.4,4.77,1.8,17.0,2,3,9,15
producer-1.pitur-265048.isolateedinburgh-pg0.utah.cloudlab.us,2025-08-12T20:16:07.411151956Z,1755029767411,50041,10006.2,4.77,1.9,19.0,2,4,10,17
producer-1.pitur-265048.isolateedinburgh-pg0.utah.cloudlab.us,2025-08-12T20:16:12.415220149Z,1755029772415,50040,10004.0,4.77,1.7,19.0,1,3,8,16
producer-1.pitur-265048.isolateedinburgh-pg0.utah.cloudlab.us,2025-08-12T20:16:17.418689835Z,1755029777418,50030,10004.0,4.77,1.7,22.0,2,3,9,19
producer-1.pitur-265048.isolateedinburgh-pg0.utah.cloudlab.us,2025-08-12T20:16:22.421548970Z,1755029782421,50032,10006.4,4.77,1.8,19.0,2,3,9,16
producer-1.pitur-265048.isolateedinburgh-pg0.utah.cloudlab.us,2025-08-12T20:16:27.423177799Z,1755029787423,50018,10003.6,4.77,1.8,19.0,2,3,8,16
producer-1.pitur-265048.isolateedinburgh-pg0.utah.cloudlab.us,2025-08-12T20:16:32.427197948Z,1755029792427,50040,10006.0,4.77,1.7,12.0,2,3,8,11
producer-1.pitur-265048.isolateedinburgh-pg0.utah.cloudlab.us,2025-08-12T20:16:37.430979397Z,1755029797430,50040,10006.0,4.77,1.7,15.0,1,3,9,12
producer-1.pitur-265048.isolateedinburgh-pg0.utah.cloudlab.us,2025-08-12T20:16:42.434635300Z,1755029802434,50020,10004.0,4.77,1.7,13.0,1,3,8,13
producer-1.pitur-265048.isolateedinburgh-pg0.utah.cloudlab.us,2025-08-12T20:16:47.438178037Z,1755029807438,50049,10007.8,4.77,1.8,26.0,1,3,10,24
producer-1.pitur-265048.isolateedinburgh-pg0.utah.cloudlab.us,2025-08-12T20:16:52.443201033Z,1755029812443,50051,10006.2,4.77,1.8,20.0,2,3,9,17
producer-1.pitur-265048.isolateedinburgh-pg0.utah.cloudlab.us,2025-08-12T20:16:57.446374387Z,1755029817446,50030,10006.0,4.77,1.8,37.0,2,3,9,27
producer-1.pitur-265048.isolateedinburgh-pg0.utah.cloudlab.us,2025-08-12T20:17:02.450237518Z,1755029822450,50039,10005.8,4.77,1.7,17.0,1,3,8,15
producer-1.pitur-265048.isolateedinburgh-pg0.utah.cloudlab.us,2025-08-12T20:17:07.453284438Z,1755029827453,50031,10006.2,4.77,1.7,13.0,1,3,8,12
producer-1.pitur-265048.isolateedinburgh-pg0.utah.cloudlab.us,2025-08-12T20:17:12.457859010Z,1755029832457,50050,10008.0,4.77,1.6,14.0,1,2,8,13
producer-1.pitur-265048.isolateedinburgh-pg0.utah.cloudlab.us,2025-08-12T20:17:17.460754348Z,1755029837460,49967,9993.4,4.77,1.7,29.0,1,3,8,26
producer-1.pitur-265048.isolateedinburgh-pg0.utah.cloudlab.us,2025-08-12T20:17:22.464010272Z,1755029842464,50093,10018.6,4.78,1.7,17.0,1,3,10,14
producer-1.pitur-265048.isolateedinburgh-pg0.utah.cloudlab.us,2025-08-12T20:17:27.466578596Z,1755029847466,50020,10004.0,4.77,1.8,19.0,2,4,9,17
producer-1.pitur-265048.isolateedinburgh-pg0.utah.cloudlab.us,2025-08-12T20:17:32.470130672Z,1755029852470,50030,10004.0,4.77,1.6,14.0,1,2,8,13
producer-1.pitur-265048.isolateedinburgh-pg0.utah.cloudlab.us,2025-08-12T20:17:37.474361133Z,1755029857474,50050,10008.0,4.77,1.7,16.0,1,3,8,13
producer-1.pitur-265048.isolateedinburgh-pg0.utah.cloudlab.us,2025-08-12T20:17:42.477161629Z,1755029862477,50031,10006.2,4.77,1.8,21.0,2,3,11,20
producer-1.pitur-265048.isolateedinburgh-pg0.utah.cloudlab.us,2025-08-12T20:17:47.481431062Z,1755029867481,50039,10005.8,4.77,1.7,16.0,1,3,9,14
producer-1.pitur-265048.isolateedinburgh-pg0.utah.cloudlab.us,2025-08-12T20:17:52.483497458Z,1755029872483,50010,10002.0,4.77,1.7,19.0,1,3,9,17
producer-1.pitur-265048.isolateedinburgh-pg0.utah.cloudlab.us,2025-08-12T20:17:57.487272997Z,1755029877487,50050,10008.0,4.77,1.8,18.0,2,3,9,17
producer-1.pitur-265048.isolateedinburgh-pg0.utah.cloudlab.us,2025-08-12T20:18:02.491345872Z,1755029882491,50040,10006.0,4.77,1.7,14.0,1,3,7,12
producer-1.pitur-265048.isolateedinburgh-pg0.utah.cloudlab.us,2025-08-12T20:18:07.496805774Z,1755029887496,50053,10008.6,4.77,1.7,19.0,1,3,8,13
producer-1.pitur-265048.isolateedinburgh-pg0.utah.cloudlab.us,2025-08-12T20:18:12.500581484Z,1755029892500,50037,10007.4,4.77,1.8,17.0,2,3,9,15
producer-1.pitur-265048.isolateedinburgh-pg0.utah.cloudlab.us,2025-08-12T20:18:17.504851971Z,1755029897504,50050,10008.0,4.77,1.7,17.0,2,3,9,15
producer-1.pitur-265048.isolateedinburgh-pg0.utah.cloudlab.us,2025-08-12T20:18:22.507843693Z,1755029902507,50030,10006.0,4.77,1.8,17.0,2,4,8,14
producer-1.pitur-265048.isolateedinburgh-pg0.utah.cloudlab.us,2025-08-12T20:18:27.512046285Z,1755029907512,50040,10004.0,4.77,1.7,16.0,1,3,9,16
producer-1.pitur-265048.isolateedinburgh-pg0.utah.cloudlab.us,2025-08-12T20:18:32.515997289Z,1755029912515,50030,10004.0,4.77,1.8,17.0,2,3,9,15
producer-1.pitur-265048.isolateedinburgh-pg0.utah.cloudlab.us,2025-08-12T20:18:37.520079631Z,1755029917520,50045,10005.0,4.77,1.8,22.0,2,3,10,21
producer-1.pitur-265048.isolateedinburgh-pg0.utah.cloudlab.us,2025-08-12T20:18:42.523399738Z,1755029922523,50035,10007.0,4.77,1.7,29.0,1,3,8,28
producer-1.pitur-265048.isolateedinburgh-pg0.utah.cloudlab.us,2025-08-12T20:18:47.526691804Z,1755029927526,50030,10006.0,4.77,1.8,18.0,1,3,10,17
producer-1.pitur-265048.isolateedinburgh-pg0.utah.cloudlab.us,2025-08-12T20:18:52.530487177Z,1755029932530,50040,10006.0,4.77,1.7,18.0,2,3,8,15
producer-1.pitur-265048.isolateedinburgh-pg0.utah.cloudlab.us,2025-08-12T20:18:57.533718853Z,1755029937533,50030,10006.0,4.77,1.8,18.0,1,3,9,12
producer-1.pitur-265048.isolateedinburgh-pg0.utah.cloudlab.us,2025-08-12T20:19:02.536788818Z,1755029942536,50033,10006.6,4.77,1.7,17.0,2,3,8,11
producer-1.pitur-265048.isolateedinburgh-pg0.utah.cloudlab.us,2025-08-12T20:19:07.539858901Z,1755029947539,50036,10007.2,4.77,1.7,20.0,2,3,8,16
producer-1.pitur-265048.isolateedinburgh-pg0.utah.cloudlab.us,2025-08-12T20:19:12.543983168Z,1755029952543,50041,10006.2,4.77,1.8,17.0,2,3,8,14
producer-1.pitur-265048.isolateedinburgh-pg0.utah.cloudlab.us,2025-08-12T20:19:17.548339807Z,1755029957548,50040,10006.0,4.77,1.7,18.0,1,3,8,16
producer-1.pitur-265048.isolateedinburgh-pg0.utah.cloudlab.us,2025-08-12T20:19:22.550203914Z,1755029962550,50019,10003.8,4.77,1.7,14.0,2,3,7,13
producer-1.pitur-265048.isolateedinburgh-pg0.utah.cloudlab.us,2025-08-12T20:19:27.553716328Z,1755029967553,50037,10005.4,4.77,1.8,16.0,2,3,9,13
producer-1.pitur-265048.isolateedinburgh-pg0.utah.cloudlab.us,2025-08-12T20:19:32.557864946Z,1755029972557,50043,10008.6,4.77,1.7,15.0,1,3,7,15
producer-1.pitur-265048.isolateedinburgh-pg0.utah.cloudlab.us,2025-08-12T20:19:37.562219534Z,1755029977562,50041,10004.2,4.77,1.7,11.0,2,3,8,11
producer-1.pitur-265048.isolateedinburgh-pg0.utah.cloudlab.us,2025-08-12T20:19:42.564303233Z,1755029982564,50020,10004.0,4.77,1.7,17.0,2,3,8,15
producer-1.pitur-265048.isolateedinburgh-pg0.utah.cloudlab.us,2025-08-12T20:19:47.567591148Z,1755029987567,50030,10006.0,4.77,1.8,17.0,2,3,9,14
producer-1.pitur-265048.isolateedinburgh-pg0.utah.cloudlab.us,2025-08-12T20:19:52.570431505Z,1755029992570,50030,10006.0,4.77,1.6,17.0,1,2,8,14
producer-1.pitur-265048.isolateedinburgh-pg0.utah.cloudlab.us,2025-08-12T20:19:57.574334845Z,1755029997574,50040,10006.0,4.77,1.6,17.0,1,3,7,14
producer-1.pitur-265048.isolateedinburgh-pg0.utah.cloudlab.us,2025-08-12T20:20:02.577199784Z,1755030002577,50030,10006.0,4.77,1.8,19.0,1,3,9,17
producer-1.pitur-265048.isolateedinburgh-pg0.utah.cloudlab.us,2025-08-12T20:20:07.582280908Z,1755030007582,50049,10005.8,4.77,1.7,17.0,1,3,8,12
producer-1.pitur-265048.isolateedinburgh-pg0.utah.cloudlab.us,2025-08-12T20:20:12.589863261Z,1755030012589,49921,9976.2,4.76,1.7,17.0,1,3,8,15
producer-1.pitur-265048.isolateedinburgh-pg0.utah.cloudlab.us,2025-08-12T20:20:17.594195470Z,1755030017594,50190,10034.0,4.78,1.7,16.0,1,3,9,15
producer-1.pitur-265048.isolateedinburgh-pg0.utah.cloudlab.us,2025-08-12T20:20:22.596886501Z,1755030022596,50039,10007.8,4.77,1.7,16.0,1,3,8,14
producer-1.pitur-265048.isolateedinburgh-pg0.utah.cloudlab.us,2025-08-12T20:20:27.599994963Z,1755030027599,50021,10004.2,4.77,1.8,18.0,2,3,9,14
producer-1.pitur-265048.isolateedinburgh-pg0.utah.cloudlab.us,2025-08-12T20:20:32.603075442Z,1755030032603,50039,10005.8,4.77,1.8,19.0,2,3,9,13
producer-1.pitur-265048.isolateedinburgh-pg0.utah.cloudlab.us,2025-08-12T20:20:37.606236490Z,1755030037606,50031,10006.2,4.77,1.8,19.0,1,3,9,17
producer-1.pitur-265048.isolateedinburgh-pg0.utah.cloudlab.us,2025-08-12T20:20:42.609296679Z,1755030042609,50030,10006.0,4.77,1.7,19.0,1,3,8,14
producer-1.pitur-265048.isolateedinburgh-pg0.utah.cloudlab.us,2025-08-12T20:20:47.613754340Z,1755030047613,50000,9998.0,4.77,1.6,17.0,1,3,7,11
producer-1.pitur-265048.isolateedinburgh-pg0.utah.cloudlab.us,2025-08-12T20:20:52.616453532Z,1755030052616,50030,10006.0,4.77,1.7,19.0,1,3,8,16
producer-1.pitur-265048.isolateedinburgh-pg0.utah.cloudlab.us,2025-08-12T20:20:57.619906938Z,1755030057619,50080,10016.0,4.78,1.8,15.0,1,3,10,14
producer-1.pitur-265048.isolateedinburgh-pg0.utah.cloudlab.us,2025-08-12T20:21:02.623052509Z,1755030062623,50020,10004.0,4.77,1.8,18.0,2,4,9,12
producer-1.pitur-265048.isolateedinburgh-pg0.utah.cloudlab.us,2025-08-12T20:21:07.627205752Z,1755030067627,50050,10008.0,4.77,1.7,19.0,2,3,9,18
