hostname,timestamp_iso,timestamp_ms,records_sent,recs_per_sec,mb_per_sec,avg_latency,max_latency,p50,p95,p99,p999
producer-1.pitur-265048.isolateedinburgh-pg0.utah.cloudlab.us,2025-08-12T20:10:21.855084961Z,1755029421855,49971,9966.3,4.75,11.8,614.0,2,78,112,134
producer-1.pitur-265048.isolateedinburgh-pg0.utah.cloudlab.us,2025-08-12T20:10:26.878278862Z,1755029426878,50370,10074.0,4.80,1.9,33.0,1,4,15,32
producer-1.pitur-265048.isolateedinburgh-pg0.utah.cloudlab.us,2025-08-12T20:10:31.887649642Z,1755029431887,50091,10016.2,4.78,1.6,13.0,1,3,8,12
producer-1.pitur-265048.isolateedinburgh-pg0.utah.cloudlab.us,2025-08-12T20:10:36.893426697Z,1755029436893,50060,10010.0,4.77,1.7,21.0,1,3,8,15
producer-1.pitur-265048.isolateedinburgh-pg0.utah.cloudlab.us,2025-08-12T20:10:41.898551597Z,1755029441898,50050,10010.0,4.77,1.6,13.0,1,3,7,10
producer-1.pitur-265048.isolateedinburgh-pg0.utah.cloudlab.us,2025-08-12T20:10:46.913457985Z,1755029446913,50150,10028.0,4.78,1.7,17.0,1,3,8,16
producer-1.pitur-265048.isolateedinburgh-pg0.utah.cloudlab.us,2025-08-12T20:10:51.921437124Z,1755029451921,49910,9974.0,4.76,1.7,19.0,1,3,9,13
producer-1.pitur-265048.isolateedinburgh-pg0.utah.cloudlab.us,2025-08-12T20:10:56.930553769Z,1755029456930,50260,10050.0,4.79,1.9,59.0,1,3,10,57
producer-1.pitur-265048.isolateedinburgh-pg0.utah.cloudlab.us,2025-08-12T20:11:01.933139733Z,1755029461933,50030,10006.0,4.77,1.7,18.0,1,3,8,11
producer-1.pitur-265048.isolateedinburgh-pg0.utah.cloudlab.us,2025-08-12T20:11:06.936295730Z,1755029466936,50030,10006.0,4.77,1.7,17.0,1,3,7,15
producer-1.pitur-265048.isolateedinburgh-pg0.utah.cloudlab.us,2025-08-12T20:11:11.941417827Z,1755029471941,50050,10006.0,4.77,1.6,22.0,1,3,9,14
producer-1.pitur-265048.isolateedinburgh-pg0.utah.cloudlab.us,2025-08-12T20:11:16.946245148Z,1755029476946,50049,10005.8,4.77,1.6,15.0,1,2,8,15
producer-1.pitur-265048.isolateedinburgh-pg0.utah.cloudlab.us,2025-08-12T20:11:21.951052467Z,1755029481951,50051,10006.2,4.77,1.7,14.0,1,3,8,12
producer-1.pitur-265048.isolateedinburgh-pg0.utah.cloudlab.us,2025-08-12T20:11:26.955429976Z,1755029486955,50040,10006.0,4.77,1.8,39.0,1,3,10,36
producer-1.pitur-265048.isolateedinburgh-pg0.utah.cloudlab.us,2025-08-12T20:11:31.960803850Z,1755029491960,50059,10009.8,4.77,1.7,18.0,1,3,8,16
producer-1.pitur-265048.isolateedinburgh-pg0.utah.cloudlab.us,2025-08-12T20:11:36.965370170Z,1755029496965,50041,10006.2,4.77,1.6,16.0,1,2,7,12
producer-1.pitur-265048.isolateedinburgh-pg0.utah.cloudlab.us,2025-08-12T20:11:41.968669284Z,1755029501968,50030,10006.0,4.77,1.7,15.0,1,3,8,15
producer-1.pitur-265048.isolateedinburgh-pg0.utah.cloudlab.us,2025-08-12T20:11:46.975471360Z,1755029506975,49920,9976.0,4.76,1.6,14.0,1,2,6,11
producer-1.pitur-265048.isolateedinburgh-pg0.utah.cloudlab.us,2025-08-12T20:11:51.979265294Z,1755029511979,50190,10036.0,4.79,1.7,13.0,1,3,9,12
producer-1.pitur-265048.isolateedinburgh-pg0.utah.cloudlab.us,2025-08-12T20:11:56.983671566Z,1755029516983,50050,10008.0,4.77,1.7,14.0,1,3,8,11
producer-1.pitur-265048.isolateedinburgh-pg0.utah.cloudlab.us,2025-08-12T20:12:01.987731620Z,1755029521987,50007,9999.4,4.77,1.8,18.0,2,3,9,14
producer-1.pitur-265048.isolateedinburgh-pg0.utah.cloudlab.us,2025-08-12T20:12:06.990839044Z,1755029526990,50052,10010.4,4.77,1.8,19.0,2,3,9,15
producer-1.pitur-265048.isolateedinburgh-pg0.utah.cloudlab.us,2025-08-12T20:12:11.994339798Z,1755029531994,50041,10008.2,4.77,1.7,17.0,1,3,7,14
producer-1.pitur-265048.isolateedinburgh-pg0.utah.cloudlab.us,2025-08-12T20:12:16.999178136Z,1755029536999,50050,10006.0,4.77,1.7,17.0,2,3,7,13
producer-1.pitur-265048.isolateedinburgh-pg0.utah.cloudlab.us,2025-08-12T20:12:22.005603645Z,1755029542005,50070,10012.0,4.77,1.7,18.0,1,3,8,16
producer-1.pitur-265048.isolateedinburgh-pg0.utah.cloudlab.us,2025-08-12T20:12:27.008530517Z,1755029547008,50020,10004.0,4.77,1.7,18.0,1,3,8,13
producer-1.pitur-265048.isolateedinburgh-pg0.utah.cloudlab.us,2025-08-12T20:12:32.011954339Z,1755029552011,50040,10008.0,4.77,1.7,18.0,1,3,8,13
producer-1.pitur-265048.isolateedinburgh-pg0.utah.cloudlab.us,2025-08-12T20:12:37.016888832Z,1755029557016,50050,10008.0,4.77,1.6,19.0,1,2,8,11
producer-1.pitur-265048.isolateedinburgh-pg0.utah.cloudlab.us,2025-08-12T20:12:42.021111555Z,1755029562021,50040,10004.0,4.77,1.7,18.0,2,3,8,14
producer-1.pitur-265048.isolateedinburgh-pg0.utah.cloudlab.us,2025-08-12T20:12:47.023879713Z,1755029567023,50029,10005.8,4.77,1.7,14.0,1,3,8,13
producer-1.pitur-265048.isolateedinburgh-pg0.utah.cloudlab.us,2025-08-12T20:12:52.027516726Z,1755029572027,50031,10004.2,4.77,1.7,16.0,1,3,8,12
producer-1.pitur-265048.isolateedinburgh-pg0.utah.cloudlab.us,2025-08-12T20:12:57.031943830Z,1755029577031,50050,10008.0,4.77,1.8,17.0,2,3,8,11
producer-1.pitur-265048.isolateedinburgh-pg0.utah.cloudlab.us,2025-08-12T20:13:02.035394065Z,1755029582035,50029,10003.8,4.77,1.7,18.0,1,3,9,17
producer-1.pitur-265048.isolateedinburgh-pg0.utah.cloudlab.us,2025-08-12T20:13:07.038388229Z,1755029587038,50031,10004.2,4.77,1.7,16.0,2,3,8,12
producer-1.pitur-265048.isolateedinburgh-pg0.utah.cloudlab.us,2025-08-12T20:13:12.041346445Z,1755029592041,50030,10006.0,4.77,1.7,13.0,1,3,7,12
producer-1.pitur-265048.isolateedinburgh-pg0.utah.cloudlab.us,2025-08-12T20:13:17.044412177Z,1755029597044,50030,10006.0,4.77,1.7,15.0,2,3,9,14
producer-1.pitur-265048.isolateedinburgh-pg0.utah.cloudlab.us,2025-08-12T20:13:22.047114769Z,1755029602047,50030,10006.0,4.77,1.7,16.0,2,3,10,16
producer-1.pitur-265048.isolateedinburgh-pg0.utah.cloudlab.us,2025-08-12T20:13:27.050906279Z,1755029607050,50040,10008.0,4.77,1.8,16.0,2,3,9,13
producer-1.pitur-265048.isolateedinburgh-pg0.utah.cloudlab.us,2025-08-12T20:13:32.055181224Z,1755029612055,50040,10004.0,4.77,1.7,16.0,1,3,8,15
producer-1.pitur-265048.isolateedinburgh-pg0.utah.cloudlab.us,2025-08-12T20:13:37.058193476Z,1755029617058,50030,10004.0,4.77,1.7,17.0,1,3,9,14
producer-1.pitur-265048.isolateedinburgh-pg0.utah.cloudlab.us,2025-08-12T20:13:42.060852122Z,1755029622060,50029,10005.8,4.77,1.7,18.0,1,3,9,16
producer-1.pitur-265048.isolateedinburgh-pg0.utah.cloudlab.us,2025-08-12T20:13:47.064178512Z,1755029627064,50031,10006.2,4.77,1.9,18.0,2,4,10,17
producer-1.pitur-265048.isolateedinburgh-pg0.utah.cloudlab.us,2025-08-12T20:13:52.067099298Z,1755029632067,50029,10003.8,4.77,1.6,15.0,1,3,9,12
producer-1.pitur-265048.isolateedinburgh-pg0.utah.cloudlab.us,2025-08-12T20:13:57.070437932Z,1755029637070,50031,10006.2,4.77,1.7,16.0,1,3,9,13
producer-1.pitur-265048.isolateedinburgh-pg0.utah.cloudlab.us,2025-08-12T20:14:02.075023703Z,1755029642075,50050,10006.0,4.77,1.7,15.0,1,3,9,15
producer-1.pitur-265048.isolateedinburgh-pg0.utah.cloudlab.us,2025-08-12T20:14:07.078102368Z,1755029647078,50029,10003.8,4.77,1.7,15.0,1,3,9,13
producer-1.pitur-265048.isolateedinburgh-pg0.utah.cloudlab.us,2025-08-12T20:14:12.080180883Z,1755029652080,50020,10004.0,4.77,1.7,16.0,1,2,9,15
producer-1.pitur-265048.isolateedinburgh-pg0.utah.cloudlab.us,2025-08-12T20:14:17.082462997Z,1755029657082,50020,10004.0,4.77,1.7,15.0,1,3,9,13
producer-1.pitur-265048.isolateedinburgh-pg0.utah.cloudlab.us,2025-08-12T20:14:22.085374193Z,1755029662085,50031,10006.2,4.77,1.6,14.0,1,2,8,11
producer-1.pitur-265048.isolateedinburgh-pg0.utah.cloudlab.us,2025-08-12T20:14:27.088253599Z,1755029667088,50030,10006.0,4.77,1.7,14.0,1,3,9,13
producer-1.pitur-265048.isolateedinburgh-pg0.utah.cloudlab.us,2025-08-12T20:14:32.107502436Z,1755029672107,49969,9959.9,4.75,1.8,24.0,1,3,10,16
producer-1.pitur-265048.isolateedinburgh-pg0.utah.cloudlab.us,2025-08-12T20:14:37.111806239Z,1755029677111,50270,10052.0,4.79,1.8,28.0,2,3,9,23
producer-1.pitur-265048.isolateedinburgh-pg0.utah.cloudlab.us,2025-08-12T20:14:42.114413380Z,1755029682114,50021,10004.2,4.77,1.7,18.0,1,3,9,16
producer-1.pitur-265048.isolateedinburgh-pg0.utah.cloudlab.us,2025-08-12T20:14:47.118601456Z,1755029687118,50040,10006.0,4.77,1.7,18.0,1,3,8,15
producer-1.pitur-265048.isolateedinburgh-pg0.utah.cloudlab.us,2025-08-12T20:14:52.121126162Z,1755029692121,50020,10004.0,4.77,1.7,17.0,2,3,9,14
producer-1.pitur-265048.isolateedinburgh-pg0.utah.cloudlab.us,2025-08-12T20:14:57.127857763Z,1755029697127,50050,10002.0,4.77,1.7,17.0,1,3,9,15
producer-1.pitur-265048.isolateedinburgh-pg0.utah.cloudlab.us,2025-08-12T20:15:02.132173922Z,1755029702132,50070,10010.0,4.77,1.7,18.0,1,3,8,16
producer-1.pitur-265048.isolateedinburgh-pg0.utah.cloudlab.us,2025-08-12T20:15:07.134944412Z,1755029707134,50030,10006.0,4.77,1.7,21.0,1,3,8,20
producer-1.pitur-265048.isolateedinburgh-pg0.utah.cloudlab.us,2025-08-12T20:15:12.137369372Z,1755029712137,50020,10004.0,4.77,1.9,38.0,2,3,9,34
producer-1.pitur-265048.isolateedinburgh-pg0.utah.cloudlab.us,2025-08-12T20:15:17.140112838Z,1755029717140,50028,10003.6,4.77,1.7,20.0,1,3,9,18
producer-1.pitur-265048.isolateedinburgh-pg0.utah.cloudlab.us,2025-08-12T20:15:22.145606791Z,1755029722145,50042,10004.4,4.77,2.0,29.0,2,4,10,28
producer-1.pitur-265048.isolateedinburgh-pg0.utah.cloudlab.us,2025-08-12T20:15:27.149807556Z,1755029727149,50059,10009.8,4.77,1.7,16.0,2,3,7,14
producer-1.pitur-265048.isolateedinburgh-pg0.utah.cloudlab.us,2025-08-12T20:15:32.156008325Z,1755029732156,50011,9994.2,4.77,1.8,16.0,2,4,9,14
producer-1.pitur-265048.isolateedinburgh-pg0.utah.cloudlab.us,2025-08-12T20:15:37.173521645Z,1755029737173,50070,9984.0,4.76,1.8,17.0,2,3,10,14
producer-1.pitur-265048.isolateedinburgh-pg0.utah.cloudlab.us,2025-08-12T20:15:42.177309354Z,1755029742177,50190,10036.0,4.79,1.9,45.0,2,3,10,42
producer-1.pitur-265048.isolateedinburgh-pg0.utah.cloudlab.us,2025-08-12T20:15:47.181734456Z,1755029747181,50049,10007.8,4.77,1.8,16.0,1,3,10,15
producer-1.pitur-265048.isolateedinburgh-pg0.utah.cloudlab.us,2025-08-12T20:15:52.185929116Z,1755029752185,50040,10008.0,4.77,1.8,31.0,2,3,9,27
producer-1.pitur-265048.isolateedinburgh-pg0.utah.cloudlab.us,2025-08-12T20:15:57.189888250Z,1755029757189,50040,10006.0,4.77,1.6,13.0,1,3,7,11
producer-1.pitur-265048.isolateedinburgh-pg0.utah.cloudlab.us,2025-08-12T20:16:02.194112546Z,1755029762194,50040,10004.0,4.77,1.7,16.0,1,3,8,15
producer-1.pitur-265048.isolateedinburgh-pg0.utah.cloudlab.us,2025-08-12T20:16:07.198889178Z,1755029767198,50051,10008.2,4.77,1.8,22.0,2,4,10,20
producer-1.pitur-265048.isolateedinburgh-pg0.utah.cloudlab.us,2025-08-12T20:16:12.201806385Z,1755029772201,50020,10004.0,4.77,1.9,21.0,2,4,10,15
producer-1.pitur-265048.isolateedinburgh-pg0.utah.cloudlab.us,2025-08-12T20:16:17.205232800Z,1755029777205,50040,10006.0,4.77,1.7,13.0,2,3,8,13
producer-1.pitur-265048.isolateedinburgh-pg0.utah.cloudlab.us,2025-08-12T20:16:22.208052828Z,1755029782208,50020,10004.0,4.77,1.9,17.0,2,4,9,16
producer-1.pitur-265048.isolateedinburgh-pg0.utah.cloudlab.us,2025-08-12T20:16:27.210375172Z,1755029787210,50030,10006.0,4.77,1.9,18.0,2,4,10,17
producer-1.pitur-265048.isolateedinburgh-pg0.utah.cloudlab.us,2025-08-12T20:16:32.215462848Z,1755029792215,49889,9971.8,4.75,1.7,18.0,1,3,8,14
producer-1.pitur-265048.isolateedinburgh-pg0.utah.cloudlab.us,2025-08-12T20:16:37.220427138Z,1755029797220,50210,10038.0,4.79,1.8,21.0,2,4,10,18
producer-1.pitur-265048.isolateedinburgh-pg0.utah.cloudlab.us,2025-08-12T20:16:42.242499147Z,1755029802242,50201,10036.2,4.79,1.8,24.0,2,3,9,18
producer-1.pitur-265048.isolateedinburgh-pg0.utah.cloudlab.us,2025-08-12T20:16:47.246452647Z,1755029807246,49880,9974.0,4.76,1.8,20.0,2,3,8,15
producer-1.pitur-265048.isolateedinburgh-pg0.utah.cloudlab.us,2025-08-12T20:16:52.251480667Z,1755029812251,50200,10036.0,4.79,1.7,24.0,1,3,9,16
producer-1.pitur-265048.isolateedinburgh-pg0.utah.cloudlab.us,2025-08-12T20:16:57.254396896Z,1755029817254,50060,10012.0,4.77,1.8,39.0,1,4,11,28
producer-1.pitur-265048.isolateedinburgh-pg0.utah.cloudlab.us,2025-08-12T20:17:02.257825712Z,1755029822257,50039,10005.8,4.77,1.7,18.0,1,3,8,14
producer-1.pitur-265048.isolateedinburgh-pg0.utah.cloudlab.us,2025-08-12T20:17:07.262096403Z,1755029827262,50031,10002.2,4.77,1.8,19.0,2,3,8,14
producer-1.pitur-265048.isolateedinburgh-pg0.utah.cloudlab.us,2025-08-12T20:17:12.266634777Z,1755029832266,50051,10008.2,4.77,1.8,17.0,2,3,10,14
producer-1.pitur-265048.isolateedinburgh-pg0.utah.cloudlab.us,2025-08-12T20:17:17.272385602Z,1755029837272,50049,10003.8,4.77,1.8,31.0,1,3,10,28
producer-1.pitur-265048.isolateedinburgh-pg0.utah.cloudlab.us,2025-08-12T20:17:22.276492635Z,1755029842276,50050,10008.0,4.77,1.7,17.0,1,3,9,13
producer-1.pitur-265048.isolateedinburgh-pg0.utah.cloudlab.us,2025-08-12T20:17:27.281391210Z,1755029847281,50040,10004.0,4.77,1.6,18.0,1,3,7,18
producer-1.pitur-265048.isolateedinburgh-pg0.utah.cloudlab.us,2025-08-12T20:17:32.284934609Z,1755029852284,50040,10008.0,4.77,1.7,17.0,1,3,8,15
producer-1.pitur-265048.isolateedinburgh-pg0.utah.cloudlab.us,2025-08-12T20:17:37.287071966Z,1755029857287,50030,10006.0,4.77,1.8,17.0,2,3,8,15
producer-1.pitur-265048.isolateedinburgh-pg0.utah.cloudlab.us,2025-08-12T20:17:42.290381347Z,1755029862290,50030,10004.0,4.77,1.8,17.0,2,3,9,13
producer-1.pitur-265048.isolateedinburgh-pg0.utah.cloudlab.us,2025-08-12T20:17:47.295667101Z,1755029867295,50040,10006.0,4.77,1.7,19.0,1,3,10,16
producer-1.pitur-265048.isolateedinburgh-pg0.utah.cloudlab.us,2025-08-12T20:17:52.299510148Z,1755029872299,50050,10008.0,4.77,1.7,17.0,1,3,9,14
producer-1.pitur-265048.isolateedinburgh-pg0.utah.cloudlab.us,2025-08-12T20:17:57.304172438Z,1755029877304,50050,10006.0,4.77,1.6,18.0,1,3,8,13
producer-1.pitur-265048.isolateedinburgh-pg0.utah.cloudlab.us,2025-08-12T20:18:02.306909925Z,1755029882306,50029,10005.8,4.77,1.7,12.0,2,3,8,11
producer-1.pitur-265048.isolateedinburgh-pg0.utah.cloudlab.us,2025-08-12T20:18:07.309656910Z,1755029887309,50028,10005.6,4.77,1.7,16.0,1,3,8,15
producer-1.pitur-265048.isolateedinburgh-pg0.utah.cloudlab.us,2025-08-12T20:18:12.314136960Z,1755029892314,50042,10004.4,4.77,1.7,18.0,1,3,9,16
producer-1.pitur-265048.isolateedinburgh-pg0.utah.cloudlab.us,2025-08-12T20:18:17.317219185Z,1755029897317,50031,10006.2,4.77,1.7,14.0,1,3,8,13
producer-1.pitur-265048.isolateedinburgh-pg0.utah.cloudlab.us,2025-08-12T20:18:22.320013471Z,1755029902320,50029,10003.8,4.77,1.6,20.0,1,2,8,18
producer-1.pitur-265048.isolateedinburgh-pg0.utah.cloudlab.us,2025-08-12T20:18:27.324858107Z,1755029907324,50051,10008.2,4.77,1.8,17.0,2,4,11,15
producer-1.pitur-265048.isolateedinburgh-pg0.utah.cloudlab.us,2025-08-12T20:18:32.328743276Z,1755029912328,50039,10005.8,4.77,1.7,18.0,2,3,7,13
producer-1.pitur-265048.isolateedinburgh-pg0.utah.cloudlab.us,2025-08-12T20:18:37.334285303Z,1755029917334,50030,10000.0,4.77,1.8,23.0,2,3,10,22
producer-1.pitur-265048.isolateedinburgh-pg0.utah.cloudlab.us,2025-08-12T20:18:42.336356303Z,1755029922336,50041,10008.2,4.77,1.7,16.0,1,3,7,11
producer-1.pitur-265048.isolateedinburgh-pg0.utah.cloudlab.us,2025-08-12T20:18:47.339047612Z,1755029927339,50020,10002.0,4.77,1.8,19.0,1,3,10,17
producer-1.pitur-265048.isolateedinburgh-pg0.utah.cloudlab.us,2025-08-12T20:18:52.341052939Z,1755029932341,50020,10004.0,4.77,1.7,16.0,1,3,8,15
producer-1.pitur-265048.isolateedinburgh-pg0.utah.cloudlab.us,2025-08-12T20:18:57.343237004Z,1755029937343,50030,10006.0,4.77,1.7,14.0,2,3,9,13
producer-1.pitur-265048.isolateedinburgh-pg0.utah.cloudlab.us,2025-08-12T20:19:02.345275907Z,1755029942345,50020,10004.0,4.77,1.8,15.0,2,3,10,13
producer-1.pitur-265048.isolateedinburgh-pg0.utah.cloudlab.us,2025-08-12T20:19:07.347215408Z,1755029947347,50000,10000.0,4.77,1.8,15.0,2,3,9,13
producer-1.pitur-265048.isolateedinburgh-pg0.utah.cloudlab.us,2025-08-12T20:19:12.350266759Z,1755029952350,50050,10008.0,4.77,1.8,15.0,2,3,9,13
producer-1.pitur-265048.isolateedinburgh-pg0.utah.cloudlab.us,2025-08-12T20:19:17.354194212Z,1755029957354,50040,10006.0,4.77,1.8,18.0,2,3,9,17
producer-1.pitur-265048.isolateedinburgh-pg0.utah.cloudlab.us,2025-08-12T20:19:22.356067401Z,1755029962356,50020,10004.0,4.77,1.7,15.0,1,3,9,13
producer-1.pitur-265048.isolateedinburgh-pg0.utah.cloudlab.us,2025-08-12T20:19:27.358538154Z,1755029967358,50020,10004.0,4.77,1.8,18.0,2,3,9,13
producer-1.pitur-265048.isolateedinburgh-pg0.utah.cloudlab.us,2025-08-12T20:19:32.362643620Z,1755029972362,50040,10006.0,4.77,1.6,16.0,1,3,8,11
producer-1.pitur-265048.isolateedinburgh-pg0.utah.cloudlab.us,2025-08-12T20:19:37.366124239Z,1755029977366,50040,10006.0,4.77,1.7,17.0,1,3,8,14
producer-1.pitur-265048.isolateedinburgh-pg0.utah.cloudlab.us,2025-08-12T20:19:42.369202586Z,1755029982369,50030,10006.0,4.77,1.8,15.0,2,3,9,15
producer-1.pitur-265048.isolateedinburgh-pg0.utah.cloudlab.us,2025-08-12T20:19:47.373471287Z,1755029987373,50040,10006.0,4.77,1.7,19.0,1,3,9,17
producer-1.pitur-265048.isolateedinburgh-pg0.utah.cloudlab.us,2025-08-12T20:19:52.377410219Z,1755029992377,50040,10006.0,4.77,1.7,18.0,1,3,8,11
producer-1.pitur-265048.isolateedinburgh-pg0.utah.cloudlab.us,2025-08-12T20:19:57.381744196Z,1755029997381,50032,10004.4,4.77,1.7,18.0,2,3,8,16
producer-1.pitur-265048.isolateedinburgh-pg0.utah.cloudlab.us,2025-08-12T20:20:02.385797795Z,1755030002385,50056,10009.2,4.77,1.7,17.0,1,3,8,15
producer-1.pitur-265048.isolateedinburgh-pg0.utah.cloudlab.us,2025-08-12T20:20:07.388146243Z,1755030007388,50021,10002.2,4.77,1.7,17.0,1,3,9,15
producer-1.pitur-265048.isolateedinburgh-pg0.utah.cloudlab.us,2025-08-12T20:20:12.391190634Z,1755030012391,50021,10002.2,4.77,1.7,18.0,2,3,9,16
producer-1.pitur-265048.isolateedinburgh-pg0.utah.cloudlab.us,2025-08-12T20:20:17.395040399Z,1755030017395,50050,10006.0,4.77,1.7,17.0,1,3,9,15
producer-1.pitur-265048.isolateedinburgh-pg0.utah.cloudlab.us,2025-08-12T20:20:22.398777908Z,1755030022398,50039,10005.8,4.77,1.7,18.0,1,3,8,15
producer-1.pitur-265048.isolateedinburgh-pg0.utah.cloudlab.us,2025-08-12T20:20:27.401241428Z,1755030027401,50020,10002.0,4.77,1.8,15.0,2,3,9,12
producer-1.pitur-265048.isolateedinburgh-pg0.utah.cloudlab.us,2025-08-12T20:20:32.405059546Z,1755030032405,50021,10002.2,4.77,1.8,18.0,2,3,10,17
producer-1.pitur-265048.isolateedinburgh-pg0.utah.cloudlab.us,2025-08-12T20:20:37.407142438Z,1755030037407,50040,10008.0,4.77,1.7,25.0,2,3,9,22
producer-1.pitur-265048.isolateedinburgh-pg0.utah.cloudlab.us,2025-08-12T20:20:42.410419776Z,1755030042410,50030,10004.0,4.77,1.8,18.0,2,3,8,15
producer-1.pitur-265048.isolateedinburgh-pg0.utah.cloudlab.us,2025-08-12T20:20:47.414105067Z,1755030047414,50039,10003.8,4.77,1.8,17.0,1,4,9,15
producer-1.pitur-265048.isolateedinburgh-pg0.utah.cloudlab.us,2025-08-12T20:20:52.417053533Z,1755030052417,50001,10000.2,4.77,1.7,17.0,1,3,8,13
producer-1.pitur-265048.isolateedinburgh-pg0.utah.cloudlab.us,2025-08-12T20:20:57.420194655Z,1755030057420,50060,10012.0,4.77,1.8,18.0,2,3,8,16
producer-1.pitur-265048.isolateedinburgh-pg0.utah.cloudlab.us,2025-08-12T20:21:02.423488361Z,1755030062423,50030,10004.0,4.77,1.7,13.0,1,3,7,12
producer-1.pitur-265048.isolateedinburgh-pg0.utah.cloudlab.us,2025-08-12T20:21:07.428508242Z,1755030067428,50050,10006.0,4.77,1.9,17.0,2,3,9,16
