hostname,timestamp_iso,timestamp_ms,records_sent,recs_per_sec,mb_per_sec,avg_latency,max_latency,p50,p95,p99,p999
producer-1.pitur-265048.isolateedinburgh-pg0.utah.cloudlab.us,2025-08-12T20:10:21.737919249Z,1755029421737,49975,9993.0,4.77,13.7,672.0,2,87,110,138
producer-1.pitur-265048.isolateedinburgh-pg0.utah.cloudlab.us,2025-08-12T20:10:26.764395113Z,1755029426764,50267,10051.4,4.79,1.8,33.0,1,4,12,31
producer-1.pitur-265048.isolateedinburgh-pg0.utah.cloudlab.us,2025-08-12T20:10:31.772427893Z,1755029431772,50080,10014.0,4.78,1.6,15.0,1,3,7,11
producer-1.pitur-265048.isolateedinburgh-pg0.utah.cloudlab.us,2025-08-12T20:10:36.776158705Z,1755029436776,50040,10008.0,4.77,1.7,14.0,1,3,8,12
producer-1.pitur-265048.isolateedinburgh-pg0.utah.cloudlab.us,2025-08-12T20:10:41.792999420Z,1755029441792,50164,10032.8,4.78,1.6,20.0,1,3,7,18
producer-1.pitur-265048.isolateedinburgh-pg0.utah.cloudlab.us,2025-08-12T20:10:46.799688284Z,1755029446799,50066,10009.2,4.77,1.7,18.0,2,3,8,13
producer-1.pitur-265048.isolateedinburgh-pg0.utah.cloudlab.us,2025-08-12T20:10:51.804780491Z,1755029451804,50058,10011.6,4.77,1.6,17.0,1,3,7,13
producer-1.pitur-265048.isolateedinburgh-pg0.utah.cloudlab.us,2025-08-12T20:10:56.809609037Z,1755029456809,50042,10006.4,4.77,2.0,61.0,2,3,11,59
producer-1.pitur-265048.isolateedinburgh-pg0.utah.cloudlab.us,2025-08-12T20:11:01.815093637Z,1755029461815,50060,10008.0,4.77,1.6,15.0,1,2,7,12
producer-1.pitur-265048.isolateedinburgh-pg0.utah.cloudlab.us,2025-08-12T20:11:06.821536536Z,1755029466821,50060,10012.0,4.77,1.7,25.0,1,3,7,22
producer-1.pitur-265048.isolateedinburgh-pg0.utah.cloudlab.us,2025-08-12T20:11:11.825488319Z,1755029471825,50040,10008.0,4.77,1.7,22.0,1,3,9,17
producer-1.pitur-265048.isolateedinburgh-pg0.utah.cloudlab.us,2025-08-12T20:11:16.829912722Z,1755029476829,50050,10010.0,4.77,1.6,16.0,1,3,6,11
producer-1.pitur-265048.isolateedinburgh-pg0.utah.cloudlab.us,2025-08-12T20:11:21.833401141Z,1755029481833,50012,10002.4,4.77,1.6,16.0,1,2,7,13
producer-1.pitur-265048.isolateedinburgh-pg0.utah.cloudlab.us,2025-08-12T20:11:26.838730918Z,1755029486838,50077,10013.4,4.77,1.8,27.0,1,3,10,24
producer-1.pitur-265048.isolateedinburgh-pg0.utah.cloudlab.us,2025-08-12T20:11:31.842627936Z,1755029491842,50032,10006.4,4.77,1.7,17.0,1,3,8,13
producer-1.pitur-265048.isolateedinburgh-pg0.utah.cloudlab.us,2025-08-12T20:11:36.846967402Z,1755029496846,50049,10007.8,4.77,1.7,15.0,1,3,9,14
producer-1.pitur-265048.isolateedinburgh-pg0.utah.cloudlab.us,2025-08-12T20:11:41.851669428Z,1755029501851,50031,10004.2,4.77,1.7,16.0,1,3,8,15
producer-1.pitur-265048.isolateedinburgh-pg0.utah.cloudlab.us,2025-08-12T20:11:46.856020293Z,1755029506856,50058,10009.6,4.77,1.7,18.0,1,3,7,13
producer-1.pitur-265048.isolateedinburgh-pg0.utah.cloudlab.us,2025-08-12T20:11:51.859939908Z,1755029511859,50030,10006.0,4.77,1.6,17.0,1,2,8,12
producer-1.pitur-265048.isolateedinburgh-pg0.utah.cloudlab.us,2025-08-12T20:11:56.865959787Z,1755029516865,50051,10008.2,4.77,1.7,18.0,1,3,8,13
producer-1.pitur-265048.isolateedinburgh-pg0.utah.cloudlab.us,2025-08-12T20:12:01.871209234Z,1755029521871,50069,10009.8,4.77,1.7,22.0,1,3,9,12
producer-1.pitur-265048.isolateedinburgh-pg0.utah.cloudlab.us,2025-08-12T20:12:06.875024498Z,1755029526875,50041,10006.2,4.77,1.8,17.0,2,3,9,15
producer-1.pitur-265048.isolateedinburgh-pg0.utah.cloudlab.us,2025-08-12T20:12:11.882410370Z,1755029531882,50030,9998.0,4.77,1.7,14.0,1,3,8,11
producer-1.pitur-265048.isolateedinburgh-pg0.utah.cloudlab.us,2025-08-12T20:12:16.887314608Z,1755029536887,50089,10015.8,4.78,1.7,16.0,1,3,7,12
producer-1.pitur-265048.isolateedinburgh-pg0.utah.cloudlab.us,2025-08-12T20:12:21.892122955Z,1755029541892,50051,10006.2,4.77,1.7,17.0,1,3,8,16
producer-1.pitur-265048.isolateedinburgh-pg0.utah.cloudlab.us,2025-08-12T20:12:26.894565527Z,1755029546894,50019,10003.8,4.77,1.6,13.0,1,2,7,12
producer-1.pitur-265048.isolateedinburgh-pg0.utah.cloudlab.us,2025-08-12T20:12:31.898390977Z,1755029551898,50041,10006.2,4.77,1.6,16.0,1,3,6,11
producer-1.pitur-265048.isolateedinburgh-pg0.utah.cloudlab.us,2025-08-12T20:12:36.901137602Z,1755029556901,50029,10005.8,4.77,1.6,12.0,1,3,7,12
producer-1.pitur-265048.isolateedinburgh-pg0.utah.cloudlab.us,2025-08-12T20:12:41.904184105Z,1755029561904,50031,10006.2,4.77,1.7,11.0,1,3,8,11
producer-1.pitur-265048.isolateedinburgh-pg0.utah.cloudlab.us,2025-08-12T20:12:46.908724908Z,1755029566908,50050,10008.0,4.77,1.7,13.0,1,3,7,12
producer-1.pitur-265048.isolateedinburgh-pg0.utah.cloudlab.us,2025-08-12T20:12:51.913914734Z,1755029571913,50049,10007.8,4.77,1.7,18.0,1,3,9,14
producer-1.pitur-265048.isolateedinburgh-pg0.utah.cloudlab.us,2025-08-12T20:12:56.919511868Z,1755029576919,50031,10002.2,4.77,1.7,15.0,1,3,8,12
producer-1.pitur-265048.isolateedinburgh-pg0.utah.cloudlab.us,2025-08-12T20:13:01.922887868Z,1755029581922,50059,10011.8,4.77,1.7,15.0,1,3,8,15
producer-1.pitur-265048.isolateedinburgh-pg0.utah.cloudlab.us,2025-08-12T20:13:06.926626133Z,1755029586926,50031,10004.2,4.77,1.6,14.0,1,2,8,11
producer-1.pitur-265048.isolateedinburgh-pg0.utah.cloudlab.us,2025-08-12T20:13:11.936997536Z,1755029591936,49950,9976.0,4.76,1.8,34.0,1,3,10,33
producer-1.pitur-265048.isolateedinburgh-pg0.utah.cloudlab.us,2025-08-12T20:13:16.938636994Z,1755029596938,50170,10034.0,4.78,1.7,19.0,1,3,8,13
producer-1.pitur-265048.isolateedinburgh-pg0.utah.cloudlab.us,2025-08-12T20:13:21.943174382Z,1755029601943,50030,10002.0,4.77,1.8,20.0,2,4,10,17
producer-1.pitur-265048.isolateedinburgh-pg0.utah.cloudlab.us,2025-08-12T20:13:26.946065792Z,1755029606946,50049,10009.8,4.77,1.7,16.0,2,3,9,15
producer-1.pitur-265048.isolateedinburgh-pg0.utah.cloudlab.us,2025-08-12T20:13:31.949132080Z,1755029611949,50031,10004.2,4.77,1.7,17.0,1,3,9,14
producer-1.pitur-265048.isolateedinburgh-pg0.utah.cloudlab.us,2025-08-12T20:13:36.952134760Z,1755029616952,50030,10004.0,4.77,1.6,17.0,1,3,8,12
producer-1.pitur-265048.isolateedinburgh-pg0.utah.cloudlab.us,2025-08-12T20:13:41.957998675Z,1755029621957,50060,10010.0,4.77,1.6,16.0,1,3,8,14
producer-1.pitur-265048.isolateedinburgh-pg0.utah.cloudlab.us,2025-08-12T20:13:46.960292783Z,1755029626960,50020,10004.0,4.77,1.7,17.0,1,3,8,13
producer-1.pitur-265048.isolateedinburgh-pg0.utah.cloudlab.us,2025-08-12T20:13:51.963839364Z,1755029631963,50037,10007.4,4.77,1.7,16.0,1,3,8,16
producer-1.pitur-265048.isolateedinburgh-pg0.utah.cloudlab.us,2025-08-12T20:13:56.967426995Z,1755029636967,50033,10004.6,4.77,1.7,18.0,1,3,8,16
producer-1.pitur-265048.isolateedinburgh-pg0.utah.cloudlab.us,2025-08-12T20:14:01.971830547Z,1755029641971,50049,10007.8,4.77,1.8,18.0,2,3,9,16
producer-1.pitur-265048.isolateedinburgh-pg0.utah.cloudlab.us,2025-08-12T20:14:06.974282392Z,1755029646974,50020,10004.0,4.77,1.7,17.0,1,3,9,17
producer-1.pitur-265048.isolateedinburgh-pg0.utah.cloudlab.us,2025-08-12T20:14:11.978513164Z,1755029651978,50040,10006.0,4.77,1.7,16.0,1,3,10,15
producer-1.pitur-265048.isolateedinburgh-pg0.utah.cloudlab.us,2025-08-12T20:14:16.983076085Z,1755029656983,50050,10006.0,4.77,1.8,23.0,2,3,9,21
producer-1.pitur-265048.isolateedinburgh-pg0.utah.cloudlab.us,2025-08-12T20:14:21.985150767Z,1755029661985,50020,10004.0,4.77,1.8,18.0,2,3,9,14
producer-1.pitur-265048.isolateedinburgh-pg0.utah.cloudlab.us,2025-08-12T20:14:26.989344977Z,1755029666989,50040,10006.0,4.77,1.8,16.0,2,3,10,15
producer-1.pitur-265048.isolateedinburgh-pg0.utah.cloudlab.us,2025-08-12T20:14:31.993679280Z,1755029671993,50041,10006.2,4.77,1.7,18.0,1,3,9,13
producer-1.pitur-265048.isolateedinburgh-pg0.utah.cloudlab.us,2025-08-12T20:14:36.998995266Z,1755029676998,50059,10009.8,4.77,1.7,20.0,1,3,9,17
producer-1.pitur-265048.isolateedinburgh-pg0.utah.cloudlab.us,2025-08-12T20:14:42.001009533Z,1755029682001,50037,10007.4,4.77,1.8,17.0,2,3,9,15
producer-1.pitur-265048.isolateedinburgh-pg0.utah.cloudlab.us,2025-08-12T20:14:47.003836953Z,1755029687003,50013,10002.6,4.77,1.8,41.0,1,4,9,24
producer-1.pitur-265048.isolateedinburgh-pg0.utah.cloudlab.us,2025-08-12T20:14:52.007254758Z,1755029692007,50031,10004.2,4.77,1.7,14.0,2,3,8,12
producer-1.pitur-265048.isolateedinburgh-pg0.utah.cloudlab.us,2025-08-12T20:14:57.012250855Z,1755029697012,50050,10006.0,4.77,1.7,14.0,2,3,9,13
producer-1.pitur-265048.isolateedinburgh-pg0.utah.cloudlab.us,2025-08-12T20:15:02.015034598Z,1755029702015,50030,10006.0,4.77,1.7,17.0,1,3,8,14
producer-1.pitur-265048.isolateedinburgh-pg0.utah.cloudlab.us,2025-08-12T20:15:07.018947251Z,1755029707018,50040,10008.0,4.77,1.7,21.0,1,3,8,12
producer-1.pitur-265048.isolateedinburgh-pg0.utah.cloudlab.us,2025-08-12T20:15:12.021023479Z,1755029712021,50019,10003.8,4.77,1.8,37.0,1,3,10,35
producer-1.pitur-265048.isolateedinburgh-pg0.utah.cloudlab.us,2025-08-12T20:15:17.024736336Z,1755029717024,50031,10004.2,4.77,1.7,23.0,1,3,7,15
producer-1.pitur-265048.isolateedinburgh-pg0.utah.cloudlab.us,2025-08-12T20:15:22.027935670Z,1755029722027,50040,10008.0,4.77,1.9,28.0,2,4,10,25
producer-1.pitur-265048.isolateedinburgh-pg0.utah.cloudlab.us,2025-08-12T20:15:27.030370601Z,1755029727030,50020,10004.0,4.77,1.7,16.0,1,3,9,14
producer-1.pitur-265048.isolateedinburgh-pg0.utah.cloudlab.us,2025-08-12T20:15:32.033712931Z,1755029732033,50039,10007.8,4.77,1.8,16.0,2,3,10,16
producer-1.pitur-265048.isolateedinburgh-pg0.utah.cloudlab.us,2025-08-12T20:15:37.037094264Z,1755029737037,50031,10004.2,4.77,1.8,22.0,2,4,9,20
producer-1.pitur-265048.isolateedinburgh-pg0.utah.cloudlab.us,2025-08-12T20:15:42.040484195Z,1755029742040,50030,10004.0,4.77,1.9,58.0,1,3,12,54
producer-1.pitur-265048.isolateedinburgh-pg0.utah.cloudlab.us,2025-08-12T20:15:47.044749340Z,1755029747044,50047,10007.4,4.77,1.9,47.0,1,3,10,44
producer-1.pitur-265048.isolateedinburgh-pg0.utah.cloudlab.us,2025-08-12T20:15:52.048031885Z,1755029752048,50032,10006.4,4.77,1.7,24.0,1,3,9,15
producer-1.pitur-265048.isolateedinburgh-pg0.utah.cloudlab.us,2025-08-12T20:15:57.052703758Z,1755029757052,50021,10002.2,4.77,1.7,16.0,1,3,9,15
producer-1.pitur-265048.isolateedinburgh-pg0.utah.cloudlab.us,2025-08-12T20:16:02.057898424Z,1755029762057,50080,10014.0,4.78,1.8,18.0,2,3,9,13
producer-1.pitur-265048.isolateedinburgh-pg0.utah.cloudlab.us,2025-08-12T20:16:07.060508086Z,1755029767060,50020,10004.0,4.77,1.8,19.0,2,3,10,17
producer-1.pitur-265048.isolateedinburgh-pg0.utah.cloudlab.us,2025-08-12T20:16:12.063410133Z,1755029772063,50030,10006.0,4.77,1.7,17.0,1,3,10,15
producer-1.pitur-265048.isolateedinburgh-pg0.utah.cloudlab.us,2025-08-12T20:16:17.067223331Z,1755029777067,50000,9998.0,4.77,1.9,27.0,2,4,9,24
producer-1.pitur-265048.isolateedinburgh-pg0.utah.cloudlab.us,2025-08-12T20:16:22.070771602Z,1755029782070,50080,10016.0,4.78,1.9,16.0,2,4,11,16
producer-1.pitur-265048.isolateedinburgh-pg0.utah.cloudlab.us,2025-08-12T20:16:27.075224119Z,1755029787075,50040,10004.0,4.77,1.8,16.0,2,3,9,15
producer-1.pitur-265048.isolateedinburgh-pg0.utah.cloudlab.us,2025-08-12T20:16:32.078111528Z,1755029792078,50029,10005.8,4.77,1.7,15.0,2,3,8,11
producer-1.pitur-265048.isolateedinburgh-pg0.utah.cloudlab.us,2025-08-12T20:16:37.082182865Z,1755029797082,50031,10004.2,4.77,1.8,17.0,2,3,10,17
producer-1.pitur-265048.isolateedinburgh-pg0.utah.cloudlab.us,2025-08-12T20:16:42.086049621Z,1755029802086,50048,10005.6,4.77,1.7,14.0,1,3,8,13
producer-1.pitur-265048.isolateedinburgh-pg0.utah.cloudlab.us,2025-08-12T20:16:47.091072055Z,1755029807091,50051,10006.2,4.77,1.9,25.0,2,4,10,23
producer-1.pitur-265048.isolateedinburgh-pg0.utah.cloudlab.us,2025-08-12T20:16:52.094098876Z,1755029812094,50030,10004.0,4.77,1.7,15.0,2,3,8,13
producer-1.pitur-265048.isolateedinburgh-pg0.utah.cloudlab.us,2025-08-12T20:16:57.099066198Z,1755029817099,50051,10006.2,4.77,1.7,17.0,1,3,8,16
producer-1.pitur-265048.isolateedinburgh-pg0.utah.cloudlab.us,2025-08-12T20:17:02.101638589Z,1755029822101,50020,10004.0,4.77,1.7,22.0,1,3,9,20
producer-1.pitur-265048.isolateedinburgh-pg0.utah.cloudlab.us,2025-08-12T20:17:07.104595672Z,1755029827104,50030,10006.0,4.77,1.7,15.0,2,3,8,14
producer-1.pitur-265048.isolateedinburgh-pg0.utah.cloudlab.us,2025-08-12T20:17:12.107282147Z,1755029832107,50030,10006.0,4.77,1.7,17.0,1,3,9,15
producer-1.pitur-265048.isolateedinburgh-pg0.utah.cloudlab.us,2025-08-12T20:17:17.112072940Z,1755029837112,50049,10005.8,4.77,1.8,28.0,2,3,10,22
producer-1.pitur-265048.isolateedinburgh-pg0.utah.cloudlab.us,2025-08-12T20:17:22.116041044Z,1755029842116,50040,10004.0,4.77,1.8,18.0,2,3,10,17
producer-1.pitur-265048.isolateedinburgh-pg0.utah.cloudlab.us,2025-08-12T20:17:27.118044241Z,1755029847118,50021,10004.2,4.77,1.8,20.0,2,4,10,18
producer-1.pitur-265048.isolateedinburgh-pg0.utah.cloudlab.us,2025-08-12T20:17:32.122320493Z,1755029852122,50040,10006.0,4.77,1.7,15.0,1,3,7,11
producer-1.pitur-265048.isolateedinburgh-pg0.utah.cloudlab.us,2025-08-12T20:17:37.135082635Z,1755029857135,49950,9970.1,4.75,1.7,14.0,2,3,8,12
producer-1.pitur-265048.isolateedinburgh-pg0.utah.cloudlab.us,2025-08-12T20:17:42.137259512Z,1755029862137,50200,10040.0,4.79,1.7,22.0,1,3,9,15
producer-1.pitur-265048.isolateedinburgh-pg0.utah.cloudlab.us,2025-08-12T20:17:47.141396437Z,1755029867141,49902,9978.4,4.76,1.8,19.0,2,3,9,16
producer-1.pitur-265048.isolateedinburgh-pg0.utah.cloudlab.us,2025-08-12T20:17:52.149895035Z,1755029872149,50058,10001.6,4.77,1.8,18.0,1,3,10,17
producer-1.pitur-265048.isolateedinburgh-pg0.utah.cloudlab.us,2025-08-12T20:17:57.152044145Z,1755029877152,50190,10038.0,4.79,1.8,22.0,2,3,9,14
producer-1.pitur-265048.isolateedinburgh-pg0.utah.cloudlab.us,2025-08-12T20:18:02.154355714Z,1755029882154,50000,10000.0,4.77,1.7,14.0,1,3,8,13
producer-1.pitur-265048.isolateedinburgh-pg0.utah.cloudlab.us,2025-08-12T20:18:07.157407251Z,1755029887157,50050,10010.0,4.77,1.7,18.0,2,3,8,15
producer-1.pitur-265048.isolateedinburgh-pg0.utah.cloudlab.us,2025-08-12T20:18:12.161927472Z,1755029892161,50050,10008.0,4.77,1.7,16.0,2,3,9,15
producer-1.pitur-265048.isolateedinburgh-pg0.utah.cloudlab.us,2025-08-12T20:18:17.167812256Z,1755029897167,50024,9998.8,4.77,1.7,17.0,2,3,8,11
producer-1.pitur-265048.isolateedinburgh-pg0.utah.cloudlab.us,2025-08-12T20:18:22.170124112Z,1755029902170,50046,10007.2,4.77,1.7,17.0,1,3,9,12
producer-1.pitur-265048.isolateedinburgh-pg0.utah.cloudlab.us,2025-08-12T20:18:27.173902958Z,1755029907173,50030,10004.0,4.77,1.8,22.0,2,3,9,18
producer-1.pitur-265048.isolateedinburgh-pg0.utah.cloudlab.us,2025-08-12T20:18:32.176868193Z,1755029912176,50039,10007.8,4.77,1.7,15.0,1,3,7,11
producer-1.pitur-265048.isolateedinburgh-pg0.utah.cloudlab.us,2025-08-12T20:18:37.181590925Z,1755029917181,50051,10008.2,4.77,1.7,18.0,2,3,8,15
producer-1.pitur-265048.isolateedinburgh-pg0.utah.cloudlab.us,2025-08-12T20:18:42.184296277Z,1755029922184,50030,10004.0,4.77,1.8,26.0,2,3,8,24
producer-1.pitur-265048.isolateedinburgh-pg0.utah.cloudlab.us,2025-08-12T20:18:47.187814779Z,1755029927187,50040,10006.0,4.77,1.8,20.0,1,3,10,14
producer-1.pitur-265048.isolateedinburgh-pg0.utah.cloudlab.us,2025-08-12T20:18:52.190585340Z,1755029932190,50019,10003.8,4.77,1.6,17.0,1,3,7,16
producer-1.pitur-265048.isolateedinburgh-pg0.utah.cloudlab.us,2025-08-12T20:18:57.195021367Z,1755029937195,50031,10002.2,4.77,1.7,18.0,1,3,9,16
producer-1.pitur-265048.isolateedinburgh-pg0.utah.cloudlab.us,2025-08-12T20:19:02.200636480Z,1755029942200,49960,9988.0,4.76,1.7,17.0,1,3,9,14
producer-1.pitur-265048.isolateedinburgh-pg0.utah.cloudlab.us,2025-08-12T20:19:07.205669035Z,1755029947205,50160,10030.0,4.78,1.7,20.0,1,3,9,18
producer-1.pitur-265048.isolateedinburgh-pg0.utah.cloudlab.us,2025-08-12T20:19:12.209590016Z,1755029952209,50040,10006.0,4.77,1.7,17.0,1,3,8,13
producer-1.pitur-265048.isolateedinburgh-pg0.utah.cloudlab.us,2025-08-12T20:19:17.213677688Z,1755029957213,50040,10006.0,4.77,1.9,19.0,2,4,10,15
producer-1.pitur-265048.isolateedinburgh-pg0.utah.cloudlab.us,2025-08-12T20:19:22.217683310Z,1755029962217,50049,10007.8,4.77,1.9,29.0,2,4,9,27
producer-1.pitur-265048.isolateedinburgh-pg0.utah.cloudlab.us,2025-08-12T20:19:27.221910147Z,1755029967221,50040,10006.0,4.77,1.8,18.0,2,4,9,17
producer-1.pitur-265048.isolateedinburgh-pg0.utah.cloudlab.us,2025-08-12T20:19:32.226453825Z,1755029972226,50041,10004.2,4.77,1.7,15.0,2,3,9,13
producer-1.pitur-265048.isolateedinburgh-pg0.utah.cloudlab.us,2025-08-12T20:19:37.229542524Z,1755029977229,50030,10006.0,4.77,1.7,18.0,2,3,9,16
producer-1.pitur-265048.isolateedinburgh-pg0.utah.cloudlab.us,2025-08-12T20:19:42.233645556Z,1755029982233,50050,10008.0,4.77,1.8,16.0,2,3,8,12
producer-1.pitur-265048.isolateedinburgh-pg0.utah.cloudlab.us,2025-08-12T20:19:47.239084670Z,1755029987239,50050,10006.0,4.77,1.7,15.0,1,3,10,14
producer-1.pitur-265048.isolateedinburgh-pg0.utah.cloudlab.us,2025-08-12T20:19:52.241035996Z,1755029992241,50010,10002.0,4.77,1.6,16.0,1,2,7,15
producer-1.pitur-265048.isolateedinburgh-pg0.utah.cloudlab.us,2025-08-12T20:19:57.244769269Z,1755029997244,50049,10007.8,4.77,1.7,15.0,1,3,8,12
producer-1.pitur-265048.isolateedinburgh-pg0.utah.cloudlab.us,2025-08-12T20:20:02.247538805Z,1755030002247,50021,10004.2,4.77,1.7,16.0,1,3,9,14
producer-1.pitur-265048.isolateedinburgh-pg0.utah.cloudlab.us,2025-08-12T20:20:07.250924760Z,1755030007250,50039,10007.8,4.77,1.7,18.0,1,3,9,17
producer-1.pitur-265048.isolateedinburgh-pg0.utah.cloudlab.us,2025-08-12T20:20:12.255062084Z,1755030012255,50041,10004.2,4.77,1.7,16.0,1,3,8,11
producer-1.pitur-265048.isolateedinburgh-pg0.utah.cloudlab.us,2025-08-12T20:20:17.257546480Z,1755030017257,50010,10002.0,4.77,1.6,12.0,1,3,7,11
producer-1.pitur-265048.isolateedinburgh-pg0.utah.cloudlab.us,2025-08-12T20:20:22.261913847Z,1755030022261,50060,10010.0,4.77,1.8,15.0,2,3,8,13
producer-1.pitur-265048.isolateedinburgh-pg0.utah.cloudlab.us,2025-08-12T20:20:27.265532479Z,1755030027265,50020,10002.0,4.77,1.8,15.0,2,3,8,12
producer-1.pitur-265048.isolateedinburgh-pg0.utah.cloudlab.us,2025-08-12T20:20:32.270080362Z,1755030032270,50060,10008.0,4.77,1.8,17.0,2,3,10,16
producer-1.pitur-265048.isolateedinburgh-pg0.utah.cloudlab.us,2025-08-12T20:20:37.275885145Z,1755030037275,50030,10002.0,4.77,1.7,15.0,1,3,9,12
producer-1.pitur-265048.isolateedinburgh-pg0.utah.cloudlab.us,2025-08-12T20:20:42.281094362Z,1755030042281,50070,10008.0,4.77,1.7,19.0,1,3,9,13
producer-1.pitur-265048.isolateedinburgh-pg0.utah.cloudlab.us,2025-08-12T20:20:47.284463050Z,1755030047284,50039,10005.8,4.77,1.7,15.0,1,3,8,14
producer-1.pitur-265048.isolateedinburgh-pg0.utah.cloudlab.us,2025-08-12T20:20:52.288533875Z,1755030052288,50041,10006.2,4.77,1.8,22.0,2,3,9,18
producer-1.pitur-265048.isolateedinburgh-pg0.utah.cloudlab.us,2025-08-12T20:20:57.291098417Z,1755030057291,50030,10006.0,4.77,1.7,16.0,1,3,9,15
producer-1.pitur-265048.isolateedinburgh-pg0.utah.cloudlab.us,2025-08-12T20:21:02.293848184Z,1755030062293,50020,10004.0,4.77,1.6,20.0,1,2,7,14
producer-1.pitur-265048.isolateedinburgh-pg0.utah.cloudlab.us,2025-08-12T20:21:07.301638096Z,1755030067301,49909,9973.8,4.76,1.8,20.0,2,3,11,19
