hostname,timestamp_iso,timestamp_ms,records_sent,recs_per_sec,mb_per_sec,avg_latency,max_latency,p50,p95,p99,p999
producer-1.pitur-265048.isolateedinburgh-pg0.utah.cloudlab.us,2025-08-12T20:10:21.880573028Z,1755029421880,49992,9994.4,4.77,8.7,580.0,2,58,77,84
producer-1.pitur-265048.isolateedinburgh-pg0.utah.cloudlab.us,2025-08-12T20:10:26.905216511Z,1755029426905,50240,10048.0,4.79,1.8,32.0,1,4,9,31
producer-1.pitur-265048.isolateedinburgh-pg0.utah.cloudlab.us,2025-08-12T20:10:31.918264813Z,1755029431918,50070,10004.0,4.77,1.6,14.0,1,3,8,12
producer-1.pitur-265048.isolateedinburgh-pg0.utah.cloudlab.us,2025-08-12T20:10:36.924960455Z,1755029436924,50139,10027.8,4.78,1.7,16.0,1,3,9,14
producer-1.pitur-265048.isolateedinburgh-pg0.utah.cloudlab.us,2025-08-12T20:10:41.931001346Z,1755029441930,50051,10008.2,4.77,1.6,18.0,1,3,7,14
producer-1.pitur-265048.isolateedinburgh-pg0.utah.cloudlab.us,2025-08-12T20:10:46.934448776Z,1755029446934,50040,10008.0,4.77,1.7,19.0,1,3,9,12
producer-1.pitur-265048.isolateedinburgh-pg0.utah.cloudlab.us,2025-08-12T20:10:51.938826204Z,1755029451938,49862,9970.4,4.75,1.6,14.0,1,3,8,11
producer-1.pitur-265048.isolateedinburgh-pg0.utah.cloudlab.us,2025-08-12T20:10:56.952941928Z,1755029456952,50327,10063.4,4.80,1.8,60.0,1,3,9,58
producer-1.pitur-265048.isolateedinburgh-pg0.utah.cloudlab.us,2025-08-12T20:11:01.974486122Z,1755029461974,50211,10040.2,4.79,1.7,23.0,1,3,8,13
producer-1.pitur-265048.isolateedinburgh-pg0.utah.cloudlab.us,2025-08-12T20:11:06.980169120Z,1755029466980,50060,10008.0,4.77,1.7,17.0,1,3,9,14
producer-1.pitur-265048.isolateedinburgh-pg0.utah.cloudlab.us,2025-08-12T20:11:11.985236051Z,1755029471985,50050,10008.0,4.77,1.8,18.0,2,3,9,18
producer-1.pitur-265048.isolateedinburgh-pg0.utah.cloudlab.us,2025-08-12T20:11:16.989237882Z,1755029476989,50040,10006.0,4.77,1.7,13.0,1,3,9,13
producer-1.pitur-265048.isolateedinburgh-pg0.utah.cloudlab.us,2025-08-12T20:11:21.995355621Z,1755029481995,50060,10010.0,4.77,1.6,13.0,1,3,8,11
producer-1.pitur-265048.isolateedinburgh-pg0.utah.cloudlab.us,2025-08-12T20:11:26.999296395Z,1755029486999,50039,10007.8,4.77,1.8,44.0,2,3,8,42
producer-1.pitur-265048.isolateedinburgh-pg0.utah.cloudlab.us,2025-08-12T20:11:32.003796651Z,1755029492003,50031,10004.2,4.77,1.7,17.0,1,3,9,16
producer-1.pitur-265048.isolateedinburgh-pg0.utah.cloudlab.us,2025-08-12T20:11:37.011846081Z,1755029497011,50099,10017.8,4.78,1.8,19.0,2,3,9,16
producer-1.pitur-265048.isolateedinburgh-pg0.utah.cloudlab.us,2025-08-12T20:11:42.015989528Z,1755029502015,50041,10006.2,4.77,1.6,15.0,1,3,7,13
producer-1.pitur-265048.isolateedinburgh-pg0.utah.cloudlab.us,2025-08-12T20:11:47.021148094Z,1755029507021,50050,10006.0,4.77,1.6,17.0,1,3,7,13
producer-1.pitur-265048.isolateedinburgh-pg0.utah.cloudlab.us,2025-08-12T20:11:52.024536608Z,1755029512024,50030,10006.0,4.77,1.6,14.0,1,2,8,12
producer-1.pitur-265048.isolateedinburgh-pg0.utah.cloudlab.us,2025-08-12T20:11:57.028811895Z,1755029517028,50048,10007.6,4.77,1.7,17.0,1,3,9,16
producer-1.pitur-265048.isolateedinburgh-pg0.utah.cloudlab.us,2025-08-12T20:12:02.033116650Z,1755029522033,50041,10008.2,4.77,1.8,27.0,1,3,9,26
producer-1.pitur-265048.isolateedinburgh-pg0.utah.cloudlab.us,2025-08-12T20:12:07.038670258Z,1755029527038,50051,10008.2,4.77,1.7,15.0,1,2,8,14
producer-1.pitur-265048.isolateedinburgh-pg0.utah.cloudlab.us,2025-08-12T20:12:12.042731789Z,1755029532042,50039,10007.8,4.77,1.6,15.0,1,3,8,11
producer-1.pitur-265048.isolateedinburgh-pg0.utah.cloudlab.us,2025-08-12T20:12:17.047226198Z,1755029537047,50051,10008.2,4.77,1.7,14.0,1,3,8,12
producer-1.pitur-265048.isolateedinburgh-pg0.utah.cloudlab.us,2025-08-12T20:12:22.051489655Z,1755029542051,50040,10006.0,4.77,1.8,16.0,2,3,10,14
producer-1.pitur-265048.isolateedinburgh-pg0.utah.cloudlab.us,2025-08-12T20:12:27.058982501Z,1755029547058,50010,9994.0,4.77,1.7,15.0,1,3,8,12
producer-1.pitur-265048.isolateedinburgh-pg0.utah.cloudlab.us,2025-08-12T20:12:32.063292943Z,1755029552063,50109,10021.8,4.78,1.7,17.0,1,3,9,16
producer-1.pitur-265048.isolateedinburgh-pg0.utah.cloudlab.us,2025-08-12T20:12:37.066897149Z,1755029557066,50041,10008.2,4.77,1.7,16.0,1,3,7,13
producer-1.pitur-265048.isolateedinburgh-pg0.utah.cloudlab.us,2025-08-12T20:12:42.069448468Z,1755029562069,50020,10004.0,4.77,1.7,17.0,2,3,7,14
producer-1.pitur-265048.isolateedinburgh-pg0.utah.cloudlab.us,2025-08-12T20:12:47.072099073Z,1755029567072,50000,10000.0,4.77,1.7,16.0,1,3,8,12
producer-1.pitur-265048.isolateedinburgh-pg0.utah.cloudlab.us,2025-08-12T20:12:52.076906472Z,1755029572076,50069,10011.8,4.77,1.8,18.0,2,4,8,13
producer-1.pitur-265048.isolateedinburgh-pg0.utah.cloudlab.us,2025-08-12T20:12:57.080745252Z,1755029577080,50050,10008.0,4.77,1.7,16.0,1,3,8,12
producer-1.pitur-265048.isolateedinburgh-pg0.utah.cloudlab.us,2025-08-12T20:13:02.084019453Z,1755029582084,50031,10004.2,4.77,1.7,17.0,2,3,9,16
producer-1.pitur-265048.isolateedinburgh-pg0.utah.cloudlab.us,2025-08-12T20:13:07.086763531Z,1755029587086,50029,10005.8,4.77,1.7,18.0,2,3,8,14
producer-1.pitur-265048.isolateedinburgh-pg0.utah.cloudlab.us,2025-08-12T20:13:12.089446449Z,1755029592089,50020,10004.0,4.77,1.8,23.0,2,3,8,20
producer-1.pitur-265048.isolateedinburgh-pg0.utah.cloudlab.us,2025-08-12T20:13:17.092167114Z,1755029597092,50031,10006.2,4.77,1.8,17.0,2,4,9,13
producer-1.pitur-265048.isolateedinburgh-pg0.utah.cloudlab.us,2025-08-12T20:13:22.096645222Z,1755029602096,50040,10006.0,4.77,1.7,17.0,1,3,9,15
producer-1.pitur-265048.isolateedinburgh-pg0.utah.cloudlab.us,2025-08-12T20:13:27.100433952Z,1755029607100,50039,10005.8,4.77,1.8,17.0,2,3,10,16
producer-1.pitur-265048.isolateedinburgh-pg0.utah.cloudlab.us,2025-08-12T20:13:32.103470Z,1755029612103,50031,10004.2,4.77,1.7,16.0,1,3,9,15
producer-1.pitur-265048.isolateedinburgh-pg0.utah.cloudlab.us,2025-08-12T20:13:37.107942502Z,1755029617107,50050,10008.0,4.77,1.6,15.0,1,2,8,14
producer-1.pitur-265048.isolateedinburgh-pg0.utah.cloudlab.us,2025-08-12T20:13:42.110094218Z,1755029622110,50020,10004.0,4.77,1.7,19.0,1,3,9,16
producer-1.pitur-265048.isolateedinburgh-pg0.utah.cloudlab.us,2025-08-12T20:13:47.114960194Z,1755029627114,50049,10007.8,4.77,1.8,17.0,2,4,9,13
producer-1.pitur-265048.isolateedinburgh-pg0.utah.cloudlab.us,2025-08-12T20:13:52.120572490Z,1755029632120,50061,10010.2,4.77,1.7,17.0,1,3,8,14
producer-1.pitur-265048.isolateedinburgh-pg0.utah.cloudlab.us,2025-08-12T20:13:57.124408868Z,1755029637124,50032,10004.4,4.77,1.6,14.0,1,3,8,13
producer-1.pitur-265048.isolateedinburgh-pg0.utah.cloudlab.us,2025-08-12T20:14:02.126214124Z,1755029642126,50017,10003.4,4.77,1.8,14.0,2,4,9,14
producer-1.pitur-265048.isolateedinburgh-pg0.utah.cloudlab.us,2025-08-12T20:14:07.129097665Z,1755029647129,50031,10006.2,4.77,1.6,15.0,1,3,7,13
producer-1.pitur-265048.isolateedinburgh-pg0.utah.cloudlab.us,2025-08-12T20:14:12.133051352Z,1755029652133,50040,10004.0,4.77,1.7,17.0,1,3,8,10
producer-1.pitur-265048.isolateedinburgh-pg0.utah.cloudlab.us,2025-08-12T20:14:17.135879235Z,1755029657135,50030,10006.0,4.77,1.8,22.0,1,3,9,19
producer-1.pitur-265048.isolateedinburgh-pg0.utah.cloudlab.us,2025-08-12T20:14:22.138034074Z,1755029662138,50020,10004.0,4.77,1.7,16.0,1,3,8,15
producer-1.pitur-265048.isolateedinburgh-pg0.utah.cloudlab.us,2025-08-12T20:14:27.141285717Z,1755029667141,50030,10006.0,4.77,1.8,16.0,2,3,10,14
producer-1.pitur-265048.isolateedinburgh-pg0.utah.cloudlab.us,2025-08-12T20:14:32.144593979Z,1755029672144,50030,10006.0,4.77,1.7,19.0,1,3,10,15
producer-1.pitur-265048.isolateedinburgh-pg0.utah.cloudlab.us,2025-08-12T20:14:37.148976141Z,1755029677148,50050,10010.0,4.77,1.9,21.0,2,4,9,16
producer-1.pitur-265048.isolateedinburgh-pg0.utah.cloudlab.us,2025-08-12T20:14:42.151422402Z,1755029682151,50020,10004.0,4.77,1.8,23.0,2,3,10,22
producer-1.pitur-265048.isolateedinburgh-pg0.utah.cloudlab.us,2025-08-12T20:14:47.155282371Z,1755029687155,50040,10006.0,4.77,1.8,44.0,1,3,9,42
producer-1.pitur-265048.isolateedinburgh-pg0.utah.cloudlab.us,2025-08-12T20:14:52.158367828Z,1755029692158,50030,10006.0,4.77,1.8,15.0,1,3,9,13
producer-1.pitur-265048.isolateedinburgh-pg0.utah.cloudlab.us,2025-08-12T20:14:57.162866949Z,1755029697162,50050,10008.0,4.77,1.8,16.0,2,3,9,15
producer-1.pitur-265048.isolateedinburgh-pg0.utah.cloudlab.us,2025-08-12T20:15:02.165801088Z,1755029702165,50030,10006.0,4.77,1.7,20.0,1,3,9,15
producer-1.pitur-265048.isolateedinburgh-pg0.utah.cloudlab.us,2025-08-12T20:15:07.169558111Z,1755029707169,50020,10002.0,4.77,1.7,16.0,1,3,8,15
producer-1.pitur-265048.isolateedinburgh-pg0.utah.cloudlab.us,2025-08-12T20:15:12.174047808Z,1755029712174,50050,10006.0,4.77,1.9,47.0,2,3,10,47
producer-1.pitur-265048.isolateedinburgh-pg0.utah.cloudlab.us,2025-08-12T20:15:17.177904924Z,1755029717177,50050,10010.0,4.77,1.7,21.0,1,3,9,15
producer-1.pitur-265048.isolateedinburgh-pg0.utah.cloudlab.us,2025-08-12T20:15:22.181343889Z,1755029722181,50020,10004.0,4.77,1.8,26.0,1,3,9,23
producer-1.pitur-265048.isolateedinburgh-pg0.utah.cloudlab.us,2025-08-12T20:15:27.183795390Z,1755029727183,50040,10008.0,4.77,1.7,19.0,1,3,9,13
producer-1.pitur-265048.isolateedinburgh-pg0.utah.cloudlab.us,2025-08-12T20:15:32.185384817Z,1755029732185,50000,10000.0,4.77,1.8,18.0,2,3,9,18
producer-1.pitur-265048.isolateedinburgh-pg0.utah.cloudlab.us,2025-08-12T20:15:37.187184447Z,1755029737187,50030,10006.0,4.77,1.7,25.0,1,3,10,20
producer-1.pitur-265048.isolateedinburgh-pg0.utah.cloudlab.us,2025-08-12T20:15:42.190508249Z,1755029742190,50030,10004.0,4.77,1.9,53.0,2,3,10,52
producer-1.pitur-265048.isolateedinburgh-pg0.utah.cloudlab.us,2025-08-12T20:15:47.195891228Z,1755029747195,50059,10009.8,4.77,1.8,22.0,1,3,10,19
producer-1.pitur-265048.isolateedinburgh-pg0.utah.cloudlab.us,2025-08-12T20:15:52.200864675Z,1755029752200,50041,10006.2,4.77,1.7,23.0,1,3,8,20
producer-1.pitur-265048.isolateedinburgh-pg0.utah.cloudlab.us,2025-08-12T20:15:57.204648201Z,1755029757204,50041,10006.2,4.77,1.7,16.0,1,3,9,15
producer-1.pitur-265048.isolateedinburgh-pg0.utah.cloudlab.us,2025-08-12T20:16:02.207381809Z,1755029762207,50029,10005.8,4.77,1.8,18.0,2,4,9,16
producer-1.pitur-265048.isolateedinburgh-pg0.utah.cloudlab.us,2025-08-12T20:16:07.210448187Z,1755029767210,50030,10004.0,4.77,1.9,22.0,2,3,10,19
producer-1.pitur-265048.isolateedinburgh-pg0.utah.cloudlab.us,2025-08-12T20:16:12.214598927Z,1755029772214,50040,10006.0,4.77,1.7,16.0,1,3,9,15
producer-1.pitur-265048.isolateedinburgh-pg0.utah.cloudlab.us,2025-08-12T20:16:17.216335954Z,1755029777216,50020,10004.0,4.77,1.7,29.0,1,3,7,27
producer-1.pitur-265048.isolateedinburgh-pg0.utah.cloudlab.us,2025-08-12T20:16:22.220024048Z,1755029782220,50040,10004.0,4.77,1.7,18.0,2,3,9,14
producer-1.pitur-265048.isolateedinburgh-pg0.utah.cloudlab.us,2025-08-12T20:16:27.223624545Z,1755029787223,50030,10006.0,4.77,1.8,17.0,1,3,9,16
producer-1.pitur-265048.isolateedinburgh-pg0.utah.cloudlab.us,2025-08-12T20:16:32.228719406Z,1755029792228,50050,10008.0,4.77,1.7,16.0,2,3,8,13
producer-1.pitur-265048.isolateedinburgh-pg0.utah.cloudlab.us,2025-08-12T20:16:37.232803545Z,1755029797232,49987,9995.4,4.77,1.7,17.0,1,3,9,15
producer-1.pitur-265048.isolateedinburgh-pg0.utah.cloudlab.us,2025-08-12T20:16:42.236645478Z,1755029802236,50093,10016.6,4.78,1.6,17.0,1,2,7,13
producer-1.pitur-265048.isolateedinburgh-pg0.utah.cloudlab.us,2025-08-12T20:16:47.240155662Z,1755029807240,50039,10005.8,4.77,1.7,15.0,1,3,8,14
producer-1.pitur-265048.isolateedinburgh-pg0.utah.cloudlab.us,2025-08-12T20:16:52.244951883Z,1755029812244,50051,10008.2,4.77,1.7,17.0,2,3,8,13
producer-1.pitur-265048.isolateedinburgh-pg0.utah.cloudlab.us,2025-08-12T20:16:57.248685891Z,1755029817248,50039,10005.8,4.77,1.8,32.0,2,3,10,29
producer-1.pitur-265048.isolateedinburgh-pg0.utah.cloudlab.us,2025-08-12T20:17:02.251378476Z,1755029822251,50021,10004.2,4.77,1.7,16.0,2,3,8,15
producer-1.pitur-265048.isolateedinburgh-pg0.utah.cloudlab.us,2025-08-12T20:17:07.255108201Z,1755029827255,50033,10004.6,4.77,1.8,19.0,2,3,9,15
producer-1.pitur-265048.isolateedinburgh-pg0.utah.cloudlab.us,2025-08-12T20:17:12.259043490Z,1755029832259,50047,10007.4,4.77,1.7,18.0,1,3,9,18
producer-1.pitur-265048.isolateedinburgh-pg0.utah.cloudlab.us,2025-08-12T20:17:17.261958847Z,1755029837261,50030,10006.0,4.77,1.7,28.0,2,3,8,18
producer-1.pitur-265048.isolateedinburgh-pg0.utah.cloudlab.us,2025-08-12T20:17:22.264720800Z,1755029842264,50029,10005.8,4.77,1.7,16.0,1,3,9,16
producer-1.pitur-265048.isolateedinburgh-pg0.utah.cloudlab.us,2025-08-12T20:17:27.270661981Z,1755029847270,50031,10002.2,4.77,1.8,18.0,2,3,8,15
producer-1.pitur-265048.isolateedinburgh-pg0.utah.cloudlab.us,2025-08-12T20:17:32.273498909Z,1755029852273,50050,10010.0,4.77,1.8,16.0,2,3,9,14
producer-1.pitur-265048.isolateedinburgh-pg0.utah.cloudlab.us,2025-08-12T20:17:37.275499923Z,1755029857275,50020,10004.0,4.77,1.7,21.0,1,3,8,13
producer-1.pitur-265048.isolateedinburgh-pg0.utah.cloudlab.us,2025-08-12T20:17:42.280840361Z,1755029862280,50056,10009.2,4.77,1.7,16.0,1,3,9,12
producer-1.pitur-265048.isolateedinburgh-pg0.utah.cloudlab.us,2025-08-12T20:17:47.283444656Z,1755029867283,50024,10004.8,4.77,1.7,16.0,1,3,9,14
producer-1.pitur-265048.isolateedinburgh-pg0.utah.cloudlab.us,2025-08-12T20:17:52.286566910Z,1755029872286,50030,10004.0,4.77,1.7,15.0,1,3,9,14
producer-1.pitur-265048.isolateedinburgh-pg0.utah.cloudlab.us,2025-08-12T20:17:57.289147903Z,1755029877289,50020,10004.0,4.77,1.7,18.0,2,3,8,15
producer-1.pitur-265048.isolateedinburgh-pg0.utah.cloudlab.us,2025-08-12T20:18:02.292170228Z,1755029882292,50040,10006.0,4.77,1.7,16.0,2,3,8,14
producer-1.pitur-265048.isolateedinburgh-pg0.utah.cloudlab.us,2025-08-12T20:18:07.296857092Z,1755029887296,50020,10000.0,4.77,1.7,19.0,1,3,9,15
producer-1.pitur-265048.isolateedinburgh-pg0.utah.cloudlab.us,2025-08-12T20:18:12.299026575Z,1755029892299,50050,10008.0,4.77,1.7,22.0,1,3,8,20
producer-1.pitur-265048.isolateedinburgh-pg0.utah.cloudlab.us,2025-08-12T20:18:17.301330375Z,1755029897301,50020,10004.0,4.77,1.6,16.0,1,3,8,14
producer-1.pitur-265048.isolateedinburgh-pg0.utah.cloudlab.us,2025-08-12T20:18:22.304235912Z,1755029902304,50030,10006.0,4.77,1.7,18.0,1,3,8,16
producer-1.pitur-265048.isolateedinburgh-pg0.utah.cloudlab.us,2025-08-12T20:18:27.307118302Z,1755029907307,50030,10004.0,4.77,1.8,15.0,1,3,10,15
producer-1.pitur-265048.isolateedinburgh-pg0.utah.cloudlab.us,2025-08-12T20:18:32.309749381Z,1755029912309,50030,10006.0,4.77,1.6,14.0,1,2,7,11
producer-1.pitur-265048.isolateedinburgh-pg0.utah.cloudlab.us,2025-08-12T20:18:37.313391394Z,1755029917313,50030,10004.0,4.77,1.7,18.0,1,3,9,16
producer-1.pitur-265048.isolateedinburgh-pg0.utah.cloudlab.us,2025-08-12T20:18:42.316172090Z,1755029922316,49959,9989.8,4.76,1.8,29.0,2,3,9,22
producer-1.pitur-265048.isolateedinburgh-pg0.utah.cloudlab.us,2025-08-12T20:18:47.325604680Z,1755029927325,50071,10002.2,4.77,1.8,19.0,2,3,10,15
producer-1.pitur-265048.isolateedinburgh-pg0.utah.cloudlab.us,2025-08-12T20:18:52.328009166Z,1755029932328,50129,10025.8,4.78,1.8,19.0,1,3,9,13
producer-1.pitur-265048.isolateedinburgh-pg0.utah.cloudlab.us,2025-08-12T20:18:57.332560366Z,1755029937332,50031,10004.2,4.77,1.7,24.0,1,3,9,22
producer-1.pitur-265048.isolateedinburgh-pg0.utah.cloudlab.us,2025-08-12T20:19:02.335235662Z,1755029942335,50030,10006.0,4.77,1.7,14.0,1,3,8,13
producer-1.pitur-265048.isolateedinburgh-pg0.utah.cloudlab.us,2025-08-12T20:19:07.337766693Z,1755029947337,50030,10006.0,4.77,1.7,14.0,2,3,8,12
producer-1.pitur-265048.isolateedinburgh-pg0.utah.cloudlab.us,2025-08-12T20:19:12.342017192Z,1755029952342,50030,10002.0,4.77,1.7,18.0,2,3,7,11
producer-1.pitur-265048.isolateedinburgh-pg0.utah.cloudlab.us,2025-08-12T20:19:17.347521486Z,1755029957347,50038,10003.6,4.77,1.7,19.0,1,3,10,18
producer-1.pitur-265048.isolateedinburgh-pg0.utah.cloudlab.us,2025-08-12T20:19:22.352867813Z,1755029962352,50081,10014.2,4.78,1.9,26.0,2,4,9,24
producer-1.pitur-265048.isolateedinburgh-pg0.utah.cloudlab.us,2025-08-12T20:19:27.355678672Z,1755029967355,50020,10004.0,4.77,1.9,16.0,2,4,10,15
producer-1.pitur-265048.isolateedinburgh-pg0.utah.cloudlab.us,2025-08-12T20:19:32.358820725Z,1755029972358,50041,10008.2,4.77,1.7,14.0,1,3,7,11
producer-1.pitur-265048.isolateedinburgh-pg0.utah.cloudlab.us,2025-08-12T20:19:37.362034780Z,1755029977362,50030,10004.0,4.77,1.8,17.0,1,4,9,14
producer-1.pitur-265048.isolateedinburgh-pg0.utah.cloudlab.us,2025-08-12T20:19:42.364648712Z,1755029982364,50020,10004.0,4.77,1.7,12.0,1,3,7,11
producer-1.pitur-265048.isolateedinburgh-pg0.utah.cloudlab.us,2025-08-12T20:19:47.369626312Z,1755029987369,50050,10008.0,4.77,1.8,16.0,1,3,10,12
producer-1.pitur-265048.isolateedinburgh-pg0.utah.cloudlab.us,2025-08-12T20:19:52.372059631Z,1755029992372,50030,10006.0,4.77,1.7,15.0,2,3,8,13
producer-1.pitur-265048.isolateedinburgh-pg0.utah.cloudlab.us,2025-08-12T20:19:57.375162323Z,1755029997375,50020,10002.0,4.77,1.8,15.0,1,3,9,13
producer-1.pitur-265048.isolateedinburgh-pg0.utah.cloudlab.us,2025-08-12T20:20:02.378902532Z,1755030002378,50049,10009.8,4.77,1.8,16.0,2,4,9,14
producer-1.pitur-265048.isolateedinburgh-pg0.utah.cloudlab.us,2025-08-12T20:20:07.382068910Z,1755030007382,50031,10004.2,4.77,1.7,15.0,1,3,8,14
producer-1.pitur-265048.isolateedinburgh-pg0.utah.cloudlab.us,2025-08-12T20:20:12.385711257Z,1755030012385,50038,10007.6,4.77,1.8,20.0,2,4,10,19
producer-1.pitur-265048.isolateedinburgh-pg0.utah.cloudlab.us,2025-08-12T20:20:17.388668756Z,1755030017388,50022,10004.4,4.77,1.8,17.0,2,3,8,16
producer-1.pitur-265048.isolateedinburgh-pg0.utah.cloudlab.us,2025-08-12T20:20:22.392378274Z,1755030022392,50040,10008.0,4.77,1.7,16.0,2,3,8,14
producer-1.pitur-265048.isolateedinburgh-pg0.utah.cloudlab.us,2025-08-12T20:20:27.394655790Z,1755030027394,50021,10004.2,4.77,1.7,19.0,1,3,8,12
producer-1.pitur-265048.isolateedinburgh-pg0.utah.cloudlab.us,2025-08-12T20:20:32.398783675Z,1755030032398,50047,10007.4,4.77,1.7,15.0,2,3,8,15
producer-1.pitur-265048.isolateedinburgh-pg0.utah.cloudlab.us,2025-08-12T20:20:37.402227262Z,1755030037402,50032,10004.4,4.77,1.7,16.0,1,3,8,12
producer-1.pitur-265048.isolateedinburgh-pg0.utah.cloudlab.us,2025-08-12T20:20:42.405110143Z,1755030042405,50030,10006.0,4.77,1.7,16.0,1,3,8,15
producer-1.pitur-265048.isolateedinburgh-pg0.utah.cloudlab.us,2025-08-12T20:20:47.408792421Z,1755030047408,50040,10008.0,4.77,1.7,17.0,1,3,9,13
producer-1.pitur-265048.isolateedinburgh-pg0.utah.cloudlab.us,2025-08-12T20:20:52.426679252Z,1755030052426,50000,9972.1,4.76,1.7,19.0,1,3,8,17
producer-1.pitur-265048.isolateedinburgh-pg0.utah.cloudlab.us,2025-08-12T20:20:57.430729891Z,1755030057430,50210,10042.0,4.79,1.7,24.0,1,3,9,12
producer-1.pitur-265048.isolateedinburgh-pg0.utah.cloudlab.us,2025-08-12T20:21:02.435727014Z,1755030062435,50010,9998.0,4.77,1.6,18.0,1,3,7,13
producer-1.pitur-265048.isolateedinburgh-pg0.utah.cloudlab.us,2025-08-12T20:21:07.440049075Z,1755030067440,50080,10012.0,4.77,1.9,21.0,2,4,10,18
